#pragma once
#include <cstdint>

namespace RB::Graphics
{
    inline static const uint32_t SmaaAreaTexWidth = 160;
    inline static const uint32_t SmaaAreaTexHeight = 560;

    // Compressed to BC5 format with the TextureConverter tool
    // Original image data retrieved from: https://github.com/iryoku/smaa)
    inline static const uint8_t SmaaAreaTexData[] =
    {
        0x00, 0x05, 0x00, 0x00, 0x00, 0x00, 0x00, 0x00, 0x00, 0x05, 0x00, 0x00,
        0x00, 0x00, 0x00, 0x00, 0x00, 0x05, 0x00, 0x00, 0x00, 0x00, 0x00, 0x00,
        0x00, 0x05, 0x00, 0x00, 0x00, 0x00, 0x00, 0x00, 0x00, 0x05, 0x00, 0x00,
        0x00, 0x00, 0x00, 0x00, 0x72, 0x00, 0x4E, 0xC2, 0x24, 0x4A, 0x82, 0x26,
        0x00, 0x05, 0x00, 0x00, 0x00, 0x00, 0x00, 0x00, 0x00, 0x05, 0x00, 0x00,
        0x00, 0x00, 0x00, 0x00, 0x00, 0x05, 0x00, 0x00, 0x00, 0x00, 0x00, 0x00,
        0x00, 0x05, 0x00, 0x00, 0x00, 0x00, 0x00, 0x00, 0x00, 0x05, 0x00, 0x00,
        0x00, 0x00, 0x00, 0x00, 0x00, 0x05, 0x00, 0x00, 0x00, 0x00, 0x00, 0x00,
        0x72, 0x00, 0x4E, 0xC2, 0x24, 0x4A, 0x82, 0x26, 0x00, 0x05, 0x00, 0x00,
        0x00, 0x00, 0x00, 0x00, 0x00, 0x05, 0x00, 0x00, 0x00, 0x00, 0x00, 0x00,
        0x00, 0x05, 0x00, 0x00, 0x00, 0x00, 0x00, 0x00, 0x00, 0x05, 0x00, 0x00,
        0x00, 0x00, 0x00, 0x00, 0x00, 0x05, 0x00, 0x00, 0x00, 0x00, 0x00, 0x00,
        0x00, 0x05, 0x00, 0x00, 0x00, 0x00, 0x00, 0x00, 0x00, 0x05, 0x00, 0x00,
        0x00, 0x00, 0x00, 0x00, 0x40, 0x45, 0xD8, 0xA6, 0x6D, 0xDA, 0xB6, 0x6D,
        0x3D, 0x42, 0x00, 0x00, 0x00, 0x00, 0x00, 0x00, 0x42, 0x47, 0x00, 0x00,
        0x00, 0x00, 0x00, 0x00, 0x3D, 0x42, 0x00, 0x00, 0x00, 0x00, 0x00, 0x00,
        0x72, 0x42, 0x49, 0x92, 0xEC, 0x89, 0x9C, 0xA0, 0x7B, 0x06, 0x2D, 0xD6,
        0xBA, 0x6D, 0xDE, 0xE6, 0x4D, 0x42, 0x49, 0xF2, 0x3F, 0xEC, 0x8F, 0xD5,
        0x4B, 0x1D, 0x80, 0x44, 0x92, 0x77, 0x9B, 0xDB, 0x42, 0x47, 0x00, 0x00,
        0x00, 0x92, 0xB0, 0x4D, 0x44, 0x2D, 0x00, 0x40, 0x6E, 0x76, 0x9B, 0xDF,
        0x04, 0x37, 0x68, 0xE2, 0xB1, 0xD6, 0x68, 0x68, 0x7F, 0x3D, 0x48, 0xD2,
        0x27, 0xF3, 0x33, 0xFF, 0x3B, 0x1F, 0x00, 0x40, 0x6E, 0x76, 0x99, 0xDB,
        0x3D, 0x42, 0x00, 0x20, 0x49, 0xDC, 0x96, 0x92, 0x42, 0x2B, 0x1B, 0x50,
        0x02, 0x36, 0x90, 0x03, 0x3D, 0x7F, 0x40, 0x00, 0x00, 0x00, 0x00, 0x00,
        0x42, 0x47, 0x00, 0x00, 0x00, 0x00, 0x00, 0x00, 0x3D, 0x42, 0x00, 0x00,
        0x00, 0x00, 0x00, 0x00, 0x42, 0x47, 0x00, 0x00, 0x00, 0x00, 0x00, 0x00,
        0x3D, 0x42, 0x00, 0x00, 0x00, 0x00, 0x00, 0x00, 0x00, 0x05, 0x00, 0x00,
        0x00, 0x00, 0x00, 0x00, 0x00, 0x05, 0x00, 0x00, 0x00, 0x00, 0x00, 0x00,
        0x00, 0x05, 0x00, 0x00, 0x00, 0x00, 0x00, 0x00, 0x00, 0x05, 0x00, 0x00,
        0x00, 0x00, 0x00, 0x00, 0x00, 0x05, 0x00, 0x00, 0x00, 0x00, 0x00, 0x00,
        0x78, 0x00, 0x4C, 0xA2, 0x24, 0x68, 0x02, 0x26, 0x00, 0x05, 0x00, 0x00,
        0x00, 0x00, 0x00, 0x00, 0x00, 0x05, 0x00, 0x00, 0x00, 0x00, 0x00, 0x00,
        0x00, 0x05, 0x00, 0x00, 0x00, 0x00, 0x00, 0x00, 0x00, 0x05, 0x00, 0x00,
        0x00, 0x00, 0x00, 0x00, 0x00, 0x05, 0x00, 0x00, 0x00, 0x00, 0x00, 0x00,
        0x00, 0x05, 0x00, 0x00, 0x00, 0x00, 0x00, 0x00, 0x78, 0x00, 0x4C, 0xA2,
        0x24, 0x68, 0x02, 0x26, 0x00, 0x05, 0x00, 0x00, 0x00, 0x00, 0x00, 0x00,
        0x00, 0x05, 0x00, 0x00, 0x00, 0x00, 0x00, 0x00, 0x00, 0x05, 0x00, 0x00,
        0x00, 0x00, 0x00, 0x00, 0x00, 0x05, 0x00, 0x00, 0x00, 0x00, 0x00, 0x00,
        0x00, 0x05, 0x00, 0x00, 0x00, 0x00, 0x00, 0x00, 0x00, 0x05, 0x00, 0x00,
        0x00, 0x00, 0x00, 0x00, 0x00, 0x05, 0x00, 0x00, 0x00, 0x00, 0x00, 0x00,
        0x41, 0x46, 0x90, 0x04, 0x49, 0x92, 0x04, 0x49, 0x3D, 0x42, 0x00, 0x00,
        0x00, 0x00, 0x00, 0x00, 0x42, 0x47, 0x00, 0x00, 0x00, 0x00, 0x00, 0x00,
        0x3D, 0x42, 0x00, 0x00, 0x00, 0x00, 0x00, 0x00, 0x75, 0x42, 0x09, 0x9F,
        0xC8, 0x09, 0x9A, 0xA0, 0x3D, 0x03, 0x00, 0x07, 0xBC, 0x40, 0x0C, 0xE4,
        0x51, 0x42, 0x4F, 0x52, 0xFF, 0xAB, 0x8F, 0xD5, 0x3A, 0x17, 0x12, 0x50,
        0x6E, 0x77, 0x99, 0xBB, 0x42, 0x47, 0x00, 0x20, 0x09, 0xDB, 0x54, 0x6E,
        0x3C, 0x28, 0x00, 0x40, 0x6E, 0x6E, 0x99, 0xDB, 0x07, 0x29, 0x5E, 0x63,
        0xB1, 0xC6, 0x68, 0x68, 0x70, 0x3F, 0x7C, 0x22, 0x3F, 0xE8, 0x8F, 0xFA,
        0x34, 0x1B, 0x13, 0x50, 0x6E, 0x6F, 0x99, 0xBB, 0x45, 0x3E, 0x49, 0xE2,
        0xFF, 0xAC, 0x8D, 0xB1, 0x42, 0x27, 0x24, 0xE0, 0x02, 0x37, 0x90, 0x03,
        0x3D, 0x42, 0x12, 0x30, 0x01, 0x1B, 0x40, 0x02, 0x42, 0x47, 0x00, 0x00,
        0x00, 0x00, 0x00, 0x00, 0x3D, 0x42, 0x00, 0x00, 0x00, 0x00, 0x00, 0x00,
        0x42, 0x47, 0x00, 0x00, 0x00, 0x00, 0x00, 0x00, 0x3D, 0x42, 0x00, 0x00,
        0x00, 0x00, 0x00, 0x00, 0x00, 0x05, 0x00, 0x00, 0x00, 0x00, 0x00, 0x00,
        0x00, 0x05, 0x00, 0x00, 0x00, 0x00, 0x00, 0x00, 0x00, 0x05, 0x00, 0x00,
        0x00, 0x00, 0x00, 0x00, 0x00, 0x05, 0x00, 0x00, 0x00, 0x00, 0x00, 0x00,
        0x00, 0x05, 0x00, 0x00, 0x00, 0x00, 0x00, 0x00, 0x7C, 0x00, 0x60, 0x82,
        0x39, 0x50, 0x03, 0xF1, 0x00, 0x05, 0x00, 0x00, 0x00, 0x00, 0x00, 0x00,
        0x00, 0x05, 0x00, 0x00, 0x00, 0x00, 0x00, 0x00, 0x00, 0x05, 0x00, 0x00,
        0x00, 0x00, 0x00, 0x00, 0x00, 0x05, 0x00, 0x00, 0x00, 0x00, 0x00, 0x00,
        0x00, 0x05, 0x00, 0x00, 0x00, 0x00, 0x00, 0x00, 0x00, 0x05, 0x00, 0x00,
        0x00, 0x00, 0x00, 0x00, 0x7C, 0x00, 0x60, 0x82, 0x39, 0x50, 0x03, 0xF1,
        0x00, 0x05, 0x00, 0x00, 0x00, 0x00, 0x00, 0x00, 0x00, 0x05, 0x00, 0x00,
        0x00, 0x00, 0x00, 0x00, 0x00, 0x05, 0x00, 0x00, 0x00, 0x00, 0x00, 0x00,
        0x00, 0x05, 0x00, 0x00, 0x00, 0x00, 0x00, 0x00, 0x00, 0x05, 0x00, 0x00,
        0x00, 0x00, 0x00, 0x00, 0x00, 0x05, 0x00, 0x00, 0x00, 0x00, 0x00, 0x00,
        0x00, 0x05, 0x00, 0x00, 0x00, 0x00, 0x00, 0x00, 0x41, 0x46, 0x90, 0x04,
        0x49, 0x90, 0x04, 0x49, 0x3D, 0x42, 0x00, 0x00, 0x00, 0x00, 0x00, 0x00,
        0x42, 0x47, 0x00, 0x00, 0x00, 0x00, 0x00, 0x00, 0x3D, 0x42, 0x00, 0x00,
        0x00, 0x00, 0x00, 0x00, 0x79, 0x42, 0x09, 0x9A, 0x80, 0x09, 0x98, 0x80,
        0x3D, 0x01, 0x40, 0x0C, 0xE4, 0x40, 0x0E, 0xE4, 0x5A, 0x47, 0xF4, 0xB3,
        0xFA, 0xA2, 0x8D, 0xD5, 0x25, 0x0D, 0x9D, 0xE0, 0x4E, 0x37, 0x17, 0x97,
        0x4B, 0x44, 0x7E, 0x42, 0xFF, 0xA3, 0x8D, 0xB1, 0x2E, 0x1D, 0x9B, 0x50,
        0x6E, 0x77, 0x99, 0xBB, 0x16, 0x00, 0xF1, 0x10, 0x53, 0x79, 0x97, 0x97,
        0x75, 0x47, 0xF2, 0x83, 0x3E, 0xA0, 0x0F, 0xFA, 0x25, 0x12, 0x9D, 0xE0,
        0x4E, 0x77, 0x17, 0x97, 0x4B, 0x41, 0xF5, 0xC3, 0xFA, 0x62, 0x8D, 0xB1,
        0x42, 0x1E, 0x36, 0x70, 0x03, 0x3F, 0x90, 0x00, 0x44, 0x3D, 0x6D, 0x42,
        0x26, 0x5B, 0x02, 0x25, 0x42, 0x47, 0x00, 0x00, 0x00, 0x00, 0x00, 0x00,
        0x3D, 0x42, 0x00, 0x00, 0x00, 0x00, 0x00, 0x00, 0x42, 0x47, 0x00, 0x00,
        0x00, 0x00, 0x00, 0x00, 0x3D, 0x42, 0x00, 0x00, 0x00, 0x00, 0x00, 0x00,
        0x00, 0x05, 0x00, 0x00, 0x00, 0x00, 0x00, 0x00, 0x00, 0x05, 0x00, 0x00,
        0x00, 0x00, 0x00, 0x00, 0x00, 0x05, 0x00, 0x00, 0x00, 0x00, 0x00, 0x00,
        0x00, 0x05, 0x00, 0x00, 0x00, 0x00, 0x00, 0x00, 0x00, 0x05, 0x00, 0x00,
        0x00, 0x00, 0x00, 0x00, 0x7D, 0x00, 0x98, 0x03, 0x35, 0x10, 0x0F, 0xD1,
        0x00, 0x05, 0x00, 0x00, 0x00, 0x00, 0x00, 0x00, 0x00, 0x05, 0x00, 0x00,
        0x00, 0x00, 0x00, 0x00, 0x00, 0x05, 0x00, 0x00, 0x00, 0x00, 0x00, 0x00,
        0x00, 0x05, 0x00, 0x00, 0x00, 0x00, 0x00, 0x00, 0x00, 0x05, 0x00, 0x00,
        0x00, 0x00, 0x00, 0x00, 0x00, 0x05, 0x00, 0x00, 0x00, 0x00, 0x00, 0x00,
        0x7D, 0x00, 0x98, 0x03, 0x35, 0x10, 0x0F, 0xD1, 0x00, 0x05, 0x00, 0x00,
        0x00, 0x00, 0x00, 0x00, 0x00, 0x05, 0x00, 0x00, 0x00, 0x00, 0x00, 0x00,
        0x00, 0x05, 0x00, 0x00, 0x00, 0x00, 0x00, 0x00, 0x00, 0x05, 0x00, 0x00,
        0x00, 0x00, 0x00, 0x00, 0x00, 0x05, 0x00, 0x00, 0x00, 0x00, 0x00, 0x00,
        0x00, 0x05, 0x00, 0x00, 0x00, 0x00, 0x00, 0x00, 0x00, 0x05, 0x00, 0x00,
        0x00, 0x00, 0x00, 0x00, 0x41, 0x46, 0x90, 0x04, 0x49, 0x90, 0x04, 0x49,
        0x3D, 0x42, 0x00, 0x00, 0x00, 0x00, 0x00, 0x00, 0x42, 0x47, 0x00, 0x00,
        0x00, 0x00, 0x00, 0x00, 0x3D, 0x42, 0x00, 0x00, 0x00, 0x00, 0x00, 0x00,
        0x7A, 0x42, 0x09, 0x98, 0x80, 0x09, 0x98, 0x60, 0x3D, 0x01, 0x40, 0x0E,
        0xE4, 0x40, 0x0E, 0xE4, 0x5D, 0x49, 0xF4, 0xB3, 0xFA, 0xA2, 0x8F, 0xD5,
        0x21, 0x0B, 0xA6, 0xF0, 0x4E, 0x37, 0x17, 0x97, 0x4C, 0x45, 0x7D, 0xC2,
        0xFE, 0x62, 0x0D, 0xB1, 0x2A, 0x1A, 0x9C, 0x50, 0x4E, 0x37, 0x99, 0xBB,
        0x12, 0x00, 0xF1, 0x10, 0x53, 0x79, 0x97, 0x77, 0x76, 0x4A, 0xEA, 0x83,
        0x3E, 0xA0, 0x0F, 0xFA, 0x21, 0x10, 0x9D, 0xE0, 0x4E, 0x2F, 0x97, 0x97,
        0x4D, 0x42, 0xF5, 0xB3, 0xFA, 0x62, 0x8D, 0xB1, 0x42, 0x1C, 0x36, 0xF0,
        0x03, 0x39, 0x90, 0x00, 0x45, 0x3D, 0x64, 0xB2, 0x25, 0x50, 0x02, 0x24,
        0x42, 0x47, 0x00, 0x00, 0x00, 0x00, 0x00, 0x00, 0x3D, 0x42, 0x00, 0x00,
        0x00, 0x00, 0x00, 0x00, 0x42, 0x47, 0x00, 0x00, 0x00, 0x00, 0x00, 0x00,
        0x3D, 0x42, 0x00, 0x00, 0x00, 0x00, 0x00, 0x00, 0x00, 0x05, 0x00, 0x00,
        0x00, 0x00, 0x00, 0x00, 0x00, 0x05, 0x00, 0x00, 0x00, 0x00, 0x00, 0x00,
        0x00, 0x05, 0x00, 0x00, 0x00, 0x00, 0x00, 0x00, 0x00, 0x05, 0x00, 0x00,
        0x00, 0x00, 0x00, 0x00, 0x00, 0x05, 0x00, 0x00, 0x00, 0x00, 0x00, 0x00,
        0x7E, 0x23, 0x50, 0x03, 0xF1, 0x10, 0x0D, 0xAD, 0x00, 0x05, 0x00, 0x00,
        0x00, 0x00, 0x00, 0x00, 0x0C, 0x27, 0xB6, 0x0D, 0xDB, 0xB4, 0x1D, 0xD8,
        0x00, 0x05, 0x00, 0x00, 0x00, 0x00, 0x00, 0x00, 0x00, 0x05, 0x00, 0x00,
        0x00, 0x00, 0x00, 0x00, 0x00, 0x05, 0x00, 0x00, 0x00, 0x00, 0x00, 0x00,
        0x00, 0x05, 0x00, 0x00, 0x00, 0x00, 0x00, 0x00, 0x7E, 0x23, 0x50, 0x03,
        0xF1, 0x10, 0x0D, 0xAD, 0x00, 0x05, 0x00, 0x00, 0x00, 0x00, 0x00, 0x00,
        0x0C, 0x27, 0xB6, 0x0D, 0xDB, 0xB4, 0x1D, 0xD8, 0x00, 0x05, 0x00, 0x00,
        0x00, 0x00, 0x00, 0x00, 0x00, 0x05, 0x00, 0x00, 0x00, 0x00, 0x00, 0x00,
        0x00, 0x05, 0x00, 0x00, 0x00, 0x00, 0x00, 0x00, 0x00, 0x05, 0x00, 0x00,
        0x00, 0x00, 0x00, 0x00, 0x00, 0x05, 0x00, 0x00, 0x00, 0x00, 0x00, 0x00,
        0x41, 0x46, 0x90, 0x04, 0x49, 0x90, 0x04, 0x49, 0x3D, 0x42, 0x00, 0x00,
        0x00, 0x00, 0x00, 0x00, 0x42, 0x47, 0x00, 0x00, 0x00, 0x00, 0x00, 0x00,
        0x3D, 0x42, 0x00, 0x00, 0x00, 0x00, 0x00, 0x00, 0x7C, 0x42, 0x09, 0x98,
        0x60, 0x09, 0x96, 0x60, 0x3D, 0x00, 0x40, 0x0E, 0xE4, 0x40, 0x02, 0x24,
        0x63, 0x4E, 0xEB, 0xA3, 0xFA, 0xA2, 0x8F, 0xD5, 0x17, 0x07, 0xA6, 0xF0,
        0x52, 0x31, 0x17, 0x97, 0x50, 0x48, 0xEC, 0x23, 0xF6, 0x58, 0x0B, 0xB1,
        0x21, 0x14, 0x9D, 0xE0, 0x4E, 0x77, 0x17, 0xB7, 0x02, 0x0C, 0xC6, 0x62,
        0xAC, 0x86, 0x68, 0x88, 0x77, 0x52, 0xE8, 0x03, 0x3A, 0xA0, 0x0F, 0xFA,
        0x19, 0x0B, 0xA6, 0xF0, 0x0E, 0x37, 0x17, 0x97, 0x53, 0x46, 0xF4, 0xB3,
        0xFA, 0x62, 0x8F, 0xD5, 0x42, 0x16, 0x3F, 0xF0, 0x03, 0x39, 0x90, 0x00,
        0x48, 0x3D, 0x5B, 0xA2, 0x25, 0x50, 0x02, 0x25, 0x42, 0x47, 0x00, 0x00,
        0x00, 0x00, 0x00, 0x00, 0x3D, 0x42, 0x00, 0x00, 0x00, 0x00, 0x00, 0x00,
        0x42, 0x47, 0x00, 0x00, 0x00, 0x00, 0x00, 0x00, 0x3D, 0x42, 0x00, 0x00,
        0x00, 0x00, 0x00, 0x00, 0x00, 0x05, 0x00, 0x00, 0x00, 0x00, 0x00, 0x00,
        0x00, 0x05, 0x00, 0x00, 0x00, 0x00, 0x00, 0x00, 0x00, 0x05, 0x00, 0x00,
        0x00, 0x00, 0x00, 0x00, 0x00, 0x05, 0x00, 0x00, 0x00, 0x00, 0x00, 0x00,
        0x00, 0x05, 0x00, 0x00, 0x00, 0x00, 0x00, 0x00, 0x7E, 0x30, 0x50, 0x03,
        0xF1, 0x10, 0x0D, 0xAD, 0x00, 0x05, 0x00, 0x00, 0x00, 0x00, 0x00, 0x00,
        0x30, 0x00, 0x4E, 0xC2, 0x24, 0x72, 0x82, 0x26, 0x00, 0x05, 0x00, 0x00,
        0x00, 0x00, 0x00, 0x00, 0x00, 0x05, 0x00, 0x00, 0x00, 0x00, 0x00, 0x00,
        0x00, 0x05, 0x00, 0x00, 0x00, 0x00, 0x00, 0x00, 0x00, 0x05, 0x00, 0x00,
        0x00, 0x00, 0x00, 0x00, 0x7E, 0x30, 0x50, 0x03, 0xF1, 0x10, 0x0D, 0xAD,
        0x00, 0x05, 0x00, 0x00, 0x00, 0x00, 0x00, 0x00, 0x30, 0x00, 0x4E, 0xC2,
        0x24, 0x72, 0x82, 0x26, 0x00, 0x05, 0x00, 0x00, 0x00, 0x00, 0x00, 0x00,
        0x00, 0x05, 0x00, 0x00, 0x00, 0x00, 0x00, 0x00, 0x00, 0x05, 0x00, 0x00,
        0x00, 0x00, 0x00, 0x00, 0x00, 0x05, 0x00, 0x00, 0x00, 0x00, 0x00, 0x00,
        0x00, 0x05, 0x00, 0x00, 0x00, 0x00, 0x00, 0x00, 0x41, 0x46, 0x90, 0x04,
        0x49, 0x90, 0x04, 0x49, 0x3D, 0x42, 0x00, 0x00, 0x00, 0x00, 0x00, 0x00,
        0x42, 0x47, 0x00, 0x00, 0x00, 0x00, 0x00, 0x00, 0x3D, 0x42, 0x00, 0x00,
        0x00, 0x00, 0x00, 0x00, 0x7C, 0x42, 0x09, 0x96, 0x60, 0x09, 0x96, 0x60,
        0x01, 0x3D, 0x09, 0x90, 0x18, 0x89, 0x91, 0x18, 0x64, 0x50, 0xEB, 0x23,
        0xFA, 0x60, 0x8F, 0xD5, 0x15, 0x06, 0xE7, 0xF0, 0x4E, 0x31, 0x17, 0x77,
        0x52, 0x49, 0xAC, 0xB3, 0xDA, 0x62, 0x0D, 0xB1, 0x1F, 0x13, 0xA5, 0xE0,
        0x52, 0x37, 0x99, 0x97, 0x0A, 0x00, 0x31, 0x11, 0x13, 0x31, 0x95, 0x77,
        0x78, 0x54, 0xE8, 0x03, 0x3A, 0xA0, 0x0F, 0xFA, 0x0B, 0x18, 0x5A, 0xA3,
        0xB1, 0xD8, 0x0A, 0x8D, 0x48, 0x54, 0x1C, 0x50, 0x0A, 0xE1, 0x14, 0x52,
        0x42, 0x15, 0x3F, 0x90, 0x03, 0x09, 0x90, 0x00, 0x4A, 0x3D, 0x63, 0xB2,
        0x25, 0x5A, 0x02, 0x25, 0x42, 0x47, 0x00, 0x00, 0x00, 0x00, 0x00, 0x00,
        0x3D, 0x42, 0x00, 0x00, 0x00, 0x00, 0x00, 0x00, 0x42, 0x47, 0x00, 0x00,
        0x00, 0x00, 0x00, 0x00, 0x3D, 0x42, 0x00, 0x00, 0x00, 0x00, 0x00, 0x00,
        0x00, 0x05, 0x00, 0x00, 0x00, 0x00, 0x00, 0x00, 0x00, 0x05, 0x00, 0x00,
        0x00, 0x00, 0x00, 0x00, 0x00, 0x05, 0x00, 0x00, 0x00, 0x00, 0x00, 0x00,
        0x00, 0x05, 0x00, 0x00, 0x00, 0x00, 0x00, 0x00, 0x00, 0x05, 0x00, 0x00,
        0x00, 0x00, 0x00, 0x00, 0x7E, 0x4C, 0x10, 0x03, 0xF1, 0x10, 0x0D, 0xCC,
        0x00, 0x05, 0x00, 0x00, 0x00, 0x00, 0x00, 0x00, 0x46, 0x00, 0x73, 0xA2,
        0x3E, 0xA2, 0x83, 0xF5, 0x00, 0x05, 0x00, 0x00, 0x00, 0x00, 0x00, 0x00,
        0x00, 0x05, 0x00, 0x00, 0x00, 0x00, 0x00, 0x00, 0x00, 0x05, 0x00, 0x00,
        0x00, 0x00, 0x00, 0x00, 0x00, 0x05, 0x00, 0x00, 0x00, 0x00, 0x00, 0x00,
        0x7E, 0x4C, 0x10, 0x03, 0xF1, 0x10, 0x0D, 0xCC, 0x00, 0x05, 0x00, 0x00,
        0x00, 0x00, 0x00, 0x00, 0x46, 0x00, 0x73, 0xA2, 0x3E, 0xA2, 0x83, 0xF5,
        0x00, 0x05, 0x00, 0x00, 0x00, 0x00, 0x00, 0x00, 0x00, 0x05, 0x00, 0x00,
        0x00, 0x00, 0x00, 0x00, 0x00, 0x05, 0x00, 0x00, 0x00, 0x00, 0x00, 0x00,
        0x00, 0x05, 0x00, 0x00, 0x00, 0x00, 0x00, 0x00, 0x00, 0x05, 0x00, 0x00,
        0x00, 0x00, 0x00, 0x00, 0x41, 0x46, 0x90, 0x04, 0x49, 0x90, 0x04, 0x49,
        0x3D, 0x42, 0x00, 0x00, 0x00, 0x00, 0x00, 0x00, 0x42, 0x47, 0x00, 0x00,
        0x00, 0x00, 0x00, 0x00, 0x3D, 0x42, 0x00, 0x00, 0x00, 0x00, 0x00, 0x00,
        0x42, 0x7D, 0x40, 0x0A, 0xA4, 0x40, 0x0A, 0xA4, 0x02, 0x3D, 0x89, 0x91,
        0x18, 0x89, 0x91, 0x18, 0x68, 0x55, 0xEA, 0x23, 0x3A, 0xA0, 0x8F, 0xD5,
        0x10, 0x05, 0xEF, 0xF0, 0x4E, 0x31, 0x97, 0x77, 0x55, 0x4C, 0xAB, 0xA3,
        0xFA, 0x58, 0x8D, 0xB1, 0x19, 0x0E, 0x1D, 0xE0, 0x0E, 0xEF, 0x16, 0x77,
        0x07, 0x00, 0x39, 0x91, 0x53, 0x39, 0x95, 0x57, 0x79, 0x59, 0xA0, 0x03,
        0x3A, 0xA0, 0x0F, 0xFA, 0x13, 0x08, 0xEE, 0xF0, 0x4E, 0x37, 0x15, 0x77,
        0x58, 0x4B, 0xAB, 0x33, 0xFA, 0x60, 0x8D, 0xD5, 0x42, 0x11, 0x3F, 0x90,
        0x03, 0x09, 0x90, 0x00, 0x3D, 0x4C, 0x2D, 0xD0, 0x02, 0x29, 0x90, 0x00,
        0x42, 0x47, 0x00, 0x00, 0x00, 0x00, 0x00, 0x00, 0x3D, 0x42, 0x00, 0x00,
        0x00, 0x00, 0x00, 0x00, 0x42, 0x47, 0x00, 0x00, 0x00, 0x00, 0x00, 0x00,
        0x3D, 0x42, 0x00, 0x00, 0x00, 0x00, 0x00, 0x00, 0x00, 0x05, 0x00, 0x00,
        0x00, 0x00, 0x00, 0x00, 0x1F, 0x7C, 0xB6, 0x6D, 0xDB, 0xB6, 0x8D, 0x26,
        0x00, 0x05, 0x00, 0x00, 0x00, 0x00, 0x00, 0x00, 0x7D, 0x82, 0xB6, 0x6D,
        0xDB, 0xB6, 0x0D, 0x49, 0x00, 0x05, 0x00, 0x00, 0x00, 0x00, 0x00, 0x00,
        0x7E, 0x52, 0x10, 0x03, 0xF1, 0x10, 0x8F, 0x09, 0x00, 0x05, 0x00, 0x00,
        0x00, 0x00, 0x00, 0x00, 0x7E, 0x00, 0xF5, 0x43, 0x3F, 0xEC, 0x03, 0x00,
        0x00, 0x05, 0x00, 0x00, 0x00, 0x00, 0x00, 0x00, 0x00, 0x05, 0x00, 0x00,
        0x00, 0x00, 0x00, 0x00, 0x00, 0x05, 0x00, 0x00, 0x00, 0x00, 0x00, 0x00,
        0x00, 0x05, 0x00, 0x00, 0x00, 0x00, 0x00, 0x00, 0x1F, 0x7E, 0x49, 0x99,
        0x94, 0x49, 0x09, 0xDB, 0x1F, 0x7C, 0xB6, 0x6D, 0xDB, 0xB6, 0x8D, 0x26,
        0x46, 0x00, 0xEA, 0x23, 0x3A, 0x58, 0x9F, 0x24, 0x7D, 0x82, 0xB6, 0x6D,
        0xDB, 0xB6, 0x0D, 0x49, 0x1F, 0x24, 0xB6, 0x6D, 0xDB, 0xB6, 0x0D, 0xDB,
        0x1F, 0x7C, 0xB6, 0x6D, 0xDB, 0xB6, 0x8D, 0x26, 0x00, 0x05, 0x00, 0x00,
        0x00, 0x00, 0x00, 0x00, 0x7D, 0x82, 0xB6, 0x6D, 0xDB, 0xB6, 0x0D, 0x49,
        0x41, 0x46, 0x90, 0x04, 0x49, 0x90, 0x04, 0x49, 0x3D, 0x42, 0x00, 0x00,
        0x00, 0x00, 0x00, 0x00, 0x42, 0x47, 0x00, 0x00, 0x00, 0x00, 0x00, 0x00,
        0x3D, 0x42, 0x00, 0x00, 0x00, 0x00, 0x00, 0x00, 0x42, 0x7D, 0x40, 0x0A,
        0xA4, 0x40, 0x0A, 0xA4, 0x02, 0x3D, 0x89, 0x91, 0x18, 0x89, 0x91, 0x18,
        0x69, 0x56, 0xAA, 0x23, 0x3A, 0xA0, 0x8F, 0xD5, 0x0E, 0x04, 0xA6, 0xF0,
        0x0E, 0x37, 0x15, 0x53, 0x57, 0x4D, 0xF4, 0x23, 0xFA, 0x62, 0x8D, 0xD1,
        0x18, 0x0E, 0xE6, 0x60, 0x4E, 0x31, 0x17, 0x97, 0x01, 0x06, 0x06, 0x63,
        0x30, 0xC6, 0x62, 0xAC, 0x79, 0x5A, 0xA0, 0x03, 0x3A, 0xA0, 0x0F, 0xF6,
        0x07, 0x11, 0x62, 0xA3, 0x31, 0x18, 0x0B, 0xB1, 0x4C, 0x59, 0x9D, 0x50,
        0x4E, 0xE1, 0x94, 0x72, 0x42, 0x11, 0x39, 0x90, 0x00, 0x09, 0x90, 0x00,
        0x4E, 0x3D, 0x5B, 0xA2, 0x25, 0x52, 0x02, 0x25, 0x42, 0x47, 0x00, 0x00,
        0x00, 0x00, 0x00, 0x00, 0x3D, 0x42, 0x00, 0x00, 0x00, 0x00, 0x00, 0x00,
        0x42, 0x47, 0x00, 0x00, 0x00, 0x00, 0x00, 0x00, 0x3D, 0x42, 0x00, 0x00,
        0x00, 0x00, 0x00, 0x00, 0x00, 0x05, 0x00, 0x00, 0x00, 0x00, 0x00, 0x00,
        0x7C, 0x00, 0x16, 0x10, 0x0A, 0x09, 0x95, 0x98, 0x00, 0x05, 0x00, 0x00,
        0x00, 0x00, 0x00, 0x00, 0x7E, 0x5E, 0x00, 0x20, 0x01, 0x9C, 0x14, 0x73,
        0x00, 0x05, 0x00, 0x00, 0x00, 0x00, 0x00, 0x00, 0x7D, 0x20, 0x10, 0x40,
        0x4A, 0x0A, 0x07, 0xBF, 0x00, 0x05, 0x00, 0x00, 0x00, 0x00, 0x00, 0x00,
        0x7E, 0x5E, 0x00, 0x20, 0x01, 0x9C, 0x14, 0x73, 0x00, 0x05, 0x00, 0x00,
        0x00, 0x00, 0x00, 0x00, 0x00, 0x05, 0x00, 0x00, 0x00, 0x00, 0x00, 0x00,
        0x00, 0x05, 0x00, 0x00, 0x00, 0x00, 0x00, 0x00, 0x00, 0x05, 0x00, 0x00,
        0x00, 0x00, 0x00, 0x00, 0x72, 0x00, 0x4E, 0xC2, 0x24, 0x4A, 0x82, 0x26,
        0x7C, 0x00, 0x16, 0x10, 0x0A, 0x09, 0x95, 0x98, 0x00, 0x05, 0x00, 0x00,
        0x00, 0x00, 0x00, 0x00, 0x7E, 0x5E, 0x00, 0x20, 0x01, 0x9C, 0x14, 0x73,
        0x72, 0x00, 0x4E, 0xC2, 0x24, 0x4A, 0x82, 0x26, 0x7C, 0x00, 0x16, 0x10,
        0x0A, 0x09, 0x95, 0x98, 0x00, 0x05, 0x00, 0x00, 0x00, 0x00, 0x00, 0x00,
        0x7E, 0x5E, 0x00, 0x20, 0x01, 0x9C, 0x14, 0x73, 0x41, 0x46, 0x90, 0x04,
        0x49, 0x90, 0x04, 0x49, 0x3D, 0x42, 0x00, 0x00, 0x00, 0x00, 0x00, 0x00,
        0x42, 0x47, 0x00, 0x00, 0x00, 0x00, 0x00, 0x00, 0x3D, 0x42, 0x00, 0x00,
        0x00, 0x00, 0x00, 0x00, 0x42, 0x7E, 0x40, 0x0A, 0xA4, 0x40, 0x0A, 0xA4,
        0x01, 0x3D, 0x89, 0x91, 0x18, 0x89, 0x91, 0x18, 0x6C, 0x5A, 0xA2, 0x23,
        0x3A, 0xA0, 0x0F, 0xF6, 0x0C, 0x03, 0xEF, 0x90, 0x0E, 0x69, 0x11, 0x77,
        0x5A, 0x50, 0xAB, 0x33, 0xFA, 0x60, 0x8D, 0xD1, 0x14, 0x0B, 0x9D, 0xF0,
        0x0E, 0xEF, 0x14, 0x77, 0x01, 0x06, 0xC6, 0x6A, 0xAC, 0xF6, 0x6A, 0x8B,
        0x79, 0x5E, 0xA0, 0x03, 0x3A, 0xA0, 0x8F, 0xF9, 0x0F, 0x06, 0xAF, 0xF0,
        0x52, 0x29, 0x15, 0x77, 0x5D, 0x50, 0xAB, 0xA3, 0x3A, 0x62, 0x0F, 0xD6,
        0x42, 0x0E, 0x39, 0x90, 0x00, 0x09, 0x90, 0x00, 0x50, 0x3D, 0x52, 0x22,
        0x25, 0x50, 0x02, 0x25, 0x42, 0x47, 0x00, 0x00, 0x00, 0x00, 0x00, 0x00,
        0x3D, 0x42, 0x00, 0x00, 0x00, 0x00, 0x00, 0x00, 0x42, 0x47, 0x00, 0x00,
        0x00, 0x00, 0x00, 0x00, 0x3D, 0x42, 0x00, 0x00, 0x00, 0x00, 0x00, 0x00,
        0x00, 0x05, 0x00, 0x00, 0x00, 0x00, 0x00, 0x00, 0x75, 0x00, 0xA1, 0x90,
        0x50, 0x89, 0x99, 0xA4, 0x00, 0x05, 0x00, 0x00, 0x00, 0x00, 0x00, 0x00,
        0x7D, 0x4B, 0x00, 0x30, 0x09, 0xE5, 0x14, 0x73, 0x00, 0x05, 0x00, 0x00,
        0x00, 0x00, 0x00, 0x00, 0x79, 0x01, 0x9B, 0x00, 0x4F, 0xA0, 0x89, 0xA5,
        0x00, 0x05, 0x00, 0x00, 0x00, 0x00, 0x00, 0x00, 0x7D, 0x4B, 0x00, 0x30,
        0x09, 0xE5, 0x14, 0x73, 0x00, 0x05, 0x00, 0x00, 0x00, 0x00, 0x00, 0x00,
        0x00, 0x05, 0x00, 0x00, 0x00, 0x00, 0x00, 0x00, 0x00, 0x05, 0x00, 0x00,
        0x00, 0x00, 0x00, 0x00, 0x00, 0x05, 0x00, 0x00, 0x00, 0x00, 0x00, 0x00,
        0x78, 0x00, 0x4C, 0xA2, 0x24, 0x68, 0x02, 0x26, 0x75, 0x00, 0xA1, 0x90,
        0x50, 0x89, 0x99, 0xA4, 0x00, 0x05, 0x00, 0x00, 0x00, 0x00, 0x00, 0x00,
        0x7D, 0x4B, 0x00, 0x30, 0x09, 0xE5, 0x14, 0x73, 0x78, 0x00, 0x4C, 0xA2,
        0x24, 0x68, 0x02, 0x26, 0x75, 0x00, 0xA1, 0x90, 0x50, 0x89, 0x99, 0xA4,
        0x00, 0x05, 0x00, 0x00, 0x00, 0x00, 0x00, 0x00, 0x7D, 0x4B, 0x00, 0x30,
        0x09, 0xE5, 0x14, 0x73, 0x42, 0x01, 0x00, 0x00, 0x00, 0x00, 0xD0, 0x27,
        0x75, 0x3D, 0x49, 0x92, 0x24, 0x49, 0x42, 0x01, 0x01, 0x42, 0x49, 0x92,
        0x24, 0x49, 0x02, 0xDB, 0x3D, 0x79, 0x00, 0x00, 0x00, 0x00, 0x90, 0x24,
        0x7E, 0x00, 0x24, 0x44, 0x42, 0x24, 0x94, 0xF0, 0x79, 0x00, 0x64, 0x42,
        0x26, 0x64, 0x02, 0x50, 0x6C, 0x01, 0x80, 0x04, 0x48, 0x80, 0x94, 0x24,
        0x74, 0x03, 0x49, 0x92, 0x24, 0x49, 0x22, 0x00, 0x5A, 0x00, 0x80, 0x04,
        0x40, 0x00, 0x94, 0x24, 0x78, 0x0B, 0x49, 0x9E, 0x24, 0x49, 0x02, 0x00,
        0x01, 0x06, 0xC6, 0x6A, 0xAF, 0xB6, 0x68, 0xDB, 0x7B, 0x5F, 0xA0, 0x03,
        0x3A, 0xA0, 0x03, 0x00, 0x06, 0x0D, 0x5A, 0x83, 0x35, 0x18, 0x63, 0xDB,
        0x7B, 0x50, 0x7E, 0xE2, 0x3F, 0xFE, 0x03, 0x00, 0x06, 0x42, 0x52, 0x22,
        0x25, 0x52, 0x62, 0x0F, 0x7B, 0x3D, 0x76, 0x62, 0x27, 0x76, 0x02, 0x70,
        0x01, 0x42, 0x49, 0x92, 0x24, 0x49, 0x02, 0xC0, 0x77, 0x3D, 0x49, 0x92,
        0x24, 0x49, 0x22, 0x00, 0x42, 0x47, 0x00, 0x00, 0x00, 0x00, 0x60, 0xDB,
        0x3D, 0x79, 0x00, 0x00, 0x00, 0x00, 0x90, 0x24, 0x00, 0x05, 0x00, 0x00,
        0x00, 0x00, 0x00, 0x00, 0x16, 0x30, 0xB6, 0x63, 0x1B, 0xB6, 0x6D, 0xDB,
        0x00, 0x05, 0x00, 0x00, 0x00, 0x00, 0x00, 0x00, 0x6B, 0x10, 0x13, 0xD0,
        0x49, 0xEF, 0x16, 0x73, 0x00, 0x05, 0x00, 0x00, 0x00, 0x00, 0x00, 0x00,
        0x7C, 0x00, 0x58, 0x8A, 0xF9, 0x50, 0x03, 0xF1, 0x00, 0x05, 0x00, 0x00,
        0x00, 0x00, 0x00, 0x00, 0x6B, 0x10, 0x13, 0xD0, 0x49, 0xEF, 0x16, 0x73,
        0x00, 0x05, 0x00, 0x00, 0x00, 0x00, 0x00, 0x00, 0x00, 0x05, 0x00, 0x00,
        0x00, 0x00, 0x00, 0x00, 0x00, 0x05, 0x00, 0x00, 0x00, 0x00, 0x00, 0x00,
        0x00, 0x05, 0x00, 0x00, 0x00, 0x00, 0x00, 0x00, 0x7C, 0x00, 0x60, 0x82,
        0x39, 0x50, 0x03, 0xF1, 0x16, 0x30, 0xB6, 0x63, 0x1B, 0xB6, 0x6D, 0xDB,
        0x00, 0x05, 0x00, 0x00, 0x00, 0x00, 0x00, 0x00, 0x6B, 0x10, 0x13, 0xD0,
        0x49, 0xEF, 0x16, 0x73, 0x7C, 0x00, 0x60, 0x82, 0x39, 0x50, 0x03, 0xF1,
        0x16, 0x30, 0xB6, 0x63, 0x1B, 0xB6, 0x6D, 0xDB, 0x00, 0x05, 0x00, 0x00,
        0x00, 0x00, 0x00, 0x00, 0x6B, 0x10, 0x13, 0xD0, 0x49, 0xEF, 0x16, 0x73,
        0x33, 0x01, 0x7B, 0x22, 0x3F, 0xE8, 0x8F, 0xFA, 0x75, 0x41, 0x14, 0x70,
        0x6E, 0x31, 0x19, 0xB7, 0x01, 0x07, 0xB0, 0x3D, 0x01, 0xE5, 0x94, 0x92,
        0x79, 0x5F, 0x00, 0x40, 0x6E, 0x76, 0x99, 0xDB, 0x67, 0x00, 0xC9, 0x9E,
        0xC8, 0x09, 0x9A, 0xA0, 0x79, 0x07, 0x00, 0x07, 0xBC, 0x52, 0x2C, 0xE5,
        0x1E, 0x01, 0x4F, 0x52, 0xFF, 0xAB, 0x8F, 0xD5, 0x74, 0x2E, 0x02, 0x50,
        0x6E, 0x77, 0x99, 0xBB, 0x09, 0x00, 0x4F, 0x52, 0xFB, 0x64, 0x0B, 0x91,
        0x78, 0x51, 0x00, 0x40, 0x6E, 0x76, 0x9B, 0xDF, 0x00, 0x05, 0x00, 0x00,
        0x00, 0x00, 0x00, 0x00, 0x7B, 0x80, 0x00, 0x00, 0x00, 0x00, 0x00, 0x00,
        0x00, 0x05, 0x00, 0x00, 0x00, 0x00, 0x00, 0x00, 0x7B, 0x80, 0x00, 0x00,
        0x00, 0x00, 0x00, 0x00, 0x06, 0x33, 0x36, 0x61, 0x57, 0x76, 0x66, 0x67,
        0x7B, 0x41, 0x40, 0x07, 0xBC, 0x40, 0x0C, 0xE4, 0x0F, 0x00, 0x4F, 0x52,
        0xFF, 0xAB, 0x8D, 0xD5, 0x77, 0x54, 0x02, 0x50, 0x6E, 0x6F, 0x99, 0xBB,
        0x01, 0x06, 0xB6, 0x0D, 0xC0, 0x93, 0x44, 0x6E, 0x79, 0x66, 0x00, 0xC0,
        0x6D, 0x6E, 0x99, 0xDF, 0x00, 0x05, 0x00, 0x00, 0x00, 0x00, 0x00, 0x00,
        0x16, 0x1B, 0xB6, 0x61, 0xDB, 0xB6, 0x6D, 0xDB, 0x00, 0x05, 0x00, 0x00,
        0x00, 0x00, 0x00, 0x00, 0x62, 0x00, 0x9C, 0x60, 0x4E, 0x2F, 0x17, 0x77,
        0x00, 0x05, 0x00, 0x00, 0x00, 0x00, 0x00, 0x00, 0x7D, 0x00, 0x98, 0x0F,
        0x35, 0x10, 0x0F, 0xD1, 0x00, 0x05, 0x00, 0x00, 0x00, 0x00, 0x00, 0x00,
        0x62, 0x00, 0x9C, 0x60, 0x4E, 0x2F, 0x17, 0x77, 0x00, 0x05, 0x00, 0x00,
        0x00, 0x00, 0x00, 0x00, 0x00, 0x05, 0x00, 0x00, 0x00, 0x00, 0x00, 0x00,
        0x00, 0x05, 0x00, 0x00, 0x00, 0x00, 0x00, 0x00, 0x00, 0x05, 0x00, 0x00,
        0x00, 0x00, 0x00, 0x00, 0x7D, 0x00, 0x98, 0x03, 0x35, 0x10, 0x0F, 0xD1,
        0x16, 0x1B, 0xB6, 0x61, 0xDB, 0xB6, 0x6D, 0xDB, 0x00, 0x05, 0x00, 0x00,
        0x00, 0x00, 0x00, 0x00, 0x62, 0x00, 0x9C, 0x60, 0x4E, 0x2F, 0x17, 0x77,
        0x7D, 0x00, 0x98, 0x03, 0x35, 0x10, 0x0F, 0xD1, 0x16, 0x1B, 0xB6, 0x61,
        0xDB, 0xB6, 0x6D, 0xDB, 0x00, 0x05, 0x00, 0x00, 0x00, 0x00, 0x00, 0x00,
        0x62, 0x00, 0x9C, 0x60, 0x4E, 0x2F, 0x17, 0x77, 0x35, 0x04, 0x7A, 0x22,
        0x3F, 0xA8, 0x0F, 0xFA, 0x69, 0x40, 0x9E, 0xF0, 0x4E, 0x71, 0x99, 0x97,
        0x09, 0x01, 0x7E, 0xC2, 0xFA, 0x62, 0x0B, 0x8D, 0x72, 0x5A, 0x13, 0x50,
        0x4E, 0x2E, 0x99, 0xBB, 0x6B, 0x00, 0x89, 0x9C, 0xA8, 0x09, 0x9A, 0x80,
        0x74, 0x05, 0xC0, 0x0B, 0xC4, 0x52, 0x2C, 0xE5, 0x25, 0x04, 0x7E, 0x42,
        0xFF, 0xAA, 0x8D, 0xD5, 0x63, 0x25, 0x93, 0x60, 0x6E, 0x37, 0x99, 0xBB,
        0x0C, 0x01, 0xFF, 0xD3, 0xFA, 0x63, 0x0B, 0x91, 0x6E, 0x47, 0x12, 0x50,
        0x6E, 0x6E, 0x99, 0xDB, 0x00, 0x05, 0x00, 0x00, 0x00, 0x00, 0x00, 0x00,
        0x7B, 0x80, 0x00, 0x00, 0x00, 0x00, 0x00, 0x00, 0x00, 0x05, 0x00, 0x00,
        0x00, 0x00, 0x00, 0x00, 0x7B, 0x80, 0x00, 0x00, 0x00, 0x00, 0x00, 0x00,
        0x0D, 0x35, 0x76, 0x61, 0x47, 0x76, 0x64, 0x67, 0x7B, 0x40, 0xC0, 0x0B,
        0xC4, 0x40, 0x0E, 0xE4, 0x12, 0x02, 0x7E, 0x42, 0xFF, 0xA2, 0x8F, 0xD5,
        0x6F, 0x50, 0x93, 0x50, 0x6E, 0x77, 0x99, 0xBB, 0x01, 0x06, 0x00, 0x3C,
        0x49, 0xE4, 0x96, 0x92, 0x74, 0x61, 0x12, 0xD0, 0x4D, 0x6E, 0x99, 0xDB,
        0x00, 0x05, 0x00, 0x00, 0x00, 0x00, 0x00, 0x00, 0x00, 0x05, 0x00, 0x00,
        0x00, 0x00, 0x00, 0x00, 0x00, 0x05, 0x00, 0x00, 0x00, 0x00, 0x00, 0x00,
        0x0B, 0x40, 0x5E, 0x63, 0xAC, 0xB6, 0x68, 0x63, 0x00, 0x05, 0x00, 0x00,
        0x00, 0x00, 0x00, 0x00, 0x7E, 0x23, 0x50, 0x03, 0xF1, 0x10, 0x0D, 0xAD,
        0x00, 0x05, 0x00, 0x00, 0x00, 0x00, 0x00, 0x00, 0x40, 0x00, 0xE9, 0xE0,
        0x53, 0x8D, 0xC7, 0xBF, 0x00, 0x05, 0x00, 0x00, 0x00, 0x00, 0x00, 0x00,
        0x00, 0x05, 0x00, 0x00, 0x00, 0x00, 0x00, 0x00, 0x00, 0x05, 0x00, 0x00,
        0x00, 0x00, 0x00, 0x00, 0x00, 0x05, 0x00, 0x00, 0x00, 0x00, 0x00, 0x00,
        0x7E, 0x23, 0x50, 0x03, 0xF1, 0x10, 0x0D, 0xAD, 0x00, 0x05, 0x00, 0x00,
        0x00, 0x00, 0x00, 0x00, 0x0C, 0x27, 0xB6, 0x0D, 0xDB, 0xB4, 0x1D, 0xD8,
        0x0B, 0x40, 0x5E, 0x63, 0xAC, 0xB6, 0x68, 0x63, 0x7E, 0x23, 0x50, 0x03,
        0xF1, 0x10, 0x0D, 0xAD, 0x00, 0x05, 0x00, 0x00, 0x00, 0x00, 0x00, 0x00,
        0x0C, 0x27, 0xB6, 0x0D, 0xDB, 0xB4, 0x1D, 0xD8, 0x0B, 0x40, 0x5E, 0x63,
        0xAC, 0xB6, 0x68, 0x63, 0x39, 0x0D, 0xEA, 0x83, 0x3E, 0xA0, 0x0F, 0xFA,
        0x56, 0x3F, 0xE9, 0x10, 0x53, 0x71, 0x97, 0x97, 0x05, 0x10, 0x13, 0xC0,
        0x09, 0xE5, 0x94, 0x72, 0x63, 0x51, 0x9C, 0x60, 0x4E, 0x37, 0x17, 0x97,
        0x71, 0x04, 0x09, 0x98, 0x80, 0x09, 0x98, 0x60, 0x67, 0x02, 0x40, 0x0E,
        0xE4, 0x42, 0x2E, 0xE5, 0x36, 0x0F, 0xF4, 0xB3, 0xFE, 0xA2, 0x8F, 0xD5,
        0x42, 0x16, 0xA6, 0xF0, 0x4E, 0x37, 0x17, 0x97, 0x16, 0x07, 0x7E, 0x42,
        0xFF, 0xA3, 0x8D, 0xD1, 0x54, 0x35, 0x9C, 0x50, 0x4E, 0x77, 0x99, 0xBB,
        0x00, 0x05, 0x00, 0x00, 0x00, 0x00, 0x00, 0x00, 0x7B, 0x80, 0x00, 0x00,
        0x00, 0x00, 0x00, 0x00, 0x00, 0x05, 0x00, 0x00, 0x00, 0x00, 0x00, 0x00,
        0x7B, 0x80, 0x00, 0x00, 0x00, 0x00, 0x00, 0x00, 0x1D, 0x39, 0x76, 0x61,
        0x47, 0x76, 0x64, 0x67, 0x7B, 0x3F, 0x40, 0x0E, 0xE4, 0x40, 0x0E, 0x24,
        0x1B, 0x07, 0xF4, 0xB3, 0xFA, 0x62, 0x8D, 0xD5, 0x5E, 0x48, 0x9D, 0xE0,
        0x4E, 0x37, 0x17, 0x97, 0x0B, 0x04, 0x7E, 0x52, 0x3F, 0xAB, 0x8F, 0xD5,
        0x58, 0x67, 0x6C, 0x32, 0xB2, 0xDA, 0x08, 0x6D, 0x00, 0x05, 0x00, 0x00,
        0x00, 0x00, 0x00, 0x00, 0x00, 0x05, 0x00, 0x00, 0x00, 0x00, 0x00, 0x00,
        0x00, 0x05, 0x00, 0x00, 0x00, 0x00, 0x00, 0x00, 0x0B, 0x34, 0x06, 0x63,
        0xAB, 0x36, 0x66, 0x5B, 0x00, 0x05, 0x00, 0x00, 0x00, 0x00, 0x00, 0x00,
        0x7E, 0x30, 0x50, 0x03, 0xF1, 0x10, 0x0D, 0xAD, 0x00, 0x05, 0x00, 0x00,
        0x00, 0x00, 0x00, 0x00, 0x34, 0x00, 0xF6, 0xC0, 0x54, 0xB3, 0x89, 0xA6,
        0x00, 0x05, 0x00, 0x00, 0x00, 0x00, 0x00, 0x00, 0x00, 0x05, 0x00, 0x00,
        0x00, 0x00, 0x00, 0x00, 0x00, 0x05, 0x00, 0x00, 0x00, 0x00, 0x00, 0x00,
        0x00, 0x05, 0x00, 0x00, 0x00, 0x00, 0x00, 0x00, 0x7E, 0x30, 0x50, 0x03,
        0xF1, 0x10, 0x0D, 0xAD, 0x00, 0x05, 0x00, 0x00, 0x00, 0x00, 0x00, 0x00,
        0x30, 0x00, 0x4E, 0xC2, 0x24, 0x72, 0x82, 0x26, 0x0B, 0x34, 0x06, 0x63,
        0xAB, 0x36, 0x66, 0x5B, 0x7E, 0x30, 0x50, 0x03, 0xF1, 0x10, 0x0D, 0xAD,
        0x00, 0x05, 0x00, 0x00, 0x00, 0x00, 0x00, 0x00, 0x30, 0x00, 0x4E, 0xC2,
        0x24, 0x72, 0x82, 0x26, 0x0B, 0x34, 0x06, 0x63, 0xAB, 0x36, 0x66, 0x5B,
        0x39, 0x10, 0xE8, 0x83, 0x3A, 0xA0, 0x0F, 0xFA, 0x52, 0x3E, 0xE9, 0x10,
        0x53, 0x31, 0x17, 0x77, 0x11, 0x06, 0xF4, 0xB3, 0xFA, 0x58, 0x0D, 0xB1,
        0x60, 0x4F, 0x9D, 0xE0, 0x4E, 0x2F, 0x17, 0x97, 0x73, 0x04, 0x09, 0x98,
        0x80, 0x09, 0x96, 0x60, 0x64, 0x02, 0x40, 0x0E, 0xE4, 0x40, 0x2E, 0xE5,
        0x3A, 0x12, 0xF4, 0xB3, 0xFA, 0xA2, 0x8F, 0xD5, 0x3A, 0x13, 0xA6, 0xF0,
        0x4E, 0x37, 0x17, 0x97, 0x09, 0x18, 0x13, 0xC0, 0x49, 0xE5, 0x94, 0x72,
        0x4E, 0x30, 0x9C, 0x60, 0x6E, 0x37, 0x99, 0xBB, 0x00, 0x05, 0x00, 0x00,
        0x00, 0x00, 0x00, 0x00, 0x7B, 0x80, 0x00, 0x00, 0x00, 0x00, 0x00, 0x00,
        0x00, 0x05, 0x00, 0x00, 0x00, 0x00, 0x00, 0x00, 0x7B, 0x80, 0x00, 0x00,
        0x00, 0x00, 0x00, 0x00, 0x21, 0x39, 0x76, 0x60, 0x07, 0x76, 0x64, 0x67,
        0x7B, 0x3E, 0x40, 0x0E, 0xE4, 0x40, 0x0E, 0x24, 0x1D, 0x09, 0xEB, 0xA3,
        0xFA, 0x62, 0x8D, 0xD5, 0x5A, 0x47, 0xA6, 0xF0, 0x4E, 0x31, 0x17, 0x77,
        0x0C, 0x04, 0xF5, 0xB3, 0xFA, 0x58, 0x0D, 0xAD, 0x64, 0x55, 0x9C, 0x60,
        0x4E, 0x2F, 0x97, 0xB7, 0x00, 0x05, 0x00, 0x00, 0x00, 0x00, 0x00, 0x00,
        0x00, 0x05, 0x00, 0x00, 0x00, 0x00, 0x00, 0x00, 0x00, 0x05, 0x00, 0x00,
        0x00, 0x00, 0x00, 0x00, 0x09, 0x13, 0xB6, 0x63, 0x1B, 0xB6, 0x6D, 0xDB,
        0x00, 0x05, 0x00, 0x00, 0x00, 0x00, 0x00, 0x00, 0x7E, 0x4C, 0x10, 0x03,
        0xF1, 0x10, 0x0D, 0xCC, 0x00, 0x05, 0x00, 0x00, 0x00, 0x00, 0x00, 0x00,
        0x46, 0x00, 0x73, 0xAC, 0xFE, 0xA2, 0x83, 0xF5, 0x00, 0x05, 0x00, 0x00,
        0x00, 0x00, 0x00, 0x00, 0x00, 0x05, 0x00, 0x00, 0x00, 0x00, 0x00, 0x00,
        0x00, 0x05, 0x00, 0x00, 0x00, 0x00, 0x00, 0x00, 0x00, 0x05, 0x00, 0x00,
        0x00, 0x00, 0x00, 0x00, 0x7E, 0x4C, 0x10, 0x03, 0xF1, 0x10, 0x0D, 0xCC,
        0x00, 0x05, 0x00, 0x00, 0x00, 0x00, 0x00, 0x00, 0x46, 0x00, 0x73, 0xA2,
        0x3E, 0xA2, 0x83, 0xF5, 0x09, 0x13, 0xB6, 0x63, 0x1B, 0xB6, 0x6D, 0xDB,
        0x7E, 0x4C, 0x10, 0x03, 0xF1, 0x10, 0x0D, 0xCC, 0x00, 0x05, 0x00, 0x00,
        0x00, 0x00, 0x00, 0x00, 0x46, 0x00, 0x73, 0xA2, 0x3E, 0xA2, 0x83, 0xF5,
        0x09, 0x13, 0xB6, 0x63, 0x1B, 0xB6, 0x6D, 0xDB, 0x3B, 0x16, 0xE8, 0x03,
        0x3A, 0xA0, 0x0F, 0xFA, 0x4B, 0x3E, 0xF1, 0x10, 0x13, 0x31, 0x17, 0x77,
        0x17, 0x0A, 0xEC, 0xB3, 0xFA, 0x62, 0x8D, 0xD5, 0x58, 0x4A, 0xE6, 0xF0,
        0x52, 0x37, 0x17, 0x97, 0x76, 0x07, 0x09, 0x96, 0x60, 0x09, 0x96, 0x60,
        0x5C, 0x01, 0x40, 0x0E, 0xE4, 0x40, 0x22, 0x24, 0x45, 0x1D, 0xEB, 0x23,
        0xFA, 0xA0, 0x8F, 0xD5, 0x2A, 0x0D, 0xE7, 0xF0, 0x4E, 0x31, 0x17, 0x77,
        0x21, 0x0F, 0xF4, 0xB3, 0xFA, 0x62, 0x8F, 0xB1, 0x3E, 0x26, 0xA5, 0xE0,
        0x52, 0x37, 0x19, 0x97, 0x00, 0x05, 0x00, 0x00, 0x00, 0x00, 0x00, 0x00,
        0x7B, 0x80, 0x00, 0x00, 0x00, 0x00, 0x00, 0x00, 0x00, 0x05, 0x00, 0x00,
        0x00, 0x00, 0x00, 0x00, 0x7B, 0x80, 0x00, 0x00, 0x00, 0x00, 0x00, 0x00,
        0x28, 0x3B, 0x76, 0x60, 0x07, 0x76, 0x64, 0x47, 0x3E, 0x7B, 0x09, 0x90,
        0x00, 0x09, 0x90, 0x00, 0x22, 0x0F, 0xEB, 0xA3, 0x3A, 0xA0, 0x8F, 0xD5,
        0x53, 0x44, 0xEF, 0xF0, 0x52, 0x31, 0x97, 0x77, 0x10, 0x07, 0xAC, 0xB3,
        0xD6, 0x58, 0x0D, 0xB1, 0x5C, 0x50, 0x1D, 0x60, 0x0E, 0x37, 0x17, 0x97,
        0x00, 0x05, 0x00, 0x00, 0x00, 0x00, 0x00, 0x00, 0x00, 0x05, 0x00, 0x00,
        0x00, 0x00, 0x00, 0x00, 0x00, 0x05, 0x00, 0x00, 0x00, 0x00, 0x00, 0x00,
        0x09, 0x0E, 0xB6, 0x61, 0xDB, 0xB6, 0x6D, 0xDB, 0x00, 0x05, 0x00, 0x00,
        0x00, 0x00, 0x00, 0x00, 0x52, 0x7E, 0x29, 0x91, 0x52, 0x09, 0x65, 0xDB,
        0x00, 0x05, 0x00, 0x00, 0x00, 0x00, 0x00, 0x00, 0x46, 0x00, 0xEA, 0x2F,
        0x3A, 0x58, 0x9F, 0x24, 0x00, 0x05, 0x00, 0x00, 0x00, 0x00, 0x00, 0x00,
        0x00, 0x05, 0x00, 0x00, 0x00, 0x00, 0x00, 0x00, 0x00, 0x05, 0x00, 0x00,
        0x00, 0x00, 0x00, 0x00, 0x00, 0x05, 0x00, 0x00, 0x00, 0x00, 0x00, 0x00,
        0x52, 0x7E, 0x29, 0x91, 0x52, 0x09, 0x65, 0xDB, 0x00, 0x05, 0x00, 0x00,
        0x00, 0x00, 0x00, 0x00, 0x46, 0x00, 0xEA, 0x23, 0x3A, 0x58, 0x9F, 0x24,
        0x09, 0x0E, 0xB6, 0x61, 0xDB, 0xB6, 0x6D, 0xDB, 0x52, 0x7E, 0x29, 0x91,
        0x52, 0x09, 0x65, 0xDB, 0x00, 0x05, 0x00, 0x00, 0x00, 0x00, 0x00, 0x00,
        0x46, 0x00, 0xEA, 0x23, 0x3A, 0x58, 0x9F, 0x24, 0x09, 0x0E, 0xB6, 0x61,
        0xDB, 0xB6, 0x6D, 0xDB, 0x3B, 0x18, 0xE8, 0x03, 0x3A, 0xA0, 0x0F, 0xFA,
        0x4A, 0x3E, 0xF1, 0x10, 0x53, 0x31, 0x97, 0x73, 0x0B, 0x18, 0x9C, 0xD0,
        0x4D, 0xE1, 0x94, 0x6E, 0x56, 0x49, 0xE6, 0xE0, 0x4E, 0x2F, 0x17, 0x97,
        0x77, 0x09, 0x09, 0x96, 0x60, 0x09, 0x96, 0x60, 0x5B, 0x01, 0x40, 0x0E,
        0x24, 0x40, 0x22, 0x24, 0x48, 0x20, 0xEB, 0x23, 0xFA, 0xA0, 0x8F, 0xD5,
        0x26, 0x0C, 0xE7, 0xF0, 0x4E, 0x31, 0x15, 0x77, 0x22, 0x12, 0x74, 0xB2,
        0x3A, 0x60, 0x8D, 0xD1, 0x22, 0x3B, 0x63, 0xA3, 0xB1, 0x1A, 0x09, 0x8D,
        0x00, 0x05, 0x00, 0x00, 0x00, 0x00, 0x00, 0x00, 0x7B, 0x80, 0x00, 0x00,
        0x00, 0x00, 0x00, 0x00, 0x00, 0x05, 0x00, 0x00, 0x00, 0x00, 0x00, 0x00,
        0x7B, 0x80, 0x00, 0x00, 0x00, 0x00, 0x00, 0x00, 0x29, 0x3B, 0x76, 0x60,
        0x47, 0x76, 0x64, 0x47, 0x3E, 0x7B, 0x09, 0x90, 0x00, 0x09, 0x90, 0x00,
        0x24, 0x10, 0xEB, 0x23, 0x3A, 0x62, 0x8F, 0xD5, 0x50, 0x44, 0xE7, 0x70,
        0x0F, 0x31, 0x95, 0x77, 0x11, 0x09, 0xF4, 0x23, 0x3A, 0x58, 0x0D, 0xD1,
        0x4E, 0x5B, 0x63, 0xB3, 0xB1, 0x1A, 0x0B, 0x8D, 0x00, 0x05, 0x00, 0x00,
        0x00, 0x00, 0x00, 0x00, 0x00, 0x05, 0x00, 0x00, 0x00, 0x00, 0x00, 0x00,
        0x00, 0x05, 0x00, 0x00, 0x00, 0x00, 0x00, 0x00, 0x00, 0x05, 0x00, 0x00,
        0x00, 0x00, 0x00, 0x00, 0x00, 0x05, 0x00, 0x00, 0x00, 0x00, 0x00, 0x00,
        0x00, 0x05, 0x00, 0x00, 0x00, 0x00, 0x00, 0x00, 0x00, 0x05, 0x00, 0x00,
        0x00, 0x00, 0x00, 0x00, 0x00, 0x05, 0x00, 0x00, 0x00, 0x00, 0x00, 0x00,
        0x00, 0x05, 0x00, 0x00, 0x00, 0x00, 0x00, 0x00, 0x00, 0x05, 0x00, 0x00,
        0x00, 0x00, 0x00, 0x00, 0x00, 0x05, 0x00, 0x00, 0x00, 0x00, 0x00, 0x00,
        0x00, 0x05, 0x00, 0x00, 0x00, 0x00, 0x00, 0x00, 0x00, 0x05, 0x00, 0x00,
        0x00, 0x00, 0x00, 0x00, 0x00, 0x05, 0x00, 0x00, 0x00, 0x00, 0x00, 0x00,
        0x00, 0x05, 0x00, 0x00, 0x00, 0x00, 0x00, 0x00, 0x00, 0x05, 0x00, 0x00,
        0x00, 0x00, 0x00, 0x00, 0x00, 0x05, 0x00, 0x00, 0x00, 0x00, 0x00, 0x00,
        0x00, 0x05, 0x00, 0x00, 0x00, 0x00, 0x00, 0x00, 0x00, 0x05, 0x00, 0x00,
        0x00, 0x00, 0x00, 0x00, 0x00, 0x05, 0x00, 0x00, 0x00, 0x00, 0x00, 0x00,
        0x3C, 0x1D, 0xA0, 0x03, 0x3A, 0xA0, 0x0F, 0xFA, 0x46, 0x3E, 0xB1, 0x10,
        0x0F, 0x31, 0x91, 0x53, 0x0F, 0x1C, 0x9D, 0xD0, 0x4D, 0xE1, 0x94, 0x6E,
        0x46, 0x51, 0x62, 0xA3, 0x35, 0x1A, 0x0B, 0xB1, 0x0B, 0x78, 0x40, 0x0A,
        0xA4, 0x40, 0x0A, 0xA4, 0x01, 0x55, 0x09, 0x90, 0x00, 0x89, 0x91, 0x18,
        0x4F, 0x29, 0xEA, 0x23, 0x3A, 0xA0, 0x8F, 0xF5, 0x1D, 0x09, 0xEF, 0x90,
        0x4E, 0x31, 0x15, 0x77, 0x2B, 0x17, 0xF4, 0x33, 0xFA, 0x62, 0x8D, 0xD1,
        0x30, 0x1D, 0xE6, 0xE0, 0x4E, 0x71, 0x17, 0x97, 0x00, 0x05, 0x00, 0x00,
        0x00, 0x00, 0x00, 0x00, 0x7B, 0x80, 0x00, 0x00, 0x00, 0x00, 0x00, 0x00,
        0x00, 0x05, 0x00, 0x00, 0x00, 0x00, 0x00, 0x00, 0x7B, 0x80, 0x00, 0x00,
        0x00, 0x00, 0x00, 0x00, 0x2D, 0x3C, 0x76, 0x60, 0x07, 0x76, 0x64, 0x47,
        0x3E, 0x7B, 0x09, 0x90, 0x00, 0x09, 0x90, 0x00, 0x27, 0x14, 0xAA, 0x23,
        0x3A, 0x58, 0x8F, 0xD5, 0x4C, 0x42, 0xEE, 0x70, 0x13, 0x31, 0x15, 0x77,
        0x0B, 0x15, 0x9C, 0x50, 0x4E, 0xE5, 0x94, 0x72, 0x55, 0x4C, 0xA6, 0xE0,
        0x0E, 0x71, 0x15, 0x97, 0x00, 0x05, 0x00, 0x00, 0x00, 0x00, 0x00, 0x00,
        0x00, 0x05, 0x00, 0x00, 0x00, 0x00, 0x00, 0x00, 0x00, 0x05, 0x00, 0x00,
        0x00, 0x00, 0x00, 0x00, 0x00, 0x05, 0x00, 0x00, 0x00, 0x00, 0x00, 0x00,
        0x00, 0x05, 0x00, 0x00, 0x00, 0x00, 0x00, 0x00, 0x00, 0x05, 0x00, 0x00,
        0x00, 0x00, 0x00, 0x00, 0x00, 0x05, 0x00, 0x00, 0x00, 0x00, 0x00, 0x00,
        0x00, 0x05, 0x00, 0x00, 0x00, 0x00, 0x00, 0x00, 0x00, 0x05, 0x00, 0x00,
        0x00, 0x00, 0x00, 0x00, 0x00, 0x05, 0x00, 0x00, 0x00, 0x00, 0x00, 0x00,
        0x00, 0x05, 0x00, 0x00, 0x00, 0x00, 0x00, 0x00, 0x00, 0x05, 0x00, 0x00,
        0x00, 0x00, 0x00, 0x00, 0x00, 0x05, 0x00, 0x00, 0x00, 0x00, 0x00, 0x00,
        0x00, 0x05, 0x00, 0x00, 0x00, 0x00, 0x00, 0x00, 0x00, 0x05, 0x00, 0x00,
        0x00, 0x00, 0x00, 0x00, 0x00, 0x05, 0x00, 0x00, 0x00, 0x00, 0x00, 0x00,
        0x00, 0x05, 0x00, 0x00, 0x00, 0x00, 0x00, 0x00, 0x00, 0x05, 0x00, 0x00,
        0x00, 0x00, 0x00, 0x00, 0x00, 0x05, 0x00, 0x00, 0x00, 0x00, 0x00, 0x00,
        0x00, 0x05, 0x00, 0x00, 0x00, 0x00, 0x00, 0x00, 0x3C, 0x1E, 0xA0, 0x03,
        0x3A, 0xA0, 0x0F, 0xFA, 0x45, 0x3E, 0xF1, 0x10, 0x13, 0x39, 0x95, 0x57,
        0x11, 0x1D, 0x9C, 0x50, 0x0A, 0xE1, 0x14, 0x4E, 0x46, 0x50, 0x5A, 0xA3,
        0xB1, 0x10, 0x0B, 0x8D, 0x0D, 0x78, 0x40, 0x0A, 0xA4, 0x40, 0x0A, 0xA4,
        0x01, 0x54, 0x09, 0x90, 0x18, 0x89, 0x91, 0x18, 0x51, 0x2B, 0xAA, 0x23,
        0xFA, 0xA0, 0x8F, 0xF5, 0x1B, 0x07, 0xEF, 0xF0, 0x4E, 0x2F, 0x15, 0x73,
        0x2B, 0x19, 0xAB, 0xA3, 0xFA, 0x58, 0x8D, 0xD5, 0x2D, 0x19, 0x9D, 0xE0,
        0x4E, 0x2E, 0x17, 0x77, 0x00, 0x05, 0x00, 0x00, 0x00, 0x00, 0x00, 0x00,
        0x7B, 0x80, 0x00, 0x00, 0x00, 0x00, 0x00, 0x00, 0x00, 0x05, 0x00, 0x00,
        0x00, 0x00, 0x00, 0x00, 0x7B, 0x80, 0x00, 0x00, 0x00, 0x00, 0x00, 0x00,
        0x2E, 0x3C, 0x76, 0x60, 0x07, 0x76, 0x64, 0x47, 0x3E, 0x7B, 0x09, 0x90,
        0x00, 0x09, 0x90, 0x00, 0x28, 0x15, 0xAA, 0x23, 0xFA, 0x58, 0x8F, 0xD5,
        0x4B, 0x41, 0xEE, 0xF0, 0x0E, 0x37, 0x15, 0x73, 0x15, 0x0D, 0xA2, 0x23,
        0x3A, 0x10, 0x0D, 0xD1, 0x4A, 0x54, 0x63, 0xA3, 0x31, 0x1A, 0x09, 0x8D,
        0x00, 0x05, 0x00, 0x00, 0x00, 0x00, 0x00, 0x00, 0x00, 0x05, 0x00, 0x00,
        0x00, 0x00, 0x00, 0x00, 0x00, 0x05, 0x00, 0x00, 0x00, 0x00, 0x00, 0x00,
        0x00, 0x05, 0x00, 0x00, 0x00, 0x00, 0x00, 0x00, 0x00, 0x05, 0x00, 0x00,
        0x00, 0x00, 0x00, 0x00, 0x00, 0x05, 0x00, 0x00, 0x00, 0x00, 0x00, 0x00,
        0x00, 0x05, 0x00, 0x00, 0x00, 0x00, 0x00, 0x00, 0x00, 0x05, 0x00, 0x00,
        0x00, 0x00, 0x00, 0x00, 0x00, 0x05, 0x00, 0x00, 0x00, 0x00, 0x00, 0x00,
        0x00, 0x05, 0x00, 0x00, 0x00, 0x00, 0x00, 0x00, 0x00, 0x05, 0x00, 0x00,
        0x00, 0x00, 0x00, 0x00, 0x00, 0x05, 0x00, 0x00, 0x00, 0x00, 0x00, 0x00,
        0x00, 0x05, 0x00, 0x00, 0x00, 0x00, 0x00, 0x00, 0x00, 0x05, 0x00, 0x00,
        0x00, 0x00, 0x00, 0x00, 0x00, 0x05, 0x00, 0x00, 0x00, 0x00, 0x00, 0x00,
        0x00, 0x05, 0x00, 0x00, 0x00, 0x00, 0x00, 0x00, 0x00, 0x05, 0x00, 0x00,
        0x00, 0x00, 0x00, 0x00, 0x00, 0x05, 0x00, 0x00, 0x00, 0x00, 0x00, 0x00,
        0x00, 0x05, 0x00, 0x00, 0x00, 0x00, 0x00, 0x00, 0x00, 0x05, 0x00, 0x00,
        0x00, 0x00, 0x00, 0x00, 0x3C, 0x22, 0xA0, 0x03, 0x3A, 0xA0, 0x8F, 0xF9,
        0x45, 0x3E, 0x79, 0x95, 0x57, 0x79, 0x97, 0x9B, 0x20, 0x13, 0xEB, 0x23,
        0xFA, 0x60, 0x8F, 0xD5, 0x4C, 0x45, 0xEF, 0x90, 0x0E, 0x31, 0x95, 0x77,
        0x0F, 0x79, 0x40, 0x0A, 0xA4, 0x40, 0x0A, 0xA4, 0x02, 0x50, 0x89, 0x91,
        0x18, 0x89, 0x91, 0x18, 0x56, 0x32, 0xA2, 0x03, 0xFA, 0xA0, 0x8F, 0xF5,
        0x06, 0x16, 0x58, 0x83, 0x31, 0x18, 0x0B, 0xB1, 0x31, 0x1E, 0xEB, 0x23,
        0xF6, 0x58, 0x8F, 0xD5, 0x16, 0x26, 0x62, 0xA3, 0x35, 0x18, 0x0B, 0xAD,
        0x00, 0x05, 0x00, 0x00, 0x00, 0x00, 0x00, 0x00, 0x7B, 0x80, 0x00, 0x00,
        0x00, 0x00, 0x00, 0x00, 0x00, 0x05, 0x00, 0x00, 0x00, 0x00, 0x00, 0x00,
        0x7B, 0x80, 0x00, 0x00, 0x00, 0x00, 0x00, 0x00, 0x30, 0x3C, 0x76, 0x60,
        0x07, 0x76, 0x64, 0x47, 0x3E, 0x7B, 0x09, 0x90, 0x00, 0x09, 0x90, 0x00,
        0x2B, 0x19, 0xA2, 0x23, 0x3A, 0xA0, 0x8F, 0xF5, 0x48, 0x40, 0xA7, 0x70,
        0x0E, 0xEF, 0x10, 0x4F, 0x0F, 0x19, 0x9C, 0xD0, 0x49, 0xE1, 0x14, 0x4E,
        0x50, 0x48, 0xA6, 0x60, 0x0A, 0xEF, 0x14, 0x53, 0x00, 0x05, 0x00, 0x00,
        0x00, 0x00, 0x00, 0x00, 0x00, 0x05, 0x00, 0x00, 0x00, 0x00, 0x00, 0x00,
        0x00, 0x05, 0x00, 0x00, 0x00, 0x00, 0x00, 0x00, 0x00, 0x05, 0x00, 0x00,
        0x00, 0x00, 0x00, 0x00, 0x00, 0x05, 0x00, 0x00, 0x00, 0x00, 0x00, 0x00,
        0x00, 0x05, 0x00, 0x00, 0x00, 0x00, 0x00, 0x00, 0x00, 0x05, 0x00, 0x00,
        0x00, 0x00, 0x00, 0x00, 0x00, 0x05, 0x00, 0x00, 0x00, 0x00, 0x00, 0x00,
        0x00, 0x05, 0x00, 0x00, 0x00, 0x00, 0x00, 0x00, 0x00, 0x05, 0x00, 0x00,
        0x00, 0x00, 0x00, 0x00, 0x00, 0x05, 0x00, 0x00, 0x00, 0x00, 0x00, 0x00,
        0x00, 0x05, 0x00, 0x00, 0x00, 0x00, 0x00, 0x00, 0x00, 0x05, 0x00, 0x00,
        0x00, 0x00, 0x00, 0x00, 0x00, 0x05, 0x00, 0x00, 0x00, 0x00, 0x00, 0x00,
        0x00, 0x05, 0x00, 0x00, 0x00, 0x00, 0x00, 0x00, 0x00, 0x05, 0x00, 0x00,
        0x00, 0x00, 0x00, 0x00, 0x00, 0x05, 0x00, 0x00, 0x00, 0x00, 0x00, 0x00,
        0x00, 0x05, 0x00, 0x00, 0x00, 0x00, 0x00, 0x00, 0x00, 0x05, 0x00, 0x00,
        0x00, 0x00, 0x00, 0x00, 0x00, 0x05, 0x00, 0x00, 0x00, 0x00, 0x00, 0x00,
        0x79, 0x23, 0x7E, 0xE2, 0x3F, 0xFE, 0x33, 0x01, 0x3E, 0x44, 0x10, 0x03,
        0x31, 0xD0, 0x6A, 0xDB, 0x7D, 0x14, 0x4F, 0xF2, 0x24, 0x7F, 0x02, 0x00,
        0x45, 0x4C, 0x58, 0x83, 0x31, 0xD0, 0x6A, 0xDB, 0x83, 0x11, 0x89, 0x96,
        0x68, 0x89, 0x06, 0x00, 0x02, 0x50, 0x89, 0x91, 0x18, 0x89, 0x61, 0xDB,
        0x83, 0x35, 0xF5, 0x53, 0x3F, 0xF5, 0x03, 0x00, 0x06, 0x16, 0x18, 0x83,
        0xB1, 0x10, 0x6B, 0xDB, 0x83, 0x21, 0x7F, 0xF2, 0x27, 0x7F, 0x02, 0x00,
        0x16, 0x25, 0x5A, 0x83, 0xB1, 0xD0, 0x6A, 0xDB, 0x08, 0x6E, 0xB6, 0x6D,
        0xDB, 0xB6, 0x8D, 0x26, 0x7B, 0x80, 0x00, 0x00, 0x00, 0x00, 0x60, 0xDB,
        0x71, 0x77, 0xB6, 0x6D, 0xDB, 0xB6, 0x0D, 0x26, 0x7B, 0x80, 0x00, 0x00,
        0x00, 0x00, 0x60, 0xDB, 0x31, 0x78, 0xB6, 0x60, 0x0B, 0xB6, 0x90, 0xA8,
        0x3E, 0x7B, 0x09, 0x90, 0x00, 0x09, 0x60, 0xDB, 0x7B, 0x1A, 0x7F, 0xF2,
        0x27, 0x7F, 0x02, 0x00, 0x40, 0x48, 0x22, 0xA3, 0x31, 0x10, 0x6B, 0xDB,
        0x7E, 0x11, 0x49, 0x92, 0x24, 0x4F, 0x02, 0x00, 0x48, 0x50, 0x62, 0xA3,
        0xB1, 0x10, 0x6B, 0xDB, 0x00, 0x05, 0x00, 0x00, 0x00, 0x00, 0x00, 0x00,
        0x00, 0x05, 0x00, 0x00, 0x00, 0x00, 0x00, 0x00, 0x00, 0x05, 0x00, 0x00,
        0x00, 0x00, 0x00, 0x00, 0x00, 0x05, 0x00, 0x00, 0x00, 0x00, 0x00, 0x00,
        0x00, 0x05, 0x00, 0x00, 0x00, 0x00, 0x00, 0x00, 0x00, 0x05, 0x00, 0x00,
        0x00, 0x00, 0x00, 0x00, 0x00, 0x05, 0x00, 0x00, 0x00, 0x00, 0x00, 0x00,
        0x00, 0x05, 0x00, 0x00, 0x00, 0x00, 0x00, 0x00, 0x00, 0x05, 0x00, 0x00,
        0x00, 0x00, 0x00, 0x00, 0x00, 0x05, 0x00, 0x00, 0x00, 0x00, 0x00, 0x00,
        0x00, 0x05, 0x00, 0x00, 0x00, 0x00, 0x00, 0x00, 0x00, 0x05, 0x00, 0x00,
        0x00, 0x00, 0x00, 0x00, 0x00, 0x05, 0x00, 0x00, 0x00, 0x00, 0x00, 0x00,
        0x00, 0x05, 0x00, 0x00, 0x00, 0x00, 0x00, 0x00, 0x00, 0x05, 0x00, 0x00,
        0x00, 0x00, 0x00, 0x00, 0x00, 0x05, 0x00, 0x00, 0x00, 0x00, 0x00, 0x00,
        0x00, 0x05, 0x00, 0x00, 0x00, 0x00, 0x00, 0x00, 0x00, 0x05, 0x00, 0x00,
        0x00, 0x00, 0x00, 0x00, 0x00, 0x05, 0x00, 0x00, 0x00, 0x00, 0x00, 0x00,
        0x00, 0x05, 0x00, 0x00, 0x00, 0x00, 0x00, 0x00, 0x79, 0x45, 0x14, 0x70,
        0x6E, 0x31, 0x19, 0x97, 0x1D, 0x00, 0x49, 0xD2, 0x27, 0xF3, 0x8F, 0xFA,
        0x7D, 0x64, 0x00, 0x40, 0x6E, 0x77, 0x99, 0xDB, 0x01, 0x06, 0xB6, 0x6D,
        0xDB, 0x12, 0xC0, 0x49, 0x83, 0x6E, 0x9B, 0xD0, 0x02, 0x37, 0x90, 0x03,
        0x01, 0x06, 0xB6, 0x6D, 0xDB, 0xB6, 0x2D, 0xD8, 0x83, 0x88, 0x00, 0x00,
        0x00, 0x00, 0x00, 0x00, 0x00, 0x05, 0x00, 0x00, 0x00, 0x00, 0x00, 0x00,
        0x83, 0x88, 0x00, 0x00, 0x00, 0x00, 0x00, 0x00, 0x00, 0x05, 0x00, 0x00,
        0x00, 0x00, 0x00, 0x00, 0x08, 0x6E, 0x68, 0xE2, 0xB1, 0xD6, 0x68, 0x68,
        0x60, 0x00, 0x49, 0xB2, 0x27, 0xF2, 0x8F, 0xFA, 0x77, 0x3F, 0x02, 0x40,
        0x6E, 0x76, 0x99, 0xDB, 0x0A, 0x00, 0x49, 0xE2, 0x3F, 0xAC, 0x8D, 0xB1,
        0x41, 0x78, 0x09, 0xDA, 0x62, 0x24, 0xB4, 0x41, 0x30, 0x00, 0x49, 0x92,
        0xEC, 0x89, 0xFC, 0xA0, 0x7B, 0x55, 0x02, 0x50, 0x6E, 0x77, 0x99, 0xBB,
        0x0B, 0x00, 0x49, 0xF2, 0x3F, 0xEC, 0x8F, 0xD5, 0x7E, 0x68, 0x00, 0xC0,
        0x6D, 0x6E, 0x99, 0xDB, 0x01, 0x06, 0xB6, 0x6D, 0xDB, 0x00, 0x2C, 0x09,
        0x00, 0x05, 0x00, 0x00, 0x00, 0x00, 0x00, 0x00, 0x00, 0x05, 0x00, 0x00,
        0x00, 0x00, 0x00, 0x00, 0x00, 0x05, 0x00, 0x00, 0x00, 0x00, 0x00, 0x00,
        0x00, 0x05, 0x00, 0x00, 0x00, 0x00, 0x00, 0x00, 0x00, 0x05, 0x00, 0x00,
        0x00, 0x00, 0x00, 0x00, 0x00, 0x05, 0x00, 0x00, 0x00, 0x00, 0x00, 0x00,
        0x00, 0x05, 0x00, 0x00, 0x00, 0x00, 0x00, 0x00, 0x00, 0x05, 0x00, 0x00,
        0x00, 0x00, 0x00, 0x00, 0x00, 0x05, 0x00, 0x00, 0x00, 0x00, 0x00, 0x00,
        0x00, 0x05, 0x00, 0x00, 0x00, 0x00, 0x00, 0x00, 0x00, 0x05, 0x00, 0x00,
        0x00, 0x00, 0x00, 0x00, 0x00, 0x05, 0x00, 0x00, 0x00, 0x00, 0x00, 0x00,
        0x00, 0x05, 0x00, 0x00, 0x00, 0x00, 0x00, 0x00, 0x00, 0x05, 0x00, 0x00,
        0x00, 0x00, 0x00, 0x00, 0x00, 0x05, 0x00, 0x00, 0x00, 0x00, 0x00, 0x00,
        0x00, 0x05, 0x00, 0x00, 0x00, 0x00, 0x00, 0x00, 0x00, 0x05, 0x00, 0x00,
        0x00, 0x00, 0x00, 0x00, 0x00, 0x05, 0x00, 0x00, 0x00, 0x00, 0x00, 0x00,
        0x00, 0x05, 0x00, 0x00, 0x00, 0x00, 0x00, 0x00, 0x00, 0x05, 0x00, 0x00,
        0x00, 0x00, 0x00, 0x00, 0x6D, 0x44, 0x9F, 0xF0, 0x4E, 0x31, 0x17, 0x97,
        0x22, 0x01, 0x4E, 0x42, 0x3F, 0xAA, 0x0F, 0xDA, 0x76, 0x5F, 0x12, 0x50,
        0x4E, 0x6E, 0x99, 0xBB, 0x01, 0x06, 0xB6, 0x2D, 0x01, 0x9C, 0x94, 0x6E,
        0x83, 0x6A, 0x24, 0xE0, 0x02, 0x37, 0x90, 0x03, 0x01, 0x06, 0xB6, 0x6D,
        0xDB, 0x82, 0x2D, 0xD9, 0x83, 0x88, 0x00, 0x00, 0x00, 0x00, 0x00, 0x00,
        0x00, 0x05, 0x00, 0x00, 0x00, 0x00, 0x00, 0x00, 0x83, 0x88, 0x00, 0x00,
        0x00, 0x00, 0x00, 0x00, 0x00, 0x05, 0x00, 0x00, 0x00, 0x00, 0x00, 0x00,
        0x0D, 0x53, 0x5E, 0x63, 0xB1, 0xC6, 0x68, 0x68, 0x66, 0x03, 0x7C, 0x22,
        0x3F, 0xE8, 0x8F, 0xFA, 0x68, 0x36, 0x13, 0x50, 0x4E, 0x77, 0x99, 0xBB,
        0x0F, 0x00, 0x4F, 0x62, 0xFF, 0xAB, 0x8D, 0xB1, 0x6D, 0x41, 0x40, 0xB8,
        0xC5, 0x64, 0xEC, 0xE6, 0x33, 0x00, 0x09, 0x9F, 0xC8, 0x0F, 0xFA, 0xA3,
        0x72, 0x51, 0x94, 0x60, 0x4E, 0x77, 0x99, 0xB7, 0x0F, 0x00, 0x4F, 0x52,
        0xFF, 0xAB, 0x8F, 0xD5, 0x78, 0x64, 0x12, 0x40, 0x6E, 0x6E, 0x99, 0xBB,
        0x01, 0x06, 0xB6, 0x0D, 0xC0, 0x92, 0xC0, 0x49, 0x00, 0x05, 0x00, 0x00,
        0x00, 0x00, 0x00, 0x00, 0x00, 0x05, 0x00, 0x00, 0x00, 0x00, 0x00, 0x00,
        0x00, 0x05, 0x00, 0x00, 0x00, 0x00, 0x00, 0x00, 0x00, 0x05, 0x00, 0x00,
        0x00, 0x00, 0x00, 0x00, 0x00, 0x05, 0x00, 0x00, 0x00, 0x00, 0x00, 0x00,
        0x00, 0x05, 0x00, 0x00, 0x00, 0x00, 0x00, 0x00, 0x00, 0x05, 0x00, 0x00,
        0x00, 0x00, 0x00, 0x00, 0x00, 0x05, 0x00, 0x00, 0x00, 0x00, 0x00, 0x00,
        0x00, 0x05, 0x00, 0x00, 0x00, 0x00, 0x00, 0x00, 0x00, 0x05, 0x00, 0x00,
        0x00, 0x00, 0x00, 0x00, 0x00, 0x05, 0x00, 0x00, 0x00, 0x00, 0x00, 0x00,
        0x00, 0x05, 0x00, 0x00, 0x00, 0x00, 0x00, 0x00, 0x00, 0x05, 0x00, 0x00,
        0x00, 0x00, 0x00, 0x00, 0x00, 0x05, 0x00, 0x00, 0x00, 0x00, 0x00, 0x00,
        0x00, 0x05, 0x00, 0x00, 0x00, 0x00, 0x00, 0x00, 0x00, 0x05, 0x00, 0x00,
        0x00, 0x00, 0x00, 0x00, 0x00, 0x05, 0x00, 0x00, 0x00, 0x00, 0x00, 0x00,
        0x00, 0x05, 0x00, 0x00, 0x00, 0x00, 0x00, 0x00, 0x00, 0x05, 0x00, 0x00,
        0x00, 0x00, 0x00, 0x00, 0x00, 0x05, 0x00, 0x00, 0x00, 0x00, 0x00, 0x00,
        0x5A, 0x43, 0xE9, 0x10, 0x53, 0x31, 0x17, 0x97, 0x2B, 0x08, 0xF3, 0xA3,
        0xFE, 0xA0, 0x0F, 0xDA, 0x68, 0x55, 0x9C, 0x60, 0x4E, 0x37, 0x17, 0x97,
        0x0C, 0x03, 0x75, 0xC2, 0xFA, 0x62, 0x0D, 0xB1, 0x83, 0x61, 0x36, 0x70,
        0x03, 0x3F, 0x90, 0x00, 0x02, 0x07, 0x80, 0x2D, 0xD9, 0x94, 0x5D, 0xDA,
        0x83, 0x88, 0x00, 0x00, 0x00, 0x00, 0x00, 0x00, 0x00, 0x05, 0x00, 0x00,
        0x00, 0x00, 0x00, 0x00, 0x83, 0x88, 0x00, 0x00, 0x00, 0x00, 0x00, 0x00,
        0x00, 0x05, 0x00, 0x00, 0x00, 0x00, 0x00, 0x00, 0x2B, 0x00, 0xF1, 0x10,
        0x53, 0x79, 0x97, 0x97, 0x6F, 0x14, 0xF2, 0x83, 0x3E, 0xA8, 0x0F, 0xFA,
        0x4A, 0x23, 0x9D, 0x60, 0x4E, 0x2F, 0x97, 0x97, 0x07, 0x1C, 0x13, 0xC0,
        0x49, 0xE5, 0x94, 0x72, 0x52, 0x3C, 0x82, 0xC9, 0x99, 0xAE, 0x1B, 0xBB,
        0x37, 0x05, 0x09, 0x9A, 0xA0, 0x3F, 0xF8, 0x83, 0x61, 0x4A, 0xA6, 0xF0,
        0x4E, 0x37, 0x17, 0x97, 0x18, 0x05, 0xF4, 0xB3, 0xFA, 0xA2, 0x8D, 0xD5,
        0x6B, 0x5A, 0x9C, 0x50, 0x6E, 0x6F, 0x97, 0xB7, 0x09, 0x02, 0x7E, 0xC2,
        0xFE, 0x63, 0x8D, 0xB1, 0x1F, 0x7C, 0xB6, 0x6D, 0xDB, 0xB6, 0x8D, 0x26,
        0x00, 0x05, 0x00, 0x00, 0x00, 0x00, 0x00, 0x00, 0x7D, 0x82, 0xB6, 0x6D,
        0xDB, 0xB6, 0x0D, 0x49, 0x00, 0x05, 0x00, 0x00, 0x00, 0x00, 0x00, 0x00,
        0x1F, 0x7C, 0xB6, 0x6D, 0xDB, 0xB6, 0x8D, 0x26, 0x1F, 0x24, 0xB6, 0x6D,
        0xDB, 0xB6, 0x0D, 0xDB, 0x7D, 0x82, 0xB6, 0x6D, 0xDB, 0xB6, 0x0D, 0x49,
        0x00, 0x05, 0x00, 0x00, 0x00, 0x00, 0x00, 0x00, 0x00, 0x05, 0x00, 0x00,
        0x00, 0x00, 0x00, 0x00, 0x00, 0x05, 0x00, 0x00, 0x00, 0x00, 0x00, 0x00,
        0x00, 0x05, 0x00, 0x00, 0x00, 0x00, 0x00, 0x00, 0x00, 0x05, 0x00, 0x00,
        0x00, 0x00, 0x00, 0x00, 0x70, 0x7D, 0xB6, 0x6D, 0xDB, 0xB6, 0x1D, 0x34,
        0x00, 0x05, 0x00, 0x00, 0x00, 0x00, 0x00, 0x00, 0x7D, 0x82, 0xB6, 0x6D,
        0xDB, 0xB6, 0x0D, 0x49, 0x00, 0x05, 0x00, 0x00, 0x00, 0x00, 0x00, 0x00,
        0x1F, 0x7C, 0xB6, 0x6D, 0xDB, 0xB6, 0x8D, 0x26, 0x1F, 0x24, 0xB6, 0x6D,
        0xDB, 0xB6, 0x0D, 0xDB, 0x7D, 0x82, 0xB6, 0x6D, 0xDB, 0xB6, 0x0D, 0x49,
        0x00, 0x05, 0x00, 0x00, 0x00, 0x00, 0x00, 0x00, 0x56, 0x43, 0xE9, 0x10,
        0x4F, 0x31, 0x97, 0x77, 0x2D, 0x0B, 0xEA, 0xA3, 0x3A, 0xA0, 0x0F, 0xD6,
        0x64, 0x53, 0x9D, 0xE0, 0x4E, 0x2F, 0x17, 0x97, 0x0E, 0x04, 0xF5, 0xC3,
        0xFA, 0x62, 0x8D, 0xB1, 0x83, 0x5F, 0x36, 0xF0, 0x03, 0x39, 0x90, 0x00,
        0x03, 0x08, 0x80, 0x3D, 0xD8, 0x9C, 0x5D, 0xDA, 0x83, 0x88, 0x00, 0x00,
        0x00, 0x00, 0x00, 0x00, 0x00, 0x05, 0x00, 0x00, 0x00, 0x00, 0x00, 0x00,
        0x83, 0x88, 0x00, 0x00, 0x00, 0x00, 0x00, 0x00, 0x00, 0x05, 0x00, 0x00,
        0x00, 0x00, 0x00, 0x00, 0x24, 0x00, 0xF1, 0x10, 0x53, 0x79, 0x97, 0x77,
        0x71, 0x1A, 0xEA, 0x83, 0x3E, 0xA0, 0x0F, 0xFA, 0x43, 0x20, 0x9D, 0xE0,
        0x4E, 0x37, 0x97, 0x97, 0x20, 0x0A, 0xF5, 0xC3, 0xFA, 0x62, 0x8D, 0xB1,
        0x4C, 0x38, 0x42, 0xC7, 0x75, 0x6E, 0x17, 0x97, 0x38, 0x07, 0x09, 0x9A,
        0x80, 0x3F, 0xF8, 0x83, 0x5D, 0x49, 0xA6, 0xF0, 0x4E, 0x31, 0x17, 0x97,
        0x1B, 0x07, 0xF4, 0xB3, 0xFA, 0x62, 0x8D, 0xD5, 0x67, 0x58, 0x9C, 0x60,
        0x4E, 0x37, 0x97, 0x97, 0x0B, 0x03, 0x75, 0xC2, 0xFA, 0x62, 0x0D, 0xB1,
        0x7C, 0x00, 0x16, 0x10, 0x0A, 0x09, 0x95, 0x98, 0x00, 0x05, 0x00, 0x00,
        0x00, 0x00, 0x00, 0x00, 0x7E, 0x5E, 0x00, 0x20, 0x01, 0x9C, 0x14, 0x73,
        0x00, 0x05, 0x00, 0x00, 0x00, 0x00, 0x00, 0x00, 0x7C, 0x00, 0x16, 0x10,
        0x0A, 0x09, 0x95, 0x98, 0x72, 0x00, 0x4E, 0xC2, 0x24, 0x4A, 0x82, 0x26,
        0x7E, 0x5E, 0x00, 0x20, 0x01, 0x9C, 0x14, 0x73, 0x00, 0x05, 0x00, 0x00,
        0x00, 0x00, 0x00, 0x00, 0x00, 0x05, 0x00, 0x00, 0x00, 0x00, 0x00, 0x00,
        0x00, 0x05, 0x00, 0x00, 0x00, 0x00, 0x00, 0x00, 0x00, 0x05, 0x00, 0x00,
        0x00, 0x00, 0x00, 0x00, 0x00, 0x05, 0x00, 0x00, 0x00, 0x00, 0x00, 0x00,
        0x7D, 0x20, 0x10, 0x40, 0x4A, 0x0A, 0x07, 0xBF, 0x00, 0x05, 0x00, 0x00,
        0x00, 0x00, 0x00, 0x00, 0x7E, 0x5E, 0x00, 0x20, 0x01, 0x9C, 0x14, 0x73,
        0x00, 0x05, 0x00, 0x00, 0x00, 0x00, 0x00, 0x00, 0x7C, 0x00, 0x16, 0x10,
        0x0A, 0x09, 0x95, 0x98, 0x72, 0x00, 0x4E, 0xC2, 0x24, 0x4A, 0x82, 0x26,
        0x7E, 0x5E, 0x00, 0x20, 0x01, 0x9C, 0x14, 0x73, 0x00, 0x05, 0x00, 0x00,
        0x00, 0x00, 0x00, 0x00, 0x50, 0x42, 0x31, 0x11, 0x53, 0x79, 0x97, 0x97,
        0x32, 0x12, 0xEA, 0x23, 0x3A, 0xA0, 0x0F, 0xFA, 0x5C, 0x4E, 0xA6, 0xE0,
        0x4E, 0x37, 0x17, 0x97, 0x13, 0x08, 0xF4, 0xB3, 0xFA, 0x62, 0x8D, 0xB5,
        0x83, 0x5A, 0x3F, 0x90, 0x03, 0x09, 0x90, 0x00, 0x06, 0x0B, 0x82, 0x2D,
        0xD9, 0x94, 0x5D, 0xDA, 0x83, 0x88, 0x00, 0x00, 0x00, 0x00, 0x00, 0x00,
        0x00, 0x05, 0x00, 0x00, 0x00, 0x00, 0x00, 0x00, 0x83, 0x88, 0x00, 0x00,
        0x00, 0x00, 0x00, 0x00, 0x00, 0x05, 0x00, 0x00, 0x00, 0x00, 0x00, 0x00,
        0x04, 0x18, 0x06, 0x63, 0xAC, 0xC6, 0x68, 0x88, 0x74, 0x29, 0xE8, 0x03,
        0x3A, 0xA0, 0x0F, 0xFA, 0x33, 0x17, 0xE6, 0xF0, 0x4E, 0x31, 0x97, 0x97,
        0x2A, 0x12, 0xF4, 0xB3, 0xFA, 0x62, 0x8F, 0xD5, 0x44, 0x2C, 0x9C, 0x60,
        0x0A, 0xAF, 0x90, 0x0B, 0x3A, 0x0C, 0x09, 0xF8, 0x80, 0x3F, 0xE8, 0x63,
        0x55, 0x46, 0xEF, 0xF0, 0x4E, 0x31, 0x15, 0x77, 0x21, 0x0C, 0xEB, 0xA3,
        0xFA, 0xA2, 0x8F, 0xD5, 0x60, 0x53, 0xA5, 0xE0, 0x4E, 0x37, 0x97, 0x97,
        0x0E, 0x06, 0xEB, 0x23, 0xF6, 0x58, 0x0B, 0xAD, 0x75, 0x00, 0xA1, 0x90,
        0x50, 0x89, 0x99, 0xA4, 0x00, 0x05, 0x00, 0x00, 0x00, 0x00, 0x00, 0x00,
        0x7D, 0x4B, 0x00, 0x30, 0x09, 0xE5, 0x14, 0x73, 0x00, 0x05, 0x00, 0x00,
        0x00, 0x00, 0x00, 0x00, 0x75, 0x00, 0xA1, 0x90, 0x50, 0x89, 0x99, 0xA4,
        0x78, 0x00, 0x4C, 0xA2, 0x24, 0x68, 0x02, 0x26, 0x7D, 0x4B, 0x00, 0x30,
        0x09, 0xE5, 0x14, 0x73, 0x00, 0x05, 0x00, 0x00, 0x00, 0x00, 0x00, 0x00,
        0x00, 0x05, 0x00, 0x00, 0x00, 0x00, 0x00, 0x00, 0x00, 0x05, 0x00, 0x00,
        0x00, 0x00, 0x00, 0x00, 0x00, 0x05, 0x00, 0x00, 0x00, 0x00, 0x00, 0x00,
        0x00, 0x05, 0x00, 0x00, 0x00, 0x00, 0x00, 0x00, 0x79, 0x01, 0x9B, 0x00,
        0x4F, 0xA0, 0x89, 0xA5, 0x00, 0x05, 0x00, 0x00, 0x00, 0x00, 0x00, 0x00,
        0x7D, 0x4B, 0x00, 0x30, 0x09, 0xE5, 0x14, 0x73, 0x00, 0x05, 0x00, 0x00,
        0x00, 0x00, 0x00, 0x00, 0x75, 0x00, 0xA1, 0x90, 0x50, 0x89, 0x99, 0xA4,
        0x78, 0x00, 0x4C, 0xA2, 0x24, 0x68, 0x02, 0x26, 0x7D, 0x4B, 0x00, 0x30,
        0x09, 0xE5, 0x14, 0x73, 0x00, 0x05, 0x00, 0x00, 0x00, 0x00, 0x00, 0x00,
        0x4E, 0x42, 0xF1, 0x10, 0x53, 0x31, 0x97, 0x73, 0x32, 0x13, 0xEA, 0x03,
        0x3A, 0xA0, 0x0F, 0xF6, 0x4E, 0x5A, 0x63, 0xA3, 0x31, 0x18, 0x0B, 0x8D,
        0x15, 0x09, 0xF4, 0xB3, 0xFA, 0xA2, 0x8D, 0xD5, 0x83, 0x57, 0x3F, 0xF0,
        0x03, 0x39, 0x90, 0x00, 0x07, 0x0C, 0x80, 0x3D, 0xD8, 0x9C, 0x5D, 0xDA,
        0x83, 0x88, 0x00, 0x00, 0x00, 0x00, 0x00, 0x00, 0x00, 0x05, 0x00, 0x00,
        0x00, 0x00, 0x00, 0x00, 0x83, 0x88, 0x00, 0x00, 0x00, 0x00, 0x00, 0x00,
        0x00, 0x05, 0x00, 0x00, 0x00, 0x00, 0x00, 0x00, 0x15, 0x00, 0x31, 0x91,
        0x53, 0x79, 0x97, 0x77, 0x75, 0x2D, 0xE8, 0x03, 0x3A, 0xA0, 0x0F, 0xFA,
        0x2F, 0x16, 0xA6, 0xF0, 0x4E, 0x71, 0x97, 0x77, 0x2D, 0x14, 0xEC, 0xB3,
        0xFA, 0x62, 0x8F, 0xD1, 0x44, 0x2B, 0xA5, 0xF0, 0x0A, 0xB9, 0x90, 0x0B,
        0x3A, 0x0F, 0x09, 0xF8, 0x80, 0x0F, 0xE8, 0x63, 0x46, 0x53, 0x5A, 0x83,
        0x31, 0x18, 0x0B, 0xAD, 0x22, 0x0E, 0xEB, 0x23, 0xFA, 0x60, 0x8F, 0xD5,
        0x5E, 0x52, 0xA6, 0xE0, 0x4E, 0x37, 0x17, 0x97, 0x10, 0x07, 0xAC, 0xB3,
        0xDA, 0x62, 0x0D, 0xB1, 0x16, 0x30, 0xB6, 0x63, 0x1B, 0xB6, 0x6D, 0xDB,
        0x00, 0x05, 0x00, 0x00, 0x00, 0x00, 0x00, 0x00, 0x6B, 0x10, 0x13, 0xD0,
        0x49, 0xEF, 0x16, 0x73, 0x00, 0x05, 0x00, 0x00, 0x00, 0x00, 0x00, 0x00,
        0x16, 0x30, 0xB6, 0x63, 0x1B, 0xB6, 0x6D, 0xDB, 0x7C, 0x00, 0x60, 0x82,
        0x39, 0x50, 0x03, 0xF1, 0x6B, 0x10, 0x13, 0xD0, 0x49, 0xEF, 0x16, 0x73,
        0x00, 0x05, 0x00, 0x00, 0x00, 0x00, 0x00, 0x00, 0x00, 0x05, 0x00, 0x00,
        0x00, 0x00, 0x00, 0x00, 0x00, 0x05, 0x00, 0x00, 0x00, 0x00, 0x00, 0x00,
        0x00, 0x05, 0x00, 0x00, 0x00, 0x00, 0x00, 0x00, 0x00, 0x05, 0x00, 0x00,
        0x00, 0x00, 0x00, 0x00, 0x7C, 0x00, 0x58, 0x8A, 0xF9, 0x50, 0x03, 0xF1,
        0x00, 0x05, 0x00, 0x00, 0x00, 0x00, 0x00, 0x00, 0x6B, 0x10, 0x13, 0xD0,
        0x49, 0xEF, 0x16, 0x73, 0x00, 0x05, 0x00, 0x00, 0x00, 0x00, 0x00, 0x00,
        0x16, 0x30, 0xB6, 0x63, 0x1B, 0xB6, 0x6D, 0xDB, 0x7C, 0x00, 0x60, 0x82,
        0x39, 0x50, 0x03, 0xF1, 0x6B, 0x10, 0x13, 0xD0, 0x49, 0xEF, 0x16, 0x73,
        0x00, 0x05, 0x00, 0x00, 0x00, 0x00, 0x00, 0x00, 0x4B, 0x42, 0xF1, 0x10,
        0x13, 0x71, 0x15, 0x77, 0x34, 0x19, 0xA8, 0x03, 0x3A, 0xA0, 0x0F, 0xFA,
        0x55, 0x4B, 0xA6, 0xF0, 0x0E, 0x37, 0x17, 0x73, 0x0C, 0x18, 0x9D, 0x50,
        0x4E, 0xE1, 0x94, 0x72, 0x83, 0x54, 0x39, 0x90, 0x03, 0x09, 0x90, 0x00,
        0x0A, 0x0F, 0x82, 0x3D, 0xD9, 0x9C, 0xDD, 0xD9, 0x83, 0x88, 0x00, 0x00,
        0x00, 0x00, 0x00, 0x00, 0x00, 0x05, 0x00, 0x00, 0x00, 0x00, 0x00, 0x00,
        0x83, 0x88, 0x00, 0x00, 0x00, 0x00, 0x00, 0x00, 0x00, 0x05, 0x00, 0x00,
        0x00, 0x00, 0x00, 0x00, 0x02, 0x0F, 0x06, 0x63, 0xAC, 0xC6, 0x6A, 0xAC,
        0x77, 0x37, 0xA0, 0x03, 0x3A, 0xA0, 0x0F, 0xFA, 0x26, 0x10, 0xA6, 0xF0,
        0x52, 0x37, 0x15, 0x77, 0x35, 0x1C, 0xEB, 0x23, 0x3A, 0x60, 0x8D, 0xD5,
        0x43, 0x21, 0x2E, 0x70, 0x03, 0x37, 0x90, 0x03, 0x3B, 0x16, 0x0F, 0xF8,
        0x80, 0x3F, 0xE6, 0x63, 0x4F, 0x45, 0xEF, 0x10, 0x13, 0x31, 0x15, 0x73,
        0x26, 0x13, 0xEA, 0x23, 0x3A, 0xA0, 0x8F, 0xD5, 0x59, 0x4E, 0x9D, 0xF0,
        0x4E, 0x2F, 0x97, 0x77, 0x13, 0x0B, 0xEB, 0xA3, 0x3A, 0x50, 0x0F, 0xD1,
        0x16, 0x1B, 0xB6, 0x61, 0xDB, 0xB6, 0x6D, 0xDB, 0x00, 0x05, 0x00, 0x00,
        0x00, 0x00, 0x00, 0x00, 0x62, 0x00, 0x9C, 0x60, 0x4E, 0x2F, 0x17, 0x77,
        0x00, 0x05, 0x00, 0x00, 0x00, 0x00, 0x00, 0x00, 0x16, 0x1B, 0xB6, 0x61,
        0xDB, 0xB6, 0x6D, 0xDB, 0x7D, 0x00, 0x98, 0x03, 0x35, 0x10, 0x0F, 0xD1,
        0x62, 0x00, 0x9C, 0x60, 0x4E, 0x2F, 0x17, 0x77, 0x00, 0x05, 0x00, 0x00,
        0x00, 0x00, 0x00, 0x00, 0x00, 0x05, 0x00, 0x00, 0x00, 0x00, 0x00, 0x00,
        0x00, 0x05, 0x00, 0x00, 0x00, 0x00, 0x00, 0x00, 0x00, 0x05, 0x00, 0x00,
        0x00, 0x00, 0x00, 0x00, 0x00, 0x05, 0x00, 0x00, 0x00, 0x00, 0x00, 0x00,
        0x7D, 0x00, 0x98, 0x0F, 0x35, 0x10, 0x0F, 0xD1, 0x00, 0x05, 0x00, 0x00,
        0x00, 0x00, 0x00, 0x00, 0x62, 0x00, 0x9C, 0x60, 0x4E, 0x2F, 0x17, 0x77,
        0x00, 0x05, 0x00, 0x00, 0x00, 0x00, 0x00, 0x00, 0x16, 0x1B, 0xB6, 0x61,
        0xDB, 0xB6, 0x6D, 0xDB, 0x7D, 0x00, 0x98, 0x03, 0x35, 0x10, 0x0F, 0xD1,
        0x62, 0x00, 0x9C, 0x60, 0x4E, 0x2F, 0x17, 0x77, 0x00, 0x05, 0x00, 0x00,
        0x00, 0x00, 0x00, 0x00, 0x4A, 0x42, 0xF1, 0x10, 0x13, 0x31, 0x15, 0x57,
        0x35, 0x1A, 0xA0, 0x03, 0x3A, 0xA0, 0x0F, 0xF6, 0x55, 0x4B, 0xEF, 0x70,
        0x73, 0x31, 0x97, 0x9B, 0x1A, 0x0E, 0xEB, 0x33, 0xFA, 0x62, 0x8D, 0xD5,
        0x83, 0x52, 0x3F, 0x90, 0x03, 0x39, 0x90, 0x00, 0x0B, 0x10, 0x82, 0x3D,
        0xD9, 0x94, 0x5D, 0xDA, 0x83, 0x88, 0x00, 0x00, 0x00, 0x00, 0x00, 0x00,
        0x00, 0x05, 0x00, 0x00, 0x00, 0x00, 0x00, 0x00, 0x83, 0x88, 0x00, 0x00,
        0x00, 0x00, 0x00, 0x00, 0x00, 0x05, 0x00, 0x00, 0x00, 0x00, 0x00, 0x00,
        0x02, 0x0D, 0xC6, 0x62, 0x2C, 0xC6, 0x62, 0xA8, 0x77, 0x3A, 0xA0, 0x03,
        0x3A, 0xA0, 0x0F, 0xFA, 0x22, 0x0F, 0xE7, 0xF0, 0x0E, 0x29, 0x15, 0x73,
        0x38, 0x1D, 0xEB, 0x23, 0xFA, 0x62, 0x8F, 0xD1, 0x43, 0x21, 0x37, 0x70,
        0x03, 0x39, 0x90, 0x03, 0x3B, 0x17, 0x0F, 0xF8, 0x60, 0x3F, 0xE6, 0x63,
        0x4E, 0x44, 0xEF, 0xF0, 0x0E, 0x37, 0x15, 0x73, 0x27, 0x14, 0xAA, 0x23,
        0x3A, 0xA0, 0x8F, 0xD5, 0x57, 0x4E, 0xA6, 0xE0, 0x0E, 0x71, 0x15, 0x77,
        0x0B, 0x15, 0x94, 0x50, 0x0A, 0xE5, 0x14, 0x52, 0x00, 0x05, 0x00, 0x00,
        0x00, 0x00, 0x00, 0x00, 0x00, 0x05, 0x00, 0x00, 0x00, 0x00, 0x00, 0x00,
        0x0B, 0x40, 0x5E, 0x63, 0xAC, 0xB6, 0x68, 0x63, 0x00, 0x05, 0x00, 0x00,
        0x00, 0x00, 0x00, 0x00, 0x00, 0x05, 0x00, 0x00, 0x00, 0x00, 0x00, 0x00,
        0x7E, 0x23, 0x50, 0x03, 0xF1, 0x10, 0x0D, 0xAD, 0x0B, 0x40, 0x5E, 0x63,
        0xAC, 0xB6, 0x68, 0x63, 0x0C, 0x27, 0xB6, 0x0D, 0xDB, 0xB4, 0x1D, 0xD8,
        0x00, 0x05, 0x00, 0x00, 0x00, 0x00, 0x00, 0x00, 0x00, 0x05, 0x00, 0x00,
        0x00, 0x00, 0x00, 0x00, 0x00, 0x05, 0x00, 0x00, 0x00, 0x00, 0x00, 0x00,
        0x00, 0x05, 0x00, 0x00, 0x00, 0x00, 0x00, 0x00, 0x7E, 0x23, 0x50, 0x03,
        0xF1, 0x10, 0x0D, 0xAD, 0x00, 0x05, 0x00, 0x00, 0x00, 0x00, 0x00, 0x00,
        0x40, 0x00, 0xE9, 0xE0, 0x53, 0x8D, 0xC7, 0xBF, 0x00, 0x05, 0x00, 0x00,
        0x00, 0x00, 0x00, 0x00, 0x00, 0x05, 0x00, 0x00, 0x00, 0x00, 0x00, 0x00,
        0x7E, 0x23, 0x50, 0x03, 0xF1, 0x10, 0x0D, 0xAD, 0x0B, 0x40, 0x5E, 0x63,
        0xAC, 0xB6, 0x68, 0x63, 0x0C, 0x27, 0xB6, 0x0D, 0xDB, 0xB4, 0x1D, 0xD8,
        0x49, 0x42, 0x71, 0x15, 0x57, 0x79, 0x97, 0x97, 0x37, 0x1E, 0xA0, 0x03,
        0x3A, 0xA0, 0x0F, 0xF6, 0x50, 0x49, 0xEE, 0x90, 0x0E, 0x31, 0x15, 0x77,
        0x11, 0x1D, 0x9D, 0x50, 0x0E, 0xE1, 0x14, 0x4E, 0x83, 0x50, 0x39, 0x90,
        0x03, 0x09, 0x90, 0x00, 0x0E, 0x13, 0x82, 0x4D, 0xD8, 0x94, 0x5D, 0xDA,
        0x83, 0x88, 0x00, 0x00, 0x00, 0x00, 0x00, 0x00, 0x00, 0x05, 0x00, 0x00,
        0x00, 0x00, 0x00, 0x00, 0x83, 0x88, 0x00, 0x00, 0x00, 0x00, 0x00, 0x00,
        0x00, 0x05, 0x00, 0x00, 0x00, 0x00, 0x00, 0x00, 0x0A, 0x00, 0x31, 0x11,
        0x13, 0x39, 0x91, 0x77, 0x78, 0x42, 0xA0, 0x03, 0x3A, 0xA0, 0x0F, 0xFA,
        0x0C, 0x1D, 0x5A, 0xA3, 0xB1, 0x18, 0x0B, 0xAD, 0x3E, 0x25, 0xAB, 0x23,
        0x3A, 0x58, 0x8F, 0xD5, 0x43, 0x1C, 0x37, 0x90, 0x03, 0x39, 0x90, 0x03,
        0x3C, 0x1D, 0x0F, 0xF8, 0x80, 0x3E, 0xE6, 0x63, 0x44, 0x4B, 0x58, 0x83,
        0x35, 0x18, 0x03, 0xB1, 0x2A, 0x18, 0xA2, 0x23, 0x3A, 0xA0, 0x0F, 0xF6,
        0x54, 0x4C, 0xA6, 0xF0, 0x4E, 0x31, 0x15, 0x73, 0x18, 0x0E, 0xAB, 0x33,
        0xFA, 0x60, 0x8D, 0xD1, 0x00, 0x05, 0x00, 0x00, 0x00, 0x00, 0x00, 0x00,
        0x00, 0x05, 0x00, 0x00, 0x00, 0x00, 0x00, 0x00, 0x0B, 0x34, 0x06, 0x63,
        0xAB, 0x36, 0x66, 0x5B, 0x00, 0x05, 0x00, 0x00, 0x00, 0x00, 0x00, 0x00,
        0x00, 0x05, 0x00, 0x00, 0x00, 0x00, 0x00, 0x00, 0x7E, 0x30, 0x50, 0x03,
        0xF1, 0x10, 0x0D, 0xAD, 0x0B, 0x34, 0x06, 0x63, 0xAB, 0x36, 0x66, 0x5B,
        0x30, 0x00, 0x4E, 0xC2, 0x24, 0x72, 0x82, 0x26, 0x00, 0x05, 0x00, 0x00,
        0x00, 0x00, 0x00, 0x00, 0x00, 0x05, 0x00, 0x00, 0x00, 0x00, 0x00, 0x00,
        0x00, 0x05, 0x00, 0x00, 0x00, 0x00, 0x00, 0x00, 0x00, 0x05, 0x00, 0x00,
        0x00, 0x00, 0x00, 0x00, 0x7E, 0x30, 0x50, 0x03, 0xF1, 0x10, 0x0D, 0xAD,
        0x00, 0x05, 0x00, 0x00, 0x00, 0x00, 0x00, 0x00, 0x34, 0x00, 0xF6, 0xC0,
        0x54, 0xB3, 0x89, 0xA6, 0x00, 0x05, 0x00, 0x00, 0x00, 0x00, 0x00, 0x00,
        0x00, 0x05, 0x00, 0x00, 0x00, 0x00, 0x00, 0x00, 0x7E, 0x30, 0x50, 0x03,
        0xF1, 0x10, 0x0D, 0xAD, 0x0B, 0x34, 0x06, 0x63, 0xAB, 0x36, 0x66, 0x5B,
        0x30, 0x00, 0x4E, 0xC2, 0x24, 0x72, 0x82, 0x26, 0x48, 0x40, 0xE6, 0xE0,
        0x0E, 0xEE, 0x14, 0xDB, 0x1F, 0x3D, 0x9D, 0xD0, 0x09, 0x9D, 0x90, 0x24,
        0x50, 0x42, 0x9D, 0x50, 0x0E, 0xE5, 0x94, 0x24, 0x3D, 0x12, 0x7F, 0xE2,
        0x27, 0xFE, 0x03, 0x00, 0x83, 0x42, 0x36, 0x60, 0x03, 0x36, 0x90, 0xF4,
        0x3D, 0x00, 0x76, 0x62, 0x27, 0x76, 0x02, 0x50, 0x42, 0x83, 0x49, 0x92,
        0x24, 0x49, 0x02, 0x00, 0x35, 0x3A, 0xB6, 0x6D, 0xDB, 0xB6, 0x8D, 0x35,
        0x42, 0x83, 0x49, 0x92, 0x24, 0x49, 0x02, 0x00, 0x3B, 0x40, 0xB6, 0x6D,
        0xDB, 0xB6, 0x0D, 0x48, 0x37, 0x00, 0xC9, 0x9F, 0xFC, 0xC9, 0xFF, 0x01,
        0x3D, 0x78, 0xE1, 0x14, 0x4E, 0xE1, 0x04, 0x00, 0x3B, 0x0C, 0xB9, 0x9D,
        0xDB, 0xC9, 0x0D, 0x00, 0x26, 0x3E, 0xA5, 0x10, 0x4E, 0xE1, 0x94, 0x24,
        0x43, 0x1C, 0x39, 0x90, 0x03, 0x39, 0x20, 0x01, 0x3D, 0x1E, 0x0F, 0xE8,
        0x83, 0x3E, 0x06, 0x00, 0x4B, 0x42, 0xAE, 0xE0, 0x0E, 0xEE, 0x94, 0x24,
        0x3D, 0x19, 0xF5, 0x53, 0x3F, 0xF5, 0x03, 0x00, 0x52, 0x42, 0x13, 0xC0,
        0x09, 0x9C, 0x90, 0x24, 0x3D, 0x0F, 0x7F, 0xF2, 0x27, 0xFF, 0x03, 0x00,
        0x00, 0x05, 0x00, 0x00, 0x00, 0x00, 0x00, 0x00, 0x00, 0x05, 0x00, 0x00,
        0x00, 0x00, 0x00, 0x00, 0x09, 0x13, 0xB6, 0x63, 0x1B, 0xB6, 0x6D, 0xDB,
        0x00, 0x05, 0x00, 0x00, 0x00, 0x00, 0x00, 0x00, 0x00, 0x05, 0x00, 0x00,
        0x00, 0x00, 0x00, 0x00, 0x7E, 0x4C, 0x10, 0x03, 0xF1, 0x10, 0x0D, 0xCC,
        0x09, 0x13, 0xB6, 0x63, 0x1B, 0xB6, 0x6D, 0xDB, 0x46, 0x00, 0x73, 0xA2,
        0x3E, 0xA2, 0x83, 0xF5, 0x00, 0x05, 0x00, 0x00, 0x00, 0x00, 0x00, 0x00,
        0x00, 0x05, 0x00, 0x00, 0x00, 0x00, 0x00, 0x00, 0x00, 0x05, 0x00, 0x00,
        0x00, 0x00, 0x00, 0x00, 0x00, 0x05, 0x00, 0x00, 0x00, 0x00, 0x00, 0x00,
        0x7E, 0x4C, 0x10, 0x03, 0xF1, 0x10, 0x0D, 0xCC, 0x00, 0x05, 0x00, 0x00,
        0x00, 0x00, 0x00, 0x00, 0x46, 0x00, 0x73, 0xAC, 0xFE, 0xA2, 0x83, 0xF5,
        0x00, 0x05, 0x00, 0x00, 0x00, 0x00, 0x00, 0x00, 0x00, 0x05, 0x00, 0x00,
        0x00, 0x00, 0x00, 0x00, 0x7E, 0x4C, 0x10, 0x03, 0xF1, 0x10, 0x0D, 0xCC,
        0x09, 0x13, 0xB6, 0x63, 0x1B, 0xB6, 0x6D, 0xDB, 0x46, 0x00, 0x73, 0xA2,
        0x3E, 0xA2, 0x83, 0xF5, 0x40, 0x45, 0xD8, 0xA6, 0x6D, 0xDA, 0xB6, 0x6D,
        0x3D, 0x42, 0x00, 0x00, 0x00, 0x00, 0x00, 0x00, 0x42, 0x47, 0x00, 0x00,
        0x00, 0x00, 0x00, 0x00, 0x3D, 0x42, 0x00, 0x00, 0x00, 0x00, 0x00, 0x00,
        0x75, 0x42, 0x09, 0x9F, 0xC8, 0x09, 0x9A, 0xA0, 0x3D, 0x03, 0x00, 0x07,
        0xBC, 0x40, 0x0C, 0xE4, 0x51, 0x42, 0x4F, 0x52, 0xFF, 0xAB, 0x8F, 0xD5,
        0x3A, 0x17, 0x12, 0x50, 0x6E, 0x77, 0x99, 0xBB, 0x42, 0x47, 0x00, 0x20,
        0x09, 0xDB, 0x54, 0x6E, 0x3C, 0x28, 0x00, 0x40, 0x6E, 0x6E, 0x99, 0xDB,
        0x04, 0x37, 0x68, 0xE2, 0xB1, 0xD6, 0x68, 0x68, 0x6D, 0x3D, 0x49, 0xB2,
        0x27, 0xF2, 0x8F, 0xFA, 0x3B, 0x1F, 0x00, 0x40, 0x6E, 0x76, 0x99, 0xDB,
        0x3D, 0x42, 0x00, 0x20, 0x49, 0xDC, 0x96, 0x92, 0x42, 0x2B, 0x1B, 0x50,
        0x02, 0x36, 0x90, 0x03, 0x3D, 0x42, 0x00, 0x20, 0x01, 0x13, 0xB0, 0x01,
        0x42, 0x47, 0x00, 0x00, 0x00, 0x00, 0x00, 0x00, 0x3D, 0x42, 0x00, 0x00,
        0x00, 0x00, 0x00, 0x00, 0x42, 0x47, 0x00, 0x00, 0x00, 0x00, 0x00, 0x00,
        0x3D, 0x42, 0x00, 0x00, 0x00, 0x00, 0x00, 0x00, 0x00, 0x05, 0x00, 0x00,
        0x00, 0x00, 0x00, 0x00, 0x00, 0x05, 0x00, 0x00, 0x00, 0x00, 0x00, 0x00,
        0x09, 0x0E, 0xB6, 0x61, 0xDB, 0xB6, 0x6D, 0xDB, 0x00, 0x05, 0x00, 0x00,
        0x00, 0x00, 0x00, 0x00, 0x1F, 0x7C, 0xB6, 0x6D, 0xDB, 0xB6, 0x8D, 0x26,
        0x1F, 0x7E, 0x49, 0x99, 0x94, 0x49, 0x09, 0xDB, 0x09, 0x7E, 0xB6, 0x61,
        0xDB, 0xB6, 0x9D, 0x24, 0x46, 0x00, 0xEA, 0x23, 0x3A, 0x58, 0x9F, 0x24,
        0x00, 0x05, 0x00, 0x00, 0x00, 0x00, 0x00, 0x00, 0x00, 0x05, 0x00, 0x00,
        0x00, 0x00, 0x00, 0x00, 0x00, 0x05, 0x00, 0x00, 0x00, 0x00, 0x00, 0x00,
        0x00, 0x05, 0x00, 0x00, 0x00, 0x00, 0x00, 0x00, 0x1F, 0x7E, 0x49, 0x99,
        0x94, 0x49, 0x09, 0xDB, 0x1F, 0x7C, 0xB6, 0x6D, 0xDB, 0xB6, 0x8D, 0x26,
        0x46, 0x00, 0xEA, 0x2F, 0x3A, 0x58, 0x9F, 0x24, 0x7D, 0x82, 0xB6, 0x6D,
        0xDB, 0xB6, 0x0D, 0x49, 0x00, 0x05, 0x00, 0x00, 0x00, 0x00, 0x00, 0x00,
        0x52, 0x7E, 0x29, 0x91, 0x52, 0x09, 0x65, 0xDB, 0x09, 0x0E, 0xB6, 0x61,
        0xDB, 0xB6, 0x6D, 0xDB, 0x46, 0x00, 0xEA, 0x23, 0x3A, 0x58, 0x9F, 0x24,
        0x41, 0x46, 0x90, 0x04, 0x49, 0x92, 0x04, 0x49, 0x3D, 0x42, 0x00, 0x00,
        0x00, 0x00, 0x00, 0x00, 0x42, 0x47, 0x00, 0x00, 0x00, 0x00, 0x00, 0x00,
        0x3D, 0x42, 0x00, 0x00, 0x00, 0x00, 0x00, 0x00, 0x77, 0x42, 0x89, 0x9C,
        0xA8, 0x09, 0x9A, 0x80, 0x3D, 0x02, 0xC0, 0x0B, 0xC4, 0x40, 0x0E, 0xE4,
        0x54, 0x44, 0x7E, 0x42, 0x3F, 0xA2, 0x8F, 0xD5, 0x12, 0x31, 0x6C, 0x32,
        0xB2, 0x1A, 0x09, 0x6D, 0x42, 0x48, 0x92, 0xB0, 0x4D, 0xE5, 0x96, 0x92,
        0x37, 0x23, 0x12, 0x40, 0x6E, 0x6E, 0x99, 0xBB, 0x07, 0x29, 0x5E, 0x63,
        0xB1, 0xC6, 0x68, 0x68, 0x70, 0x3F, 0x7C, 0x22, 0x3F, 0xE8, 0x8F, 0xFA,
        0x34, 0x1B, 0x13, 0x50, 0x6E, 0x6F, 0x99, 0xBB, 0x45, 0x3E, 0x49, 0xE2,
        0xFF, 0xAC, 0x8D, 0xB1, 0x42, 0x27, 0x24, 0xE0, 0x02, 0x37, 0x90, 0x03,
        0x3D, 0x42, 0x12, 0x30, 0x01, 0x1B, 0x40, 0x02, 0x42, 0x47, 0x00, 0x00,
        0x00, 0x00, 0x00, 0x00, 0x3D, 0x42, 0x00, 0x00, 0x00, 0x00, 0x00, 0x00,
        0x42, 0x47, 0x00, 0x00, 0x00, 0x00, 0x00, 0x00, 0x3D, 0x42, 0x00, 0x00,
        0x00, 0x00, 0x00, 0x00, 0x00, 0x05, 0x00, 0x00, 0x00, 0x00, 0x00, 0x00,
        0x00, 0x05, 0x00, 0x00, 0x00, 0x00, 0x00, 0x00, 0x00, 0x05, 0x00, 0x00,
        0x00, 0x00, 0x00, 0x00, 0x00, 0x05, 0x00, 0x00, 0x00, 0x00, 0x00, 0x00,
        0x7C, 0x00, 0x16, 0x10, 0x0A, 0x09, 0x95, 0x98, 0x72, 0x00, 0x4E, 0xC2,
        0x24, 0x4A, 0x82, 0x26, 0x7E, 0x5E, 0x00, 0x20, 0x01, 0x9C, 0x14, 0x73,
        0x00, 0x05, 0x00, 0x00, 0x00, 0x00, 0x00, 0x00, 0x00, 0x05, 0x00, 0x00,
        0x00, 0x00, 0x00, 0x00, 0x00, 0x05, 0x00, 0x00, 0x00, 0x00, 0x00, 0x00,
        0x00, 0x05, 0x00, 0x00, 0x00, 0x00, 0x00, 0x00, 0x00, 0x05, 0x00, 0x00,
        0x00, 0x00, 0x00, 0x00, 0x72, 0x00, 0x4E, 0xC2, 0x24, 0x4A, 0x82, 0x26,
        0x7C, 0x00, 0x16, 0x10, 0x0A, 0x09, 0x95, 0x98, 0x00, 0x05, 0x00, 0x00,
        0x00, 0x00, 0x00, 0x00, 0x7E, 0x5E, 0x00, 0x20, 0x01, 0x9C, 0x14, 0x73,
        0x00, 0x05, 0x00, 0x00, 0x00, 0x00, 0x00, 0x00, 0x00, 0x05, 0x00, 0x00,
        0x00, 0x00, 0x00, 0x00, 0x00, 0x05, 0x00, 0x00, 0x00, 0x00, 0x00, 0x00,
        0x00, 0x05, 0x00, 0x00, 0x00, 0x00, 0x00, 0x00, 0x41, 0x46, 0x90, 0x04,
        0x49, 0x90, 0x04, 0x49, 0x3D, 0x42, 0x00, 0x00, 0x00, 0x00, 0x00, 0x00,
        0x42, 0x47, 0x00, 0x00, 0x00, 0x00, 0x00, 0x00, 0x3D, 0x42, 0x00, 0x00,
        0x00, 0x00, 0x00, 0x00, 0x7A, 0x42, 0x09, 0x98, 0x80, 0x09, 0x98, 0x60,
        0x3D, 0x01, 0x40, 0x0E, 0xE4, 0x40, 0x0E, 0xE4, 0x5D, 0x49, 0xF4, 0xB3,
        0xFA, 0xA2, 0x8F, 0xD5, 0x21, 0x0B, 0xA6, 0xF0, 0x4E, 0x37, 0x17, 0x97,
        0x4C, 0x45, 0x7D, 0xC2, 0xFE, 0x62, 0x0D, 0xB1, 0x2A, 0x1A, 0x9C, 0x50,
        0x4E, 0x37, 0x99, 0xBB, 0x16, 0x00, 0xF1, 0x10, 0x53, 0x79, 0x97, 0x97,
        0x75, 0x47, 0xF2, 0x83, 0x3E, 0xA0, 0x0F, 0xFA, 0x25, 0x12, 0x9D, 0xE0,
        0x4E, 0x77, 0x17, 0x97, 0x4B, 0x41, 0xF5, 0xC3, 0xFA, 0x62, 0x8D, 0xB1,
        0x42, 0x1E, 0x36, 0x70, 0x03, 0x3F, 0x90, 0x00, 0x44, 0x3D, 0x6D, 0x42,
        0x26, 0x5B, 0x02, 0x25, 0x42, 0x47, 0x00, 0x00, 0x00, 0x00, 0x00, 0x00,
        0x3D, 0x42, 0x00, 0x00, 0x00, 0x00, 0x00, 0x00, 0x42, 0x47, 0x00, 0x00,
        0x00, 0x00, 0x00, 0x00, 0x3D, 0x42, 0x00, 0x00, 0x00, 0x00, 0x00, 0x00,
        0x00, 0x05, 0x00, 0x00, 0x00, 0x00, 0x00, 0x00, 0x00, 0x05, 0x00, 0x00,
        0x00, 0x00, 0x00, 0x00, 0x00, 0x05, 0x00, 0x00, 0x00, 0x00, 0x00, 0x00,
        0x00, 0x05, 0x00, 0x00, 0x00, 0x00, 0x00, 0x00, 0x75, 0x00, 0xA1, 0x90,
        0x50, 0x89, 0x99, 0xA4, 0x78, 0x00, 0x4C, 0xA2, 0x24, 0x68, 0x02, 0x26,
        0x7D, 0x4B, 0x00, 0x30, 0x09, 0xE5, 0x14, 0x73, 0x00, 0x05, 0x00, 0x00,
        0x00, 0x00, 0x00, 0x00, 0x00, 0x05, 0x00, 0x00, 0x00, 0x00, 0x00, 0x00,
        0x00, 0x05, 0x00, 0x00, 0x00, 0x00, 0x00, 0x00, 0x00, 0x05, 0x00, 0x00,
        0x00, 0x00, 0x00, 0x00, 0x00, 0x05, 0x00, 0x00, 0x00, 0x00, 0x00, 0x00,
        0x78, 0x00, 0x4C, 0xA2, 0x24, 0x68, 0x02, 0x26, 0x75, 0x00, 0xA1, 0x90,
        0x50, 0x89, 0x99, 0xA4, 0x00, 0x05, 0x00, 0x00, 0x00, 0x00, 0x00, 0x00,
        0x7D, 0x4B, 0x00, 0x30, 0x09, 0xE5, 0x14, 0x73, 0x00, 0x05, 0x00, 0x00,
        0x00, 0x00, 0x00, 0x00, 0x00, 0x05, 0x00, 0x00, 0x00, 0x00, 0x00, 0x00,
        0x00, 0x05, 0x00, 0x00, 0x00, 0x00, 0x00, 0x00, 0x00, 0x05, 0x00, 0x00,
        0x00, 0x00, 0x00, 0x00, 0x41, 0x46, 0x90, 0x04, 0x49, 0x90, 0x04, 0x49,
        0x3D, 0x42, 0x00, 0x00, 0x00, 0x00, 0x00, 0x00, 0x42, 0x47, 0x00, 0x00,
        0x00, 0x00, 0x00, 0x00, 0x3D, 0x42, 0x00, 0x00, 0x00, 0x00, 0x00, 0x00,
        0x7B, 0x42, 0x09, 0x98, 0x80, 0x09, 0x96, 0x60, 0x3D, 0x01, 0x40, 0x0E,
        0xE4, 0x40, 0x0E, 0x24, 0x5F, 0x4B, 0xF4, 0xB3, 0x3A, 0xA2, 0x8F, 0xD5,
        0x1D, 0x09, 0xA6, 0xE0, 0x4E, 0x2F, 0x17, 0x97, 0x4E, 0x46, 0x75, 0xB2,
        0xFA, 0x5A, 0x0D, 0xAD, 0x27, 0x18, 0x9C, 0xE0, 0x6E, 0x77, 0x99, 0xBB,
        0x12, 0x00, 0xF1, 0x10, 0x53, 0x79, 0x97, 0x77, 0x76, 0x4A, 0xEA, 0x83,
        0x3E, 0xA0, 0x0F, 0xFA, 0x21, 0x10, 0x9D, 0xE0, 0x4E, 0x2F, 0x97, 0x97,
        0x4D, 0x42, 0xF5, 0xB3, 0xFA, 0x62, 0x8D, 0xB1, 0x42, 0x1C, 0x36, 0xF0,
        0x03, 0x39, 0x90, 0x00, 0x45, 0x3D, 0x64, 0xB2, 0x25, 0x50, 0x02, 0x24,
        0x42, 0x47, 0x00, 0x00, 0x00, 0x00, 0x00, 0x00, 0x3D, 0x42, 0x00, 0x00,
        0x00, 0x00, 0x00, 0x00, 0x42, 0x47, 0x00, 0x00, 0x00, 0x00, 0x00, 0x00,
        0x3D, 0x42, 0x00, 0x00, 0x00, 0x00, 0x00, 0x00, 0x00, 0x05, 0x00, 0x00,
        0x00, 0x00, 0x00, 0x00, 0x00, 0x05, 0x00, 0x00, 0x00, 0x00, 0x00, 0x00,
        0x00, 0x05, 0x00, 0x00, 0x00, 0x00, 0x00, 0x00, 0x00, 0x05, 0x00, 0x00,
        0x00, 0x00, 0x00, 0x00, 0x16, 0x30, 0xB6, 0x63, 0x1B, 0xB6, 0x6D, 0xDB,
        0x7C, 0x00, 0x60, 0x82, 0x39, 0x50, 0x03, 0xF1, 0x6B, 0x10, 0x13, 0xD0,
        0x49, 0xEF, 0x16, 0x73, 0x00, 0x05, 0x00, 0x00, 0x00, 0x00, 0x00, 0x00,
        0x00, 0x05, 0x00, 0x00, 0x00, 0x00, 0x00, 0x00, 0x00, 0x05, 0x00, 0x00,
        0x00, 0x00, 0x00, 0x00, 0x00, 0x05, 0x00, 0x00, 0x00, 0x00, 0x00, 0x00,
        0x00, 0x05, 0x00, 0x00, 0x00, 0x00, 0x00, 0x00, 0x7C, 0x00, 0x60, 0x82,
        0x39, 0x50, 0x03, 0xF1, 0x16, 0x30, 0xB6, 0x63, 0x1B, 0xB6, 0x6D, 0xDB,
        0x00, 0x05, 0x00, 0x00, 0x00, 0x00, 0x00, 0x00, 0x6B, 0x10, 0x13, 0xD0,
        0x49, 0xEF, 0x16, 0x73, 0x00, 0x05, 0x00, 0x00, 0x00, 0x00, 0x00, 0x00,
        0x00, 0x05, 0x00, 0x00, 0x00, 0x00, 0x00, 0x00, 0x00, 0x05, 0x00, 0x00,
        0x00, 0x00, 0x00, 0x00, 0x00, 0x05, 0x00, 0x00, 0x00, 0x00, 0x00, 0x00,
        0x41, 0x46, 0x90, 0x04, 0x49, 0x90, 0x04, 0x49, 0x3D, 0x42, 0x00, 0x00,
        0x00, 0x00, 0x00, 0x00, 0x42, 0x47, 0x00, 0x00, 0x00, 0x00, 0x00, 0x00,
        0x3D, 0x42, 0x00, 0x00, 0x00, 0x00, 0x00, 0x00, 0x7C, 0x42, 0x09, 0x96,
        0x60, 0x09, 0x96, 0x60, 0x01, 0x3D, 0x09, 0x90, 0x18, 0x89, 0x91, 0x18,
        0x64, 0x50, 0xEB, 0x23, 0xFA, 0x60, 0x8F, 0xD5, 0x15, 0x06, 0xE7, 0xF0,
        0x4E, 0x31, 0x17, 0x77, 0x52, 0x49, 0xAC, 0xB3, 0xDA, 0x62, 0x0D, 0xB1,
        0x1F, 0x13, 0xA5, 0xE0, 0x52, 0x37, 0x99, 0x97, 0x02, 0x0C, 0xC6, 0x62,
        0xAC, 0x86, 0x68, 0x88, 0x77, 0x52, 0xE8, 0x03, 0x3A, 0xA0, 0x0F, 0xFA,
        0x19, 0x0B, 0xA6, 0xF0, 0x0E, 0x37, 0x17, 0x97, 0x53, 0x46, 0xF4, 0xB3,
        0xFA, 0x62, 0x8F, 0xD5, 0x42, 0x16, 0x3F, 0xF0, 0x03, 0x39, 0x90, 0x00,
        0x48, 0x3D, 0x5B, 0xA2, 0x25, 0x50, 0x02, 0x25, 0x42, 0x47, 0x00, 0x00,
        0x00, 0x00, 0x00, 0x00, 0x3D, 0x42, 0x00, 0x00, 0x00, 0x00, 0x00, 0x00,
        0x42, 0x47, 0x00, 0x00, 0x00, 0x00, 0x00, 0x00, 0x3D, 0x42, 0x00, 0x00,
        0x00, 0x00, 0x00, 0x00, 0x00, 0x05, 0x00, 0x00, 0x00, 0x00, 0x00, 0x00,
        0x00, 0x05, 0x00, 0x00, 0x00, 0x00, 0x00, 0x00, 0x00, 0x05, 0x00, 0x00,
        0x00, 0x00, 0x00, 0x00, 0x00, 0x05, 0x00, 0x00, 0x00, 0x00, 0x00, 0x00,
        0x16, 0x1B, 0xB6, 0x61, 0xDB, 0xB6, 0x6D, 0xDB, 0x7D, 0x00, 0x98, 0x03,
        0x35, 0x10, 0x0F, 0xD1, 0x62, 0x00, 0x9C, 0x60, 0x4E, 0x2F, 0x17, 0x77,
        0x00, 0x05, 0x00, 0x00, 0x00, 0x00, 0x00, 0x00, 0x00, 0x05, 0x00, 0x00,
        0x00, 0x00, 0x00, 0x00, 0x00, 0x05, 0x00, 0x00, 0x00, 0x00, 0x00, 0x00,
        0x00, 0x05, 0x00, 0x00, 0x00, 0x00, 0x00, 0x00, 0x00, 0x05, 0x00, 0x00,
        0x00, 0x00, 0x00, 0x00, 0x7D, 0x00, 0x98, 0x03, 0x35, 0x10, 0x0F, 0xD1,
        0x16, 0x1B, 0xB6, 0x61, 0xDB, 0xB6, 0x6D, 0xDB, 0x00, 0x05, 0x00, 0x00,
        0x00, 0x00, 0x00, 0x00, 0x62, 0x00, 0x9C, 0x60, 0x4E, 0x2F, 0x17, 0x77,
        0x00, 0x05, 0x00, 0x00, 0x00, 0x00, 0x00, 0x00, 0x00, 0x05, 0x00, 0x00,
        0x00, 0x00, 0x00, 0x00, 0x00, 0x05, 0x00, 0x00, 0x00, 0x00, 0x00, 0x00,
        0x00, 0x05, 0x00, 0x00, 0x00, 0x00, 0x00, 0x00, 0x41, 0x46, 0x90, 0x04,
        0x49, 0x90, 0x04, 0x49, 0x3D, 0x42, 0x00, 0x00, 0x00, 0x00, 0x00, 0x00,
        0x42, 0x47, 0x00, 0x00, 0x00, 0x00, 0x00, 0x00, 0x3D, 0x42, 0x00, 0x00,
        0x00, 0x00, 0x00, 0x00, 0x7D, 0x42, 0x09, 0x96, 0x60, 0x09, 0x96, 0x60,
        0x02, 0x3D, 0x89, 0x91, 0x18, 0x89, 0x91, 0x18, 0x65, 0x52, 0xEA, 0x23,
        0x3A, 0xA0, 0x8F, 0xD5, 0x06, 0x13, 0x5A, 0x83, 0xB1, 0x18, 0x0B, 0x8D,
        0x53, 0x4B, 0x74, 0xB2, 0x3E, 0x58, 0x8F, 0xD5, 0x11, 0x1D, 0x63, 0x23,
        0xB2, 0x1A, 0x09, 0x8D, 0x0A, 0x00, 0x31, 0x11, 0x13, 0x31, 0x95, 0x77,
        0x78, 0x54, 0xE8, 0x03, 0x3A, 0xA0, 0x0F, 0xFA, 0x0B, 0x18, 0x5A, 0xA3,
        0xB1, 0xD8, 0x0A, 0x8D, 0x48, 0x54, 0x1C, 0x50, 0x0A, 0xE1, 0x14, 0x52,
        0x42, 0x15, 0x3F, 0x90, 0x03, 0x09, 0x90, 0x00, 0x4A, 0x3D, 0x63, 0xB2,
        0x25, 0x5A, 0x02, 0x25, 0x42, 0x47, 0x00, 0x00, 0x00, 0x00, 0x00, 0x00,
        0x3D, 0x42, 0x00, 0x00, 0x00, 0x00, 0x00, 0x00, 0x42, 0x47, 0x00, 0x00,
        0x00, 0x00, 0x00, 0x00, 0x3D, 0x42, 0x00, 0x00, 0x00, 0x00, 0x00, 0x00,
        0x00, 0x05, 0x00, 0x00, 0x00, 0x00, 0x00, 0x00, 0x00, 0x05, 0x00, 0x00,
        0x00, 0x00, 0x00, 0x00, 0x00, 0x05, 0x00, 0x00, 0x00, 0x00, 0x00, 0x00,
        0x00, 0x05, 0x00, 0x00, 0x00, 0x00, 0x00, 0x00, 0x00, 0x05, 0x00, 0x00,
        0x00, 0x00, 0x00, 0x00, 0x7E, 0x23, 0x50, 0x03, 0xF1, 0x10, 0x0D, 0xAD,
        0x0B, 0x40, 0x5E, 0x63, 0xAC, 0xB6, 0x68, 0x63, 0x0C, 0x27, 0xB6, 0x0D,
        0xDB, 0xB4, 0x1D, 0xD8, 0x00, 0x05, 0x00, 0x00, 0x00, 0x00, 0x00, 0x00,
        0x00, 0x05, 0x00, 0x00, 0x00, 0x00, 0x00, 0x00, 0x00, 0x05, 0x00, 0x00,
        0x00, 0x00, 0x00, 0x00, 0x00, 0x05, 0x00, 0x00, 0x00, 0x00, 0x00, 0x00,
        0x7E, 0x23, 0x50, 0x03, 0xF1, 0x10, 0x0D, 0xAD, 0x00, 0x05, 0x00, 0x00,
        0x00, 0x00, 0x00, 0x00, 0x0C, 0x27, 0xB6, 0x0D, 0xDB, 0xB4, 0x1D, 0xD8,
        0x0B, 0x40, 0x5E, 0x63, 0xAC, 0xB6, 0x68, 0x63, 0x00, 0x05, 0x00, 0x00,
        0x00, 0x00, 0x00, 0x00, 0x00, 0x05, 0x00, 0x00, 0x00, 0x00, 0x00, 0x00,
        0x00, 0x05, 0x00, 0x00, 0x00, 0x00, 0x00, 0x00, 0x00, 0x05, 0x00, 0x00,
        0x00, 0x00, 0x00, 0x00, 0x41, 0x46, 0x90, 0x04, 0x49, 0x90, 0x04, 0x49,
        0x3D, 0x42, 0x00, 0x00, 0x00, 0x00, 0x00, 0x00, 0x42, 0x47, 0x00, 0x00,
        0x00, 0x00, 0x00, 0x00, 0x3D, 0x42, 0x00, 0x00, 0x00, 0x00, 0x00, 0x00,
        0x42, 0x7D, 0x40, 0x0A, 0xA4, 0x40, 0x0A, 0xA4, 0x02, 0x3D, 0x89, 0x91,
        0x18, 0x89, 0x91, 0x18, 0x69, 0x56, 0xAA, 0x23, 0x3A, 0xA0, 0x8F, 0xD5,
        0x0E, 0x04, 0xA6, 0xF0, 0x0E, 0x37, 0x15, 0x53, 0x57, 0x4D, 0xF4, 0x23,
        0xFA, 0x62, 0x8D, 0xD1, 0x18, 0x0E, 0xE6, 0x60, 0x4E, 0x31, 0x17, 0x97,
        0x07, 0x00, 0x39, 0x91, 0x53, 0x39, 0x95, 0x57, 0x79, 0x59, 0xA0, 0x03,
        0x3A, 0xA0, 0x0F, 0xFA, 0x13, 0x08, 0xEE, 0xF0, 0x4E, 0x37, 0x15, 0x77,
        0x58, 0x4B, 0xAB, 0x33, 0xFA, 0x60, 0x8D, 0xD5, 0x42, 0x11, 0x3F, 0x90,
        0x03, 0x09, 0x90, 0x00, 0x3D, 0x4C, 0x2D, 0xD0, 0x02, 0x29, 0x90, 0x00,
        0x42, 0x47, 0x00, 0x00, 0x00, 0x00, 0x00, 0x00, 0x3D, 0x42, 0x00, 0x00,
        0x00, 0x00, 0x00, 0x00, 0x42, 0x47, 0x00, 0x00, 0x00, 0x00, 0x00, 0x00,
        0x3D, 0x42, 0x00, 0x00, 0x00, 0x00, 0x00, 0x00, 0x00, 0x05, 0x00, 0x00,
        0x00, 0x00, 0x00, 0x00, 0x00, 0x05, 0x00, 0x00, 0x00, 0x00, 0x00, 0x00,
        0x00, 0x05, 0x00, 0x00, 0x00, 0x00, 0x00, 0x00, 0x00, 0x05, 0x00, 0x00,
        0x00, 0x00, 0x00, 0x00, 0x00, 0x05, 0x00, 0x00, 0x00, 0x00, 0x00, 0x00,
        0x7E, 0x30, 0x50, 0x03, 0xF1, 0x10, 0x0D, 0xAD, 0x0B, 0x34, 0x06, 0x63,
        0xAB, 0x36, 0x66, 0x5B, 0x30, 0x00, 0x4E, 0xC2, 0x24, 0x72, 0x82, 0x26,
        0x00, 0x05, 0x00, 0x00, 0x00, 0x00, 0x00, 0x00, 0x00, 0x05, 0x00, 0x00,
        0x00, 0x00, 0x00, 0x00, 0x00, 0x05, 0x00, 0x00, 0x00, 0x00, 0x00, 0x00,
        0x00, 0x05, 0x00, 0x00, 0x00, 0x00, 0x00, 0x00, 0x7E, 0x30, 0x50, 0x03,
        0xF1, 0x10, 0x0D, 0xAD, 0x00, 0x05, 0x00, 0x00, 0x00, 0x00, 0x00, 0x00,
        0x30, 0x00, 0x4E, 0xC2, 0x24, 0x72, 0x82, 0x26, 0x0B, 0x34, 0x06, 0x63,
        0xAB, 0x36, 0x66, 0x5B, 0x00, 0x05, 0x00, 0x00, 0x00, 0x00, 0x00, 0x00,
        0x00, 0x05, 0x00, 0x00, 0x00, 0x00, 0x00, 0x00, 0x00, 0x05, 0x00, 0x00,
        0x00, 0x00, 0x00, 0x00, 0x00, 0x05, 0x00, 0x00, 0x00, 0x00, 0x00, 0x00,
        0x41, 0x46, 0x90, 0x04, 0x49, 0x90, 0x04, 0x49, 0x3D, 0x42, 0x00, 0x00,
        0x00, 0x00, 0x00, 0x00, 0x42, 0x47, 0x00, 0x00, 0x00, 0x00, 0x00, 0x00,
        0x3D, 0x42, 0x00, 0x00, 0x00, 0x00, 0x00, 0x00, 0x42, 0x7D, 0x40, 0x0A,
        0xA4, 0x40, 0x0A, 0xA4, 0x02, 0x3D, 0x89, 0x91, 0x18, 0x89, 0x91, 0x18,
        0x6A, 0x57, 0xAA, 0x23, 0xFA, 0x58, 0x8F, 0xD5, 0x0D, 0x03, 0xA6, 0xE0,
        0x0E, 0x2F, 0x11, 0x53, 0x57, 0x4E, 0xAA, 0xA3, 0xF6, 0x58, 0x0D, 0xB5,
        0x16, 0x0C, 0x1D, 0x60, 0x0E, 0x26, 0x15, 0x73, 0x01, 0x06, 0x06, 0x63,
        0x30, 0xC6, 0x62, 0xAC, 0x79, 0x5A, 0xA0, 0x03, 0x3A, 0xA0, 0x0F, 0xF6,
        0x07, 0x11, 0x62, 0xA3, 0x31, 0x18, 0x0B, 0xB1, 0x4C, 0x59, 0x9D, 0x50,
        0x4E, 0xE1, 0x94, 0x72, 0x42, 0x11, 0x39, 0x90, 0x00, 0x09, 0x90, 0x00,
        0x4E, 0x3D, 0x5B, 0xA2, 0x25, 0x52, 0x02, 0x25, 0x42, 0x47, 0x00, 0x00,
        0x00, 0x00, 0x00, 0x00, 0x3D, 0x42, 0x00, 0x00, 0x00, 0x00, 0x00, 0x00,
        0x42, 0x47, 0x00, 0x00, 0x00, 0x00, 0x00, 0x00, 0x3D, 0x42, 0x00, 0x00,
        0x00, 0x00, 0x00, 0x00, 0x00, 0x05, 0x00, 0x00, 0x00, 0x00, 0x00, 0x00,
        0x00, 0x05, 0x00, 0x00, 0x00, 0x00, 0x00, 0x00, 0x00, 0x05, 0x00, 0x00,
        0x00, 0x00, 0x00, 0x00, 0x00, 0x05, 0x00, 0x00, 0x00, 0x00, 0x00, 0x00,
        0x00, 0x05, 0x00, 0x00, 0x00, 0x00, 0x00, 0x00, 0x7E, 0x4C, 0x10, 0x03,
        0xF1, 0x10, 0x0D, 0xCC, 0x09, 0x13, 0xB6, 0x63, 0x1B, 0xB6, 0x6D, 0xDB,
        0x46, 0x00, 0x73, 0xA2, 0x3E, 0xA2, 0x83, 0xF5, 0x00, 0x05, 0x00, 0x00,
        0x00, 0x00, 0x00, 0x00, 0x00, 0x05, 0x00, 0x00, 0x00, 0x00, 0x00, 0x00,
        0x00, 0x05, 0x00, 0x00, 0x00, 0x00, 0x00, 0x00, 0x00, 0x05, 0x00, 0x00,
        0x00, 0x00, 0x00, 0x00, 0x7E, 0x4C, 0x10, 0x03, 0xF1, 0x10, 0x0D, 0xCC,
        0x00, 0x05, 0x00, 0x00, 0x00, 0x00, 0x00, 0x00, 0x46, 0x00, 0x73, 0xA2,
        0x3E, 0xA2, 0x83, 0xF5, 0x09, 0x13, 0xB6, 0x63, 0x1B, 0xB6, 0x6D, 0xDB,
        0x00, 0x05, 0x00, 0x00, 0x00, 0x00, 0x00, 0x00, 0x00, 0x05, 0x00, 0x00,
        0x00, 0x00, 0x00, 0x00, 0x00, 0x05, 0x00, 0x00, 0x00, 0x00, 0x00, 0x00,
        0x00, 0x05, 0x00, 0x00, 0x00, 0x00, 0x00, 0x00, 0x41, 0x46, 0x90, 0x04,
        0x49, 0x90, 0x04, 0x49, 0x3D, 0x42, 0x00, 0x00, 0x00, 0x00, 0x00, 0x00,
        0x42, 0x47, 0x00, 0x00, 0x00, 0x00, 0x00, 0x00, 0x3D, 0x42, 0x00, 0x00,
        0x00, 0x00, 0x00, 0x00, 0x42, 0x7E, 0x40, 0x0A, 0xA4, 0x40, 0x0A, 0xA4,
        0x01, 0x3D, 0x89, 0x91, 0x18, 0x89, 0x91, 0x18, 0x6C, 0x5B, 0xA2, 0x03,
        0x3A, 0x60, 0x83, 0xF5, 0x0B, 0x03, 0xA9, 0x90, 0x12, 0x31, 0x15, 0x53,
        0x5A, 0x51, 0xEB, 0x03, 0xF6, 0x58, 0x8F, 0xB5, 0x13, 0x0B, 0xA7, 0xF0,
        0x0A, 0x31, 0x95, 0x57, 0x01, 0x06, 0xC6, 0x6A, 0xAC, 0xF6, 0x6A, 0x8B,
        0x79, 0x5E, 0xA0, 0x03, 0x3A, 0xA0, 0x8F, 0xF9, 0x0F, 0x06, 0xAF, 0xF0,
        0x52, 0x29, 0x15, 0x77, 0x5D, 0x50, 0xAB, 0xA3, 0x3A, 0x62, 0x0F, 0xD6,
        0x42, 0x0E, 0x39, 0x90, 0x00, 0x09, 0x90, 0x00, 0x50, 0x3D, 0x52, 0x22,
        0x25, 0x50, 0x02, 0x25, 0x42, 0x47, 0x00, 0x00, 0x00, 0x00, 0x00, 0x00,
        0x3D, 0x42, 0x00, 0x00, 0x00, 0x00, 0x00, 0x00, 0x42, 0x47, 0x00, 0x00,
        0x00, 0x00, 0x00, 0x00, 0x3D, 0x42, 0x00, 0x00, 0x00, 0x00, 0x00, 0x00,
        0x00, 0x05, 0x00, 0x00, 0x00, 0x00, 0x00, 0x00, 0x00, 0x05, 0x00, 0x00,
        0x00, 0x00, 0x00, 0x00, 0x00, 0x05, 0x00, 0x00, 0x00, 0x00, 0x00, 0x00,
        0x00, 0x05, 0x00, 0x00, 0x00, 0x00, 0x00, 0x00, 0x00, 0x05, 0x00, 0x00,
        0x00, 0x00, 0x00, 0x00, 0x7E, 0x00, 0x80, 0x06, 0x68, 0x80, 0xF6, 0x24,
        0x09, 0x0E, 0xB6, 0x61, 0xDB, 0xB6, 0x6D, 0xDB, 0x46, 0x00, 0xEA, 0x23,
        0x3A, 0x58, 0x9F, 0x24, 0x00, 0x05, 0x00, 0x00, 0x00, 0x00, 0x00, 0x00,
        0x00, 0x05, 0x00, 0x00, 0x00, 0x00, 0x00, 0x00, 0x00, 0x05, 0x00, 0x00,
        0x00, 0x00, 0x00, 0x00, 0x00, 0x05, 0x00, 0x00, 0x00, 0x00, 0x00, 0x00,
        0x2F, 0x7E, 0x49, 0x97, 0x94, 0x49, 0x09, 0xDB, 0x00, 0x05, 0x00, 0x00,
        0x00, 0x00, 0x00, 0x00, 0x46, 0x00, 0xEA, 0x23, 0x3A, 0x58, 0x9F, 0x24,
        0x09, 0x0E, 0xB6, 0x61, 0xDB, 0xB6, 0x6D, 0xDB, 0x00, 0x05, 0x00, 0x00,
        0x00, 0x00, 0x00, 0x00, 0x00, 0x05, 0x00, 0x00, 0x00, 0x00, 0x00, 0x00,
        0x00, 0x05, 0x00, 0x00, 0x00, 0x00, 0x00, 0x00, 0x00, 0x05, 0x00, 0x00,
        0x00, 0x00, 0x00, 0x00, 0x40, 0x45, 0xDA, 0xA6, 0x6D, 0xDA, 0x86, 0x6D,
        0x3D, 0x42, 0x00, 0x00, 0x00, 0x00, 0x00, 0x00, 0x42, 0x47, 0x00, 0x00,
        0x00, 0x00, 0x00, 0x00, 0x3D, 0x42, 0x00, 0x00, 0x00, 0x00, 0x00, 0x00,
        0x7E, 0x42, 0x09, 0x94, 0x40, 0x09, 0x94, 0xF0, 0x7F, 0x00, 0x6D, 0xD2,
        0x26, 0x6D, 0xD2, 0x62, 0x6C, 0x43, 0xD0, 0x08, 0x8D, 0xD0, 0x96, 0x24,
        0x51, 0x03, 0x49, 0x9E, 0xE4, 0x49, 0x0E, 0x48, 0x5A, 0x42, 0xD0, 0x06,
        0x69, 0x90, 0x96, 0x24, 0x46, 0x0B, 0xC9, 0x9F, 0xE4, 0x49, 0x0E, 0x00,
        0x01, 0x57, 0x06, 0x60, 0x03, 0x36, 0x10, 0x92, 0x7F, 0x44, 0x1A, 0xAB,
        0xB1, 0x1A, 0x8B, 0x27, 0x3D, 0x06, 0xC9, 0x9F, 0xFC, 0xC9, 0x0F, 0x00,
        0x5D, 0x41, 0x18, 0x09, 0x8D, 0xD0, 0x98, 0x24, 0x0E, 0x99, 0xC0, 0x06,
        0x6C, 0xC0, 0xB6, 0x65, 0x7F, 0x3D, 0x76, 0x62, 0x27, 0x76, 0x92, 0xC0,
        0x42, 0x47, 0x00, 0x00, 0x00, 0x00, 0xC0, 0x49, 0x3D, 0x47, 0x00, 0x00,
        0x00, 0x00, 0x10, 0x92, 0x42, 0x47, 0x00, 0x00, 0x00, 0x00, 0x00, 0x00,
        0x3D, 0x42, 0x00, 0x00, 0x00, 0x00, 0x90, 0xB6, 0x00, 0x05, 0x00, 0x00,
        0x00, 0x00, 0x00, 0x00, 0x00, 0x05, 0x00, 0x00, 0x00, 0x00, 0x00, 0x00,
        0x00, 0x05, 0x00, 0x00, 0x00, 0x00, 0x00, 0x00, 0x00, 0x05, 0x00, 0x00,
        0x00, 0x00, 0x00, 0x00, 0x00, 0x05, 0x00, 0x00, 0x00, 0x00, 0x00, 0x00,
        0x39, 0x00, 0x4E, 0xC2, 0x24, 0x4A, 0x82, 0x26, 0x00, 0x05, 0x00, 0x00,
        0x00, 0x00, 0x00, 0x00, 0x00, 0x05, 0x00, 0x00, 0x00, 0x00, 0x00, 0x00,
        0x00, 0x05, 0x00, 0x00, 0x00, 0x00, 0x00, 0x00, 0x00, 0x05, 0x00, 0x00,
        0x00, 0x00, 0x00, 0x00, 0x00, 0x05, 0x00, 0x00, 0x00, 0x00, 0x00, 0x00,
        0x00, 0x05, 0x00, 0x00, 0x00, 0x00, 0x00, 0x00, 0xAC, 0x00, 0x4E, 0xC2,
        0x24, 0x4A, 0x82, 0x26, 0x00, 0x05, 0x00, 0x00, 0x00, 0x00, 0x00, 0x00,
        0x00, 0x05, 0x00, 0x00, 0x00, 0x00, 0x00, 0x00, 0x00, 0x05, 0x00, 0x00,
        0x00, 0x00, 0x00, 0x00, 0x00, 0x05, 0x00, 0x00, 0x00, 0x00, 0x00, 0x00,
        0x00, 0x05, 0x00, 0x00, 0x00, 0x00, 0x00, 0x00, 0x00, 0x05, 0x00, 0x00,
        0x00, 0x00, 0x00, 0x00, 0x00, 0x05, 0x00, 0x00, 0x00, 0x00, 0x00, 0x00,
        0x40, 0x45, 0xD8, 0xA6, 0x6D, 0xDA, 0xB6, 0x6D, 0x3D, 0x42, 0x00, 0x00,
        0x00, 0x00, 0x00, 0x00, 0x42, 0x47, 0x00, 0x00, 0x00, 0x00, 0x00, 0x00,
        0x3D, 0x42, 0x00, 0x00, 0x00, 0x00, 0x00, 0x00, 0xC6, 0x42, 0x89, 0x93,
        0xCC, 0x89, 0x9A, 0x80, 0x7F, 0x00, 0x2D, 0xD6, 0xDE, 0x6D, 0xDE, 0x26,
        0x6F, 0x43, 0x49, 0x52, 0xFF, 0xAB, 0x8D, 0xB1, 0x51, 0x11, 0x80, 0x54,
        0x92, 0x77, 0x9B, 0xDF, 0x53, 0x42, 0x49, 0x62, 0xFF, 0x63, 0x0B, 0x6D,
        0x46, 0x25, 0x00, 0x40, 0x6E, 0x76, 0x9B, 0xDF, 0x57, 0x22, 0x70, 0x9B,
        0xDB, 0xF9, 0x9D, 0xFC, 0x7F, 0x23, 0x68, 0x7B, 0xDB, 0xF9, 0x9F, 0xFF,
        0x3D, 0x30, 0x00, 0x40, 0x6E, 0x77, 0x99, 0xDB, 0x34, 0x43, 0x49, 0x4A,
        0x92, 0xD2, 0x06, 0x48, 0x99, 0x36, 0x09, 0x9E, 0xCC, 0xC9, 0x9A, 0xAC,
        0x7F, 0x16, 0x2D, 0xD8, 0xDE, 0x76, 0x6E, 0xE7, 0x43, 0x5B, 0x00, 0xC0,
        0x49, 0xE5, 0x96, 0x92, 0x47, 0x2B, 0x90, 0x54, 0x92, 0x77, 0x9B, 0xDB,
        0x42, 0x4D, 0x00, 0x30, 0x49, 0xE5, 0x96, 0xB6, 0x42, 0x35, 0x00, 0x40,
        0x92, 0x76, 0x9B, 0xDB, 0x00, 0x05, 0x00, 0x00, 0x00, 0x00, 0x00, 0x00,
        0x00, 0x05, 0x00, 0x00, 0x00, 0x00, 0x00, 0x00, 0x00, 0x05, 0x00, 0x00,
        0x00, 0x00, 0x00, 0x00, 0x00, 0x05, 0x00, 0x00, 0x00, 0x00, 0x00, 0x00,
        0x00, 0x05, 0x00, 0x00, 0x00, 0x00, 0x00, 0x00, 0x3C, 0x00, 0x4C, 0xA2,
        0x24, 0x68, 0x02, 0x26, 0x00, 0x05, 0x00, 0x00, 0x00, 0x00, 0x00, 0x00,
        0x00, 0x05, 0x00, 0x00, 0x00, 0x00, 0x00, 0x00, 0x00, 0x05, 0x00, 0x00,
        0x00, 0x00, 0x00, 0x00, 0x00, 0x05, 0x00, 0x00, 0x00, 0x00, 0x00, 0x00,
        0x00, 0x05, 0x00, 0x00, 0x00, 0x00, 0x00, 0x00, 0x00, 0x05, 0x00, 0x00,
        0x00, 0x00, 0x00, 0x00, 0xB3, 0x00, 0x4C, 0xA2, 0x24, 0x68, 0x02, 0x26,
        0x00, 0x05, 0x00, 0x00, 0x00, 0x00, 0x00, 0x00, 0x00, 0x05, 0x00, 0x00,
        0x00, 0x00, 0x00, 0x00, 0x00, 0x05, 0x00, 0x00, 0x00, 0x00, 0x00, 0x00,
        0x00, 0x05, 0x00, 0x00, 0x00, 0x00, 0x00, 0x00, 0x00, 0x05, 0x00, 0x00,
        0x00, 0x00, 0x00, 0x00, 0x00, 0x05, 0x00, 0x00, 0x00, 0x00, 0x00, 0x00,
        0x00, 0x05, 0x00, 0x00, 0x00, 0x00, 0x00, 0x00, 0x41, 0x46, 0x90, 0x04,
        0x49, 0x92, 0x04, 0x49, 0x3D, 0x42, 0x00, 0x00, 0x00, 0x00, 0x00, 0x00,
        0x42, 0x47, 0x00, 0x00, 0x00, 0x00, 0x00, 0x00, 0x3D, 0x42, 0x00, 0x00,
        0x00, 0x00, 0x00, 0x00, 0xCC, 0x42, 0xC9, 0x9C, 0xA8, 0x09, 0x98, 0x80,
        0x3D, 0x00, 0x40, 0x07, 0xC4, 0x40, 0x0E, 0x24, 0x7B, 0x48, 0x7E, 0x42,
        0xFF, 0x63, 0x8D, 0xB1, 0x38, 0x0A, 0x12, 0x50, 0x6E, 0x77, 0x99, 0xDB,
        0x58, 0x45, 0x4F, 0x52, 0xFB, 0x63, 0x0B, 0x8D, 0x3A, 0x1E, 0x00, 0x40,
        0x6E, 0x76, 0x9B, 0xDF, 0x22, 0x34, 0x58, 0x03, 0xB1, 0xD0, 0x08, 0x8D,
        0x3B, 0x22, 0x14, 0xF0, 0x4E, 0x71, 0x97, 0x97, 0x39, 0x2D, 0x02, 0x50,
        0x4E, 0x2E, 0x19, 0x9B, 0x3D, 0x31, 0x00, 0x40, 0x6E, 0x76, 0x99, 0xDB,
        0x7C, 0x33, 0x3F, 0x9A, 0x83, 0x09, 0x96, 0x60, 0x3D, 0x15, 0x40, 0x05,
        0x9C, 0x52, 0x2A, 0xC5, 0x5F, 0x47, 0x7E, 0xC2, 0xFA, 0x62, 0x8D, 0x91,
        0x3C, 0x27, 0x02, 0x50, 0x4E, 0x2F, 0x19, 0xB7, 0x50, 0x44, 0xFF, 0xC3,
        0xFA, 0x23, 0x09, 0x8C, 0x3D, 0x32, 0x00, 0xB0, 0x4D, 0x2E, 0x97, 0xDB,
        0x00, 0x05, 0x00, 0x00, 0x00, 0x00, 0x00, 0x00, 0x00, 0x05, 0x00, 0x00,
        0x00, 0x00, 0x00, 0x00, 0x00, 0x05, 0x00, 0x00, 0x00, 0x00, 0x00, 0x00,
        0x00, 0x05, 0x00, 0x00, 0x00, 0x00, 0x00, 0x00, 0x00, 0x05, 0x00, 0x00,
        0x00, 0x00, 0x00, 0x00, 0x3E, 0x00, 0x60, 0x82, 0x39, 0x50, 0x03, 0xF1,
        0x00, 0x05, 0x00, 0x00, 0x00, 0x00, 0x00, 0x00, 0x00, 0x05, 0x00, 0x00,
        0x00, 0x00, 0x00, 0x00, 0x00, 0x05, 0x00, 0x00, 0x00, 0x00, 0x00, 0x00,
        0x00, 0x05, 0x00, 0x00, 0x00, 0x00, 0x00, 0x00, 0x00, 0x05, 0x00, 0x00,
        0x00, 0x00, 0x00, 0x00, 0x00, 0x05, 0x00, 0x00, 0x00, 0x00, 0x00, 0x00,
        0xBB, 0x00, 0x60, 0x82, 0x39, 0x50, 0x03, 0xF1, 0x00, 0x05, 0x00, 0x00,
        0x00, 0x00, 0x00, 0x00, 0x00, 0x05, 0x00, 0x00, 0x00, 0x00, 0x00, 0x00,
        0x00, 0x05, 0x00, 0x00, 0x00, 0x00, 0x00, 0x00, 0x00, 0x05, 0x00, 0x00,
        0x00, 0x00, 0x00, 0x00, 0x00, 0x05, 0x00, 0x00, 0x00, 0x00, 0x00, 0x00,
        0x00, 0x05, 0x00, 0x00, 0x00, 0x00, 0x00, 0x00, 0x00, 0x05, 0x00, 0x00,
        0x00, 0x00, 0x00, 0x00, 0x41, 0x46, 0x90, 0x04, 0x49, 0x90, 0x04, 0x49,
        0x3D, 0x42, 0x00, 0x00, 0x00, 0x00, 0x00, 0x00, 0x42, 0x47, 0x00, 0x00,
        0x00, 0x00, 0x00, 0x00, 0x3D, 0x42, 0x00, 0x00, 0x00, 0x00, 0x00, 0x00,
        0xD3, 0x42, 0x09, 0x98, 0x60, 0x09, 0x96, 0x60, 0x03, 0x3D, 0x89, 0x91,
        0xD8, 0x89, 0x9D, 0xD8, 0x96, 0x5C, 0xF4, 0xB3, 0xFA, 0x62, 0x8D, 0xD5,
        0x02, 0x1A, 0x63, 0xA3, 0xB1, 0xD0, 0x08, 0x6D, 0x68, 0x50, 0xF6, 0xC3,
        0xDA, 0x62, 0x0D, 0x91, 0x26, 0x11, 0x9C, 0x50, 0x6E, 0x77, 0x99, 0xBB,
        0x2B, 0x22, 0xF1, 0x90, 0x57, 0x79, 0x97, 0x97, 0x2F, 0x22, 0xE9, 0x10,
        0x73, 0x71, 0x97, 0x97, 0x33, 0x29, 0x9D, 0xE0, 0x6E, 0x6E, 0x17, 0x97,
        0x35, 0x2B, 0x14, 0x50, 0x4E, 0x2E, 0x17, 0x97, 0x30, 0x7D, 0x40, 0x0A,
        0xA4, 0x40, 0x0A, 0xA4, 0x36, 0x13, 0x40, 0x0A, 0xC4, 0x52, 0x2C, 0xC5,
        0x68, 0x53, 0xF4, 0xB3, 0xFA, 0x62, 0x8F, 0xD5, 0x31, 0x20, 0x9D, 0xE0,
        0x4E, 0x2F, 0x17, 0x97, 0x57, 0x4B, 0xF5, 0x33, 0xDA, 0x1A, 0x0D, 0x6D,
        0x35, 0x2C, 0x03, 0x50, 0x0A, 0x2E, 0x19, 0x97, 0x00, 0x05, 0x00, 0x00,
        0x00, 0x00, 0x00, 0x00, 0x00, 0x05, 0x00, 0x00, 0x00, 0x00, 0x00, 0x00,
        0x00, 0x05, 0x00, 0x00, 0x00, 0x00, 0x00, 0x00, 0x00, 0x05, 0x00, 0x00,
        0x00, 0x00, 0x00, 0x00, 0x00, 0x05, 0x00, 0x00, 0x00, 0x00, 0x00, 0x00,
        0x3E, 0x00, 0x98, 0x03, 0x35, 0x10, 0x0F, 0xD1, 0x00, 0x05, 0x00, 0x00,
        0x00, 0x00, 0x00, 0x00, 0x00, 0x05, 0x00, 0x00, 0x00, 0x00, 0x00, 0x00,
        0x00, 0x05, 0x00, 0x00, 0x00, 0x00, 0x00, 0x00, 0x00, 0x05, 0x00, 0x00,
        0x00, 0x00, 0x00, 0x00, 0x00, 0x05, 0x00, 0x00, 0x00, 0x00, 0x00, 0x00,
        0x00, 0x05, 0x00, 0x00, 0x00, 0x00, 0x00, 0x00, 0xBC, 0x00, 0x98, 0x03,
        0x35, 0x10, 0x0F, 0xD1, 0x00, 0x05, 0x00, 0x00, 0x00, 0x00, 0x00, 0x00,
        0x00, 0x05, 0x00, 0x00, 0x00, 0x00, 0x00, 0x00, 0x00, 0x05, 0x00, 0x00,
        0x00, 0x00, 0x00, 0x00, 0x00, 0x05, 0x00, 0x00, 0x00, 0x00, 0x00, 0x00,
        0x00, 0x05, 0x00, 0x00, 0x00, 0x00, 0x00, 0x00, 0x00, 0x05, 0x00, 0x00,
        0x00, 0x00, 0x00, 0x00, 0x00, 0x05, 0x00, 0x00, 0x00, 0x00, 0x00, 0x00,
        0x41, 0x46, 0x90, 0x04, 0x49, 0x90, 0x04, 0x49, 0x3D, 0x42, 0x00, 0x00,
        0x00, 0x00, 0x00, 0x00, 0x42, 0x47, 0x00, 0x00, 0x00, 0x00, 0x00, 0x00,
        0x3D, 0x42, 0x00, 0x00, 0x00, 0x00, 0x00, 0x00, 0xD4, 0x42, 0x09, 0x96,
        0x60, 0x09, 0x96, 0x40, 0x3D, 0x42, 0x80, 0x0D, 0xD8, 0x80, 0x0D, 0xD8,
        0x9C, 0x63, 0xF4, 0xB3, 0xFA, 0xA2, 0x8F, 0xD5, 0x15, 0x00, 0xA6, 0xF0,
        0x52, 0x77, 0x99, 0xBB, 0x6C, 0x55, 0x75, 0xC2, 0xFA, 0x62, 0x0D, 0xB1,
        0x21, 0x0E, 0x9C, 0xE0, 0x6E, 0x77, 0x99, 0xBB, 0x29, 0x21, 0xF7, 0x70,
        0x13, 0x37, 0x95, 0x57, 0x2C, 0x22, 0xE9, 0x10, 0x13, 0x31, 0x17, 0x97,
        0x30, 0x28, 0x1C, 0xD0, 0x0D, 0xEF, 0x94, 0x76, 0x33, 0x2B, 0x1C, 0x60,
        0x0E, 0x31, 0x97, 0x9B, 0x2E, 0x7D, 0x40, 0x0A, 0xA4, 0x40, 0x0A, 0xA4,
        0x36, 0x12, 0x40, 0x0C, 0xC4, 0x42, 0x2C, 0xE5, 0x69, 0x55, 0xEB, 0x23,
        0xFA, 0x60, 0x8D, 0xB1, 0x1F, 0x2E, 0x63, 0xA3, 0xB1, 0x18, 0x0B, 0x8D,
        0x58, 0x4F, 0x75, 0xB2, 0x3A, 0x58, 0x0B, 0xB0, 0x34, 0x2A, 0x1C, 0x50,
        0x6E, 0x2E, 0x17, 0xB7, 0x00, 0x05, 0x00, 0x00, 0x00, 0x00, 0x00, 0x00,
        0x00, 0x05, 0x00, 0x00, 0x00, 0x00, 0x00, 0x00, 0x00, 0x05, 0x00, 0x00,
        0x00, 0x00, 0x00, 0x00, 0x00, 0x05, 0x00, 0x00, 0x00, 0x00, 0x00, 0x00,
        0x00, 0x05, 0x00, 0x00, 0x00, 0x00, 0x00, 0x00, 0x3F, 0x11, 0x50, 0x03,
        0xF1, 0x10, 0x0D, 0xAD, 0x00, 0x05, 0x00, 0x00, 0x00, 0x00, 0x00, 0x00,
        0x06, 0x13, 0xB6, 0x0D, 0xDB, 0xB4, 0x1D, 0xD8, 0x00, 0x05, 0x00, 0x00,
        0x00, 0x00, 0x00, 0x00, 0x00, 0x05, 0x00, 0x00, 0x00, 0x00, 0x00, 0x00,
        0x00, 0x05, 0x00, 0x00, 0x00, 0x00, 0x00, 0x00, 0x00, 0x05, 0x00, 0x00,
        0x00, 0x00, 0x00, 0x00, 0xBD, 0x35, 0x50, 0x03, 0xF1, 0x10, 0x0D, 0xAD,
        0x00, 0x05, 0x00, 0x00, 0x00, 0x00, 0x00, 0x00, 0x3A, 0x00, 0x49, 0xD2,
        0x24, 0x4B, 0x02, 0x27, 0x00, 0x05, 0x00, 0x00, 0x00, 0x00, 0x00, 0x00,
        0x00, 0x05, 0x00, 0x00, 0x00, 0x00, 0x00, 0x00, 0x00, 0x05, 0x00, 0x00,
        0x00, 0x00, 0x00, 0x00, 0x00, 0x05, 0x00, 0x00, 0x00, 0x00, 0x00, 0x00,
        0x00, 0x05, 0x00, 0x00, 0x00, 0x00, 0x00, 0x00, 0x41, 0x46, 0x90, 0x04,
        0x49, 0x90, 0x04, 0x49, 0x3D, 0x42, 0x00, 0x00, 0x00, 0x00, 0x00, 0x00,
        0x42, 0x47, 0x00, 0x00, 0x00, 0x00, 0x00, 0x00, 0x3D, 0x42, 0x00, 0x00,
        0x00, 0x00, 0x00, 0x00, 0x42, 0xD7, 0x40, 0x0A, 0xA4, 0x40, 0x0A, 0xA4,
        0x3D, 0x42, 0x80, 0x0D, 0xD8, 0x80, 0x0D, 0xD8, 0xAB, 0x74, 0xEB, 0xA3,
        0xFA, 0xA0, 0x8F, 0xD5, 0x0A, 0x00, 0xF1, 0x10, 0x53, 0xB9, 0x99, 0x98,
        0x79, 0x5F, 0xF4, 0xB3, 0xFA, 0x5A, 0x0D, 0xB1, 0x16, 0x07, 0x9D, 0xE0,
        0x4E, 0x77, 0x97, 0xBB, 0x28, 0x21, 0x79, 0x95, 0x77, 0x79, 0x99, 0x9B,
        0x29, 0x22, 0x31, 0x95, 0x77, 0x79, 0x97, 0x77, 0x2E, 0x27, 0x27, 0x15,
        0x73, 0x79, 0x9B, 0x9F, 0x2F, 0x28, 0xE5, 0xF0, 0x6E, 0x69, 0x97, 0x97,
        0x7E, 0x2B, 0x09, 0x94, 0x40, 0x09, 0x94, 0x40, 0x30, 0x12, 0x40, 0x0C,
        0xE4, 0x42, 0x2E, 0xE5, 0x6D, 0x5C, 0xAB, 0x23, 0x3A, 0x58, 0x8D, 0xD1,
        0x28, 0x1B, 0xA6, 0xF0, 0x0E, 0x2F, 0x15, 0x93, 0x5D, 0x53, 0xEC, 0x83,
        0xF6, 0x58, 0x0B, 0xB0, 0x2E, 0x27, 0x1D, 0xE0, 0x0E, 0x69, 0x97, 0xB7,
        0x00, 0x05, 0x00, 0x00, 0x00, 0x00, 0x00, 0x00, 0x00, 0x05, 0x00, 0x00,
        0x00, 0x00, 0x00, 0x00, 0x00, 0x05, 0x00, 0x00, 0x00, 0x00, 0x00, 0x00,
        0x00, 0x05, 0x00, 0x00, 0x00, 0x00, 0x00, 0x00, 0x00, 0x05, 0x00, 0x00,
        0x00, 0x00, 0x00, 0x00, 0x3F, 0x18, 0x50, 0x03, 0xF1, 0x10, 0x0D, 0xAD,
        0x00, 0x05, 0x00, 0x00, 0x00, 0x00, 0x00, 0x00, 0x18, 0x00, 0x4E, 0xC2,
        0x24, 0x72, 0x82, 0x26, 0x00, 0x05, 0x00, 0x00, 0x00, 0x00, 0x00, 0x00,
        0x00, 0x05, 0x00, 0x00, 0x00, 0x00, 0x00, 0x00, 0x00, 0x05, 0x00, 0x00,
        0x00, 0x00, 0x00, 0x00, 0x00, 0x05, 0x00, 0x00, 0x00, 0x00, 0x00, 0x00,
        0xBD, 0x48, 0x50, 0x03, 0xF1, 0x10, 0x0D, 0xAD, 0x00, 0x05, 0x00, 0x00,
        0x00, 0x00, 0x00, 0x00, 0x49, 0x00, 0x4E, 0xC2, 0x24, 0x72, 0x82, 0x26,
        0x00, 0x05, 0x00, 0x00, 0x00, 0x00, 0x00, 0x00, 0x00, 0x05, 0x00, 0x00,
        0x00, 0x00, 0x00, 0x00, 0x00, 0x05, 0x00, 0x00, 0x00, 0x00, 0x00, 0x00,
        0x00, 0x05, 0x00, 0x00, 0x00, 0x00, 0x00, 0x00, 0x00, 0x05, 0x00, 0x00,
        0x00, 0x00, 0x00, 0x00, 0x41, 0x46, 0x90, 0x04, 0x49, 0x90, 0x04, 0x49,
        0x3D, 0x42, 0x00, 0x00, 0x00, 0x00, 0x00, 0x00, 0x42, 0x47, 0x00, 0x00,
        0x00, 0x00, 0x00, 0x00, 0x3D, 0x42, 0x00, 0x00, 0x00, 0x00, 0x00, 0x00,
        0xD7, 0x42, 0x09, 0x94, 0x40, 0x09, 0x94, 0x40, 0x3D, 0x42, 0x80, 0x0D,
        0xD8, 0x80, 0x0D, 0xD8, 0xAE, 0x78, 0xEB, 0x23, 0xFA, 0x60, 0x8F, 0xD5,
        0x08, 0x00, 0xF1, 0x90, 0x57, 0x89, 0x97, 0x98, 0x7E, 0x63, 0xF4, 0xB3,
        0xFA, 0x62, 0x8D, 0xD1, 0x13, 0x06, 0xA5, 0xE0, 0x52, 0x77, 0x99, 0xB7,
        0x21, 0x26, 0x10, 0x03, 0xB1, 0xD0, 0x0A, 0xAD, 0x22, 0x27, 0x10, 0x03,
        0x31, 0x10, 0x03, 0x8D, 0x2D, 0x26, 0xEF, 0x74, 0x93, 0xB7, 0x97, 0x98,
        0x2E, 0x27, 0xA6, 0x74, 0x52, 0x37, 0x97, 0x97, 0x7E, 0x2B, 0x09, 0x94,
        0x40, 0x09, 0x94, 0x40, 0x30, 0x12, 0x40, 0x2E, 0xE4, 0x52, 0x2E, 0xE5,
        0x6E, 0x5D, 0xEA, 0x03, 0xF6, 0x58, 0x8F, 0xD5, 0x27, 0x1A, 0xE6, 0xE0,
        0x0E, 0x2F, 0x17, 0x77, 0x60, 0x54, 0xB3, 0x33, 0xDA, 0x5B, 0x8D, 0xCD,
        0x2E, 0x25, 0xA5, 0x60, 0x52, 0x2E, 0x19, 0x97, 0x00, 0x05, 0x00, 0x00,
        0x00, 0x00, 0x00, 0x00, 0x00, 0x05, 0x00, 0x00, 0x00, 0x00, 0x00, 0x00,
        0x00, 0x05, 0x00, 0x00, 0x00, 0x00, 0x00, 0x00, 0x00, 0x05, 0x00, 0x00,
        0x00, 0x00, 0x00, 0x00, 0x00, 0x05, 0x00, 0x00, 0x00, 0x00, 0x00, 0x00,
        0x3F, 0x26, 0x50, 0x03, 0xF1, 0x10, 0x0F, 0xCC, 0x00, 0x05, 0x00, 0x00,
        0x00, 0x00, 0x00, 0x00, 0x23, 0x00, 0x73, 0xA2, 0x3E, 0xA2, 0x83, 0xF5,
        0x00, 0x05, 0x00, 0x00, 0x00, 0x00, 0x00, 0x00, 0x00, 0x05, 0x00, 0x00,
        0x00, 0x00, 0x00, 0x00, 0x00, 0x05, 0x00, 0x00, 0x00, 0x00, 0x00, 0x00,
        0x00, 0x05, 0x00, 0x00, 0x00, 0x00, 0x00, 0x00, 0xBE, 0x72, 0x10, 0x03,
        0xF1, 0x10, 0x0D, 0xCD, 0x00, 0x05, 0x00, 0x00, 0x00, 0x00, 0x00, 0x00,
        0x6A, 0x00, 0x73, 0xA2, 0x3E, 0xA2, 0x83, 0xF5, 0x00, 0x05, 0x00, 0x00,
        0x00, 0x00, 0x00, 0x00, 0x00, 0x05, 0x00, 0x00, 0x00, 0x00, 0x00, 0x00,
        0x00, 0x05, 0x00, 0x00, 0x00, 0x00, 0x00, 0x00, 0x00, 0x05, 0x00, 0x00,
        0x00, 0x00, 0x00, 0x00, 0x00, 0x05, 0x00, 0x00, 0x00, 0x00, 0x00, 0x00,
        0x41, 0x46, 0x90, 0x04, 0x49, 0x90, 0x04, 0x49, 0x3D, 0x42, 0x00, 0x00,
        0x00, 0x00, 0x00, 0x00, 0x42, 0x47, 0x00, 0x00, 0x00, 0x00, 0x00, 0x00,
        0x3D, 0x42, 0x00, 0x00, 0x00, 0x00, 0x00, 0x00, 0xD8, 0x42, 0x09, 0x94,
        0x40, 0x09, 0x94, 0x40, 0x3D, 0x42, 0x80, 0x0D, 0xD8, 0x80, 0x0D, 0xD8,
        0xB8, 0x85, 0xAA, 0x23, 0xFA, 0x58, 0x8F, 0xD5, 0x01, 0x06, 0xB6, 0x68,
        0x63, 0xB6, 0x65, 0x5B, 0x6C, 0x88, 0x9C, 0x50, 0x4E, 0xE5, 0x94, 0x72,
        0x0C, 0x03, 0x25, 0xE0, 0x0E, 0x6F, 0x17, 0x77, 0x21, 0x26, 0xD0, 0x0A,
        0x8D, 0xD0, 0x08, 0x8D, 0x22, 0x27, 0xD0, 0x08, 0x8D, 0xC0, 0x08, 0x8C,
        0x25, 0x2A, 0x12, 0x83, 0x91, 0xD8, 0x08, 0x89, 0x26, 0x2B, 0x5A, 0xA3,
        0x2D, 0xD2, 0x0A, 0x6D, 0x7E, 0x28, 0x09, 0x94, 0x40, 0x09, 0x94, 0x40,
        0x11, 0x2D, 0x09, 0x94, 0x40, 0x09, 0x94, 0x40, 0x72, 0x61, 0xAB, 0x23,
        0xFA, 0x58, 0x8D, 0xD5, 0x23, 0x19, 0xEF, 0xF0, 0x0E, 0x2F, 0x15, 0x73,
        0x58, 0x63, 0xDD, 0x50, 0x4E, 0xED, 0x96, 0x72, 0x2A, 0x23, 0xA6, 0x10,
        0x12, 0x31, 0x99, 0x90, 0x00, 0x05, 0x00, 0x00, 0x00, 0x00, 0x00, 0x00,
        0x0F, 0x3E, 0xB6, 0x6D, 0xDB, 0xB6, 0x8D, 0x26, 0x00, 0x05, 0x00, 0x00,
        0x00, 0x00, 0x00, 0x00, 0x3E, 0x43, 0xB6, 0x6D, 0xDB, 0xB6, 0x0D, 0x49,
        0x00, 0x05, 0x00, 0x00, 0x00, 0x00, 0x00, 0x00, 0x58, 0x29, 0xAD, 0xD3,
        0x3A, 0xAD, 0x8F, 0xAD, 0x00, 0x05, 0x00, 0x00, 0x00, 0x00, 0x00, 0x00,
        0x3F, 0x00, 0xF5, 0x43, 0x3F, 0xEC, 0x03, 0x00, 0x00, 0x05, 0x00, 0x00,
        0x00, 0x00, 0x00, 0x00, 0x00, 0x05, 0x00, 0x00, 0x00, 0x00, 0x00, 0x00,
        0x00, 0x05, 0x00, 0x00, 0x00, 0x00, 0x00, 0x00, 0x00, 0x05, 0x00, 0x00,
        0x00, 0x00, 0x00, 0x00, 0x3B, 0xBE, 0x49, 0x97, 0x94, 0x49, 0x09, 0xDB,
        0x0B, 0x3D, 0xB6, 0x6D, 0xDB, 0xB6, 0x0D, 0x26, 0x6A, 0x00, 0xEA, 0x23,
        0x3A, 0x58, 0x9F, 0x24, 0x3E, 0x43, 0xB6, 0x6D, 0xDB, 0xB6, 0x0D, 0x48,
        0x47, 0x4C, 0xB6, 0x6D, 0xDB, 0xB6, 0x0D, 0xDB, 0x07, 0x3C, 0xB6, 0x6D,
        0xDB, 0xB6, 0x0D, 0x26, 0x00, 0x05, 0x00, 0x00, 0x00, 0x00, 0x00, 0x00,
        0x3D, 0x42, 0xB6, 0x6D, 0xDB, 0xB6, 0x0D, 0x69, 0x41, 0x46, 0x90, 0x04,
        0x49, 0x90, 0x04, 0x49, 0x3D, 0x42, 0x00, 0x00, 0x00, 0x00, 0x00, 0x00,
        0x42, 0x47, 0x00, 0x00, 0x00, 0x00, 0x00, 0x00, 0x3D, 0x42, 0x00, 0x00,
        0x00, 0x00, 0x00, 0x00, 0xD9, 0x42, 0x09, 0x94, 0x40, 0x09, 0x94, 0x40,
        0x3D, 0x42, 0x80, 0x0D, 0xD8, 0x80, 0x0D, 0xD8, 0xBA, 0x8A, 0xAA, 0x23,
        0xFA, 0x58, 0x8F, 0xF5, 0x01, 0x06, 0x36, 0x66, 0x5B, 0xB6, 0x65, 0x1B,
        0x8C, 0x71, 0xEC, 0xB3, 0xFA, 0x62, 0x8F, 0xD1, 0x0B, 0x02, 0xA5, 0xE0,
        0x52, 0x2F, 0x15, 0x97, 0x21, 0x26, 0xD0, 0x08, 0x8D, 0xD0, 0x08, 0x8D,
        0x22, 0x27, 0xD0, 0x08, 0x8C, 0xC0, 0x08, 0x68, 0x25, 0x2A, 0x18, 0x89,
        0x8D, 0x90, 0x08, 0x8C, 0x2C, 0x25, 0x6E, 0x65, 0x77, 0x77, 0x1B, 0xB7,
        0x7E, 0x28, 0x09, 0x94, 0x40, 0x09, 0x94, 0x40, 0x2D, 0x11, 0x40, 0x0E,
        0xE4, 0x40, 0x2E, 0xE4, 0x64, 0x72, 0x9D, 0x10, 0x0E, 0xE1, 0x10, 0x0E,
        0x18, 0x23, 0x5A, 0xA3, 0xB1, 0x18, 0x0B, 0xAD, 0x65, 0x5B, 0xF4, 0x43,
        0xFE, 0xA2, 0x0F, 0xF2, 0x2A, 0x22, 0xDF, 0xF0, 0x6E, 0xFF, 0x96, 0x77,
        0x00, 0x05, 0x00, 0x00, 0x00, 0x00, 0x00, 0x00, 0x3E, 0x00, 0x16, 0x10,
        0x0A, 0x09, 0x95, 0x98, 0x00, 0x05, 0x00, 0x00, 0x00, 0x00, 0x00, 0x00,
        0x3F, 0x2F, 0x00, 0x20, 0x01, 0xDC, 0x14, 0x93, 0x00, 0x05, 0x00, 0x00,
        0x00, 0x00, 0x00, 0x00, 0x58, 0x16, 0xD0, 0x48, 0x8E, 0x4A, 0x2B, 0xC7,
        0x00, 0x05, 0x00, 0x00, 0x00, 0x00, 0x00, 0x00, 0x3F, 0x2F, 0x00, 0x20,
        0x01, 0xDC, 0x14, 0x93, 0x00, 0x05, 0x00, 0x00, 0x00, 0x00, 0x00, 0x00,
        0x00, 0x05, 0x00, 0x00, 0x00, 0x00, 0x00, 0x00, 0x00, 0x05, 0x00, 0x00,
        0x00, 0x00, 0x00, 0x00, 0x00, 0x05, 0x00, 0x00, 0x00, 0x00, 0x00, 0x00,
        0xAF, 0x00, 0x4E, 0xC2, 0x24, 0x7A, 0x02, 0x3E, 0x3D, 0x00, 0x1F, 0x10,
        0x4F, 0x49, 0x97, 0xBC, 0x00, 0x05, 0x00, 0x00, 0x00, 0x00, 0x00, 0x00,
        0x3F, 0x27, 0x00, 0x20, 0x01, 0xDC, 0x14, 0x93, 0xB2, 0x00, 0x4D, 0xB2,
        0x24, 0x70, 0x02, 0x3E, 0x3C, 0x00, 0x27, 0x90, 0x4F, 0xC9, 0x99, 0xE4,
        0x00, 0x05, 0x00, 0x00, 0x00, 0x00, 0x00, 0x00, 0x3F, 0x1F, 0x00, 0x20,
        0x01, 0x9C, 0x14, 0x93, 0x41, 0x46, 0x90, 0x04, 0x49, 0x90, 0x04, 0x49,
        0x3D, 0x42, 0x00, 0x00, 0x00, 0x00, 0x00, 0x00, 0x42, 0x47, 0x00, 0x00,
        0x00, 0x00, 0x00, 0x00, 0x3D, 0x42, 0x00, 0x00, 0x00, 0x00, 0x00, 0x00,
        0xDA, 0x42, 0x09, 0x94, 0x40, 0x09, 0x94, 0x40, 0x3D, 0x42, 0x80, 0x0D,
        0xD8, 0x80, 0x0D, 0xD8, 0xBE, 0x93, 0xA2, 0x03, 0xFA, 0x58, 0x8F, 0xD5,
        0x01, 0x06, 0xB6, 0x61, 0xDB, 0xB6, 0x6D, 0xDB, 0x93, 0x78, 0xAB, 0x23,
        0xFA, 0x58, 0x8D, 0xD5, 0x08, 0x01, 0xEF, 0x74, 0x73, 0x79, 0x97, 0x9B,
        0x21, 0x26, 0xD0, 0x08, 0x8D, 0x90, 0x06, 0x69, 0x22, 0x27, 0x80, 0x06,
        0x68, 0x80, 0x06, 0x68, 0x24, 0x29, 0x12, 0x0B, 0x91, 0x10, 0x09, 0x89,
        0x25, 0x2A, 0x18, 0x89, 0x8D, 0xD0, 0x08, 0x6C, 0x7F, 0x27, 0x09, 0x94,
        0x40, 0x09, 0x94, 0x40, 0x2B, 0x11, 0x40, 0x2E, 0xE4, 0x42, 0x2E, 0xE5,
        0x73, 0x65, 0xA0, 0x03, 0xFA, 0x60, 0x8D, 0xD1, 0x20, 0x18, 0xF1, 0x10,
        0x0F, 0xF1, 0x14, 0x73, 0x5C, 0x65, 0xD9, 0x10, 0x6E, 0xC9, 0x96, 0x6C,
        0x27, 0x20, 0xEE, 0x90, 0x16, 0x71, 0x99, 0xB7, 0x00, 0x05, 0x00, 0x00,
        0x00, 0x00, 0x00, 0x00, 0x3A, 0x00, 0xA1, 0x90, 0x50, 0x89, 0x99, 0xA4,
        0x00, 0x05, 0x00, 0x00, 0x00, 0x00, 0x00, 0x00, 0x3E, 0x25, 0x00, 0x30,
        0x09, 0xE5, 0x14, 0x73, 0x00, 0x05, 0x00, 0x00, 0x00, 0x00, 0x00, 0x00,
        0x16, 0x4C, 0x65, 0x19, 0x8C, 0x19, 0x94, 0x19, 0x00, 0x05, 0x00, 0x00,
        0x00, 0x00, 0x00, 0x00, 0x3E, 0x25, 0x00, 0x30, 0x09, 0xE5, 0x14, 0x73,
        0x00, 0x05, 0x00, 0x00, 0x00, 0x00, 0x00, 0x00, 0x00, 0x05, 0x00, 0x00,
        0x00, 0x00, 0x00, 0x00, 0x00, 0x05, 0x00, 0x00, 0x00, 0x00, 0x00, 0x00,
        0x00, 0x05, 0x00, 0x00, 0x00, 0x00, 0x00, 0x00, 0xB5, 0x00, 0x4C, 0xA2,
        0x27, 0xE8, 0x83, 0x3D, 0x38, 0x00, 0xB1, 0x90, 0x74, 0xC9, 0x9B, 0xE4,
        0x00, 0x05, 0x00, 0x00, 0x00, 0x00, 0x00, 0x00, 0x3E, 0x18, 0x00, 0x30,
        0x09, 0xE5, 0x14, 0x93, 0xB7, 0x00, 0x4B, 0x22, 0x27, 0xE0, 0x83, 0xF9,
        0x05, 0x35, 0x46, 0x63, 0x83, 0xB6, 0x65, 0xDB, 0x00, 0x05, 0x00, 0x00,
        0x00, 0x00, 0x00, 0x00, 0x3D, 0x0B, 0x00, 0x30, 0x09, 0xE5, 0x14, 0x73,
        0x42, 0x22, 0x00, 0x00, 0x00, 0x00, 0xC0, 0x27, 0x22, 0x3D, 0x49, 0x92,
        0x24, 0x49, 0x02, 0x00, 0x22, 0x42, 0x49, 0x92, 0x24, 0x49, 0x02, 0x00,
        0x21, 0x3D, 0x49, 0x92, 0x24, 0x49, 0x02, 0x00, 0xDA, 0x22, 0x3F, 0xF4,
        0x43, 0x3F, 0x94, 0xCC, 0x3D, 0x00, 0x40, 0x02, 0x24, 0x40, 0x42, 0xDE,
        0xBE, 0x2D, 0x90, 0x06, 0x69, 0x90, 0xF6, 0x24, 0x17, 0x1C, 0xB6, 0x6D,
        0xDB, 0xB6, 0x0D, 0x36, 0x93, 0x28, 0x90, 0x04, 0x49, 0x80, 0x94, 0x24,
        0x1E, 0x01, 0xC9, 0x9F, 0xFC, 0x49, 0x0E, 0x00, 0x21, 0x26, 0xD0, 0x08,
        0x69, 0x90, 0x06, 0x00, 0x22, 0x27, 0x80, 0x06, 0x68, 0x80, 0x06, 0x00,
        0x21, 0x27, 0x6C, 0xC2, 0x26, 0x6C, 0x03, 0x00, 0x29, 0x22, 0xDD, 0x54,
        0x4E, 0xED, 0x96, 0x24, 0x7F, 0x21, 0x3F, 0xF4, 0x43, 0x39, 0x90, 0xCC,
        0x2B, 0x11, 0x42, 0x2E, 0xE4, 0x52, 0xBE, 0xDD, 0x73, 0x27, 0x90, 0x04,
        0x49, 0x80, 0xF4, 0x24, 0x20, 0x18, 0xF1, 0x10, 0x4F, 0x31, 0x47, 0x09,
        0x65, 0x25, 0x00, 0x04, 0x00, 0x00, 0x90, 0x24, 0x27, 0x1F, 0x27, 0xF1,
        0x72, 0x37, 0x99, 0xFF, 0x00, 0x05, 0x00, 0x00, 0x00, 0x00, 0x00, 0x00,
        0x0B, 0x18, 0xB6, 0x63, 0x1B, 0xB6, 0x6D, 0xDB, 0x00, 0x05, 0x00, 0x00,
        0x00, 0x00, 0x00, 0x00, 0x35, 0x08, 0x13, 0xD0, 0x49, 0xEF, 0x16, 0x73,
        0x00, 0x05, 0x00, 0x00, 0x00, 0x00, 0x00, 0x00, 0x48, 0x00, 0x58, 0x2C,
        0xFE, 0x9A, 0xA3, 0xF5, 0x00, 0x05, 0x00, 0x00, 0x00, 0x00, 0x00, 0x00,
        0x35, 0x08, 0x13, 0xD0, 0x49, 0xEF, 0x16, 0x73, 0x00, 0x05, 0x00, 0x00,
        0x00, 0x00, 0x00, 0x00, 0x00, 0x05, 0x00, 0x00, 0x00, 0x00, 0x00, 0x00,
        0x00, 0x05, 0x00, 0x00, 0x00, 0x00, 0x00, 0x00, 0x00, 0x05, 0x00, 0x00,
        0x00, 0x00, 0x00, 0x00, 0xBC, 0x07, 0xE0, 0x83, 0xF9, 0x50, 0x0F, 0xD1,
        0x05, 0x0C, 0xB6, 0x63, 0x1B, 0xB6, 0x6D, 0xDB, 0x02, 0x17, 0xB6, 0x0D,
        0xDB, 0x84, 0x9D, 0xD9, 0x30, 0x04, 0x9D, 0xF0, 0x4E, 0x77, 0x97, 0xBB,
        0xBC, 0x0F, 0x98, 0x03, 0xF5, 0x10, 0x0D, 0xAD, 0x00, 0x05, 0x00, 0x00,
        0x00, 0x00, 0x00, 0x00, 0x01, 0x2E, 0xB6, 0x2D, 0xDB, 0x84, 0x9D, 0xC1,
        0x2B, 0x00, 0xA6, 0x10, 0x53, 0x89, 0x99, 0xC4, 0x3A, 0x22, 0x7B, 0x22,
        0xFF, 0xA8, 0x0F, 0xDA, 0x2F, 0x22, 0x49, 0xD2, 0x3F, 0xF3, 0x8F, 0xFA,
        0x22, 0x27, 0x00, 0x20, 0x01, 0x93, 0xC4, 0x4D, 0x21, 0x26, 0x12, 0x20,
        0x49, 0x93, 0xC4, 0x4D, 0xCD, 0x22, 0xC9, 0x9C, 0xA8, 0x09, 0x98, 0x60,
        0x22, 0x00, 0xC0, 0x09, 0xE4, 0x40, 0x02, 0x24, 0x78, 0x2D, 0x7E, 0x42,
        0xFB, 0x63, 0x8D, 0xB1, 0x1C, 0x01, 0x02, 0x50, 0x72, 0x77, 0x9B, 0xDB,
        0x48, 0x28, 0x4F, 0x52, 0xDB, 0x23, 0x0B, 0x8D, 0x1E, 0x0C, 0x00, 0x40,
        0x6E, 0x76, 0x99, 0xDF, 0x21, 0x26, 0x00, 0x00, 0x00, 0x00, 0x00, 0x00,
        0x22, 0x27, 0x00, 0x00, 0x00, 0x00, 0x00, 0x00, 0x21, 0x26, 0x00, 0x00,
        0x00, 0x00, 0x00, 0x00, 0x22, 0x27, 0x00, 0x00, 0x00, 0x00, 0x00, 0x00,
        0x77, 0x21, 0xC9, 0x9C, 0xA8, 0x09, 0x98, 0x60, 0x22, 0x11, 0xC0, 0x09,
        0xE4, 0x40, 0x02, 0x24, 0x4D, 0x27, 0x7E, 0x42, 0xFB, 0x63, 0x8D, 0xB1,
        0x11, 0x1F, 0x4D, 0x32, 0xB2, 0xDA, 0x08, 0x69, 0x35, 0x25, 0x4F, 0x52,
        0xFB, 0x23, 0x0B, 0x8D, 0x20, 0x17, 0x00, 0x40, 0x6E, 0x6E, 0x9B, 0xDF,
        0x00, 0x05, 0x00, 0x00, 0x00, 0x00, 0x00, 0x00, 0x0B, 0x10, 0xB6, 0x61,
        0xDB, 0xB6, 0x6D, 0xDB, 0x00, 0x05, 0x00, 0x00, 0x00, 0x00, 0x00, 0x00,
        0x31, 0x00, 0x9C, 0x60, 0x4E, 0x2F, 0x17, 0x77, 0x00, 0x05, 0x00, 0x00,
        0x00, 0x00, 0x00, 0x00, 0x42, 0x00, 0xD8, 0x8F, 0x35, 0x50, 0x0F, 0xD1,
        0x00, 0x05, 0x00, 0x00, 0x00, 0x00, 0x00, 0x00, 0x31, 0x00, 0x9C, 0x60,
        0x4E, 0x2F, 0x17, 0x77, 0x00, 0x05, 0x00, 0x00, 0x00, 0x00, 0x00, 0x00,
        0x00, 0x05, 0x00, 0x00, 0x00, 0x00, 0x00, 0x00, 0x00, 0x05, 0x00, 0x00,
        0x00, 0x00, 0x00, 0x00, 0x00, 0x05, 0x00, 0x00, 0x00, 0x00, 0x00, 0x00,
        0xBC, 0x14, 0x98, 0x03, 0x35, 0x10, 0x0F, 0xD1, 0x05, 0x0A, 0xB6, 0x61,
        0xDB, 0xB6, 0x6D, 0xDB, 0x20, 0x00, 0x4F, 0xD2, 0x24, 0x73, 0x02, 0x3A,
        0x29, 0x00, 0xA6, 0x70, 0x53, 0x77, 0x99, 0xBB, 0xBD, 0x29, 0x98, 0x03,
        0xF5, 0x10, 0x0D, 0xAD, 0x00, 0x05, 0x00, 0x00, 0x00, 0x00, 0x00, 0x00,
        0x3F, 0x00, 0x4F, 0xD2, 0x24, 0x73, 0x02, 0x3A, 0x0C, 0x22, 0x06, 0x63,
        0x83, 0xB6, 0x61, 0xDB, 0x3B, 0x24, 0x7A, 0x22, 0x3F, 0xE8, 0x8F, 0xFA,
        0x32, 0x22, 0x4D, 0x42, 0x3F, 0xEA, 0x0F, 0xFA, 0x22, 0x27, 0x12, 0x30,
        0x49, 0xDC, 0x54, 0x6E, 0x22, 0x27, 0x00, 0x20, 0x00, 0x93, 0xB0, 0x49,
        0xCF, 0x22, 0x89, 0x9A, 0x80, 0x09, 0x96, 0x60, 0x04, 0x23, 0x89, 0x91,
        0xD8, 0x89, 0x9D, 0xD8, 0x85, 0x39, 0x7D, 0xC2, 0xFA, 0x62, 0x8D, 0xB1,
        0x14, 0x00, 0x9C, 0xE0, 0x72, 0x71, 0x99, 0xBB, 0x50, 0x2F, 0x7E, 0xD2,
        0xFA, 0x63, 0x0B, 0x8D, 0x19, 0x09, 0x12, 0x50, 0x72, 0x77, 0x99, 0xDC,
        0x21, 0x26, 0x00, 0x00, 0x00, 0x00, 0x00, 0x00, 0x22, 0x27, 0x00, 0x00,
        0x00, 0x00, 0x00, 0x00, 0x21, 0x26, 0x00, 0x00, 0x00, 0x00, 0x00, 0x00,
        0x22, 0x27, 0x00, 0x00, 0x00, 0x00, 0x00, 0x00, 0x78, 0x21, 0x89, 0x9A,
        0x80, 0x09, 0x96, 0x60, 0x22, 0x11, 0x40, 0x0E, 0x24, 0x40, 0x02, 0x24,
        0x53, 0x2D, 0xFD, 0xC3, 0xFA, 0x62, 0x8D, 0xB1, 0x1B, 0x11, 0x1C, 0xE0,
        0x72, 0xB1, 0x99, 0xDB, 0x39, 0x28, 0x7E, 0xD2, 0xFA, 0x63, 0x0B, 0x8D,
        0x1D, 0x15, 0x00, 0xC0, 0x4D, 0x6E, 0x99, 0xDB, 0x00, 0x05, 0x00, 0x00,
        0x00, 0x00, 0x00, 0x00, 0x00, 0x05, 0x00, 0x00, 0x00, 0x00, 0x00, 0x00,
        0x00, 0x05, 0x00, 0x00, 0x00, 0x00, 0x00, 0x00, 0x05, 0x20, 0x5E, 0x63,
        0xAC, 0xB6, 0x68, 0x63, 0x00, 0x05, 0x00, 0x00, 0x00, 0x00, 0x00, 0x00,
        0x3F, 0x11, 0x50, 0x03, 0xF1, 0x10, 0x0D, 0xAD, 0x00, 0x05, 0x00, 0x00,
        0x00, 0x00, 0x00, 0x00, 0x05, 0x20, 0x5E, 0x03, 0xAC, 0xB3, 0x48, 0x60,
        0x00, 0x05, 0x00, 0x00, 0x00, 0x00, 0x00, 0x00, 0x00, 0x05, 0x00, 0x00,
        0x00, 0x00, 0x00, 0x00, 0x00, 0x05, 0x00, 0x00, 0x00, 0x00, 0x00, 0x00,
        0x00, 0x05, 0x00, 0x00, 0x00, 0x00, 0x00, 0x00, 0xBD, 0x4C, 0x50, 0x03,
        0xF1, 0x10, 0x0D, 0xAD, 0x00, 0x05, 0x00, 0x00, 0x00, 0x00, 0x00, 0x00,
        0x50, 0x00, 0xF5, 0x43, 0x3F, 0xAA, 0x0F, 0xFA, 0x02, 0x10, 0x5E, 0x63,
        0xAC, 0xB6, 0x68, 0x63, 0xBE, 0x63, 0x50, 0x03, 0xF1, 0x10, 0x0D, 0xAD,
        0x00, 0x05, 0x00, 0x00, 0x00, 0x00, 0x00, 0x00, 0x66, 0x00, 0xF4, 0xB3,
        0xFA, 0x62, 0x8D, 0xD1, 0x00, 0x05, 0x00, 0x00, 0x00, 0x00, 0x00, 0x00,
        0x3C, 0x27, 0xE8, 0x83, 0x3A, 0xA0, 0x0F, 0xFA, 0x36, 0x25, 0xF3, 0xA3,
        0xFE, 0xA0, 0x0F, 0xF6, 0x24, 0x29, 0x13, 0x40, 0x09, 0xA5, 0x54, 0x52,
        0x23, 0x28, 0x12, 0x30, 0x49, 0xDD, 0x54, 0x6E, 0x23, 0xD5, 0x40, 0x0A,
        0xA4, 0x40, 0x0A, 0xA4, 0x23, 0x28, 0x80, 0x0D, 0xD8, 0x82, 0x2D, 0xD9,
        0x9F, 0x57, 0xF4, 0xA3, 0xFA, 0x62, 0x8D, 0xD1, 0x01, 0x07, 0x16, 0x63,
        0x8B, 0x36, 0x64, 0x1B, 0x66, 0x42, 0xF5, 0xC3, 0xFA, 0x62, 0x0D, 0xB1,
        0x0D, 0x02, 0x1B, 0xD0, 0x4E, 0x77, 0x97, 0xBB, 0x21, 0x26, 0x00, 0x00,
        0x00, 0x00, 0x00, 0x00, 0x22, 0x27, 0x00, 0x00, 0x00, 0x00, 0x00, 0x00,
        0x21, 0x26, 0x00, 0x00, 0x00, 0x00, 0x00, 0x00, 0x22, 0x27, 0x00, 0x00,
        0x00, 0x00, 0x00, 0x00, 0x21, 0x7B, 0x40, 0x0A, 0xA4, 0x40, 0x0A, 0xA4,
        0x11, 0x22, 0x09, 0x90, 0x00, 0x09, 0x90, 0x00, 0x60, 0x3C, 0xEB, 0x23,
        0xFA, 0x60, 0x8D, 0xD1, 0x11, 0x16, 0xD0, 0x08, 0x68, 0x00, 0x04, 0x00,
        0x44, 0x32, 0x75, 0xC2, 0xFA, 0x62, 0x0D, 0xB1, 0x12, 0x17, 0x6C, 0xB2,
        0xB5, 0xD2, 0x08, 0x69, 0x00, 0x05, 0x00, 0x00, 0x00, 0x00, 0x00, 0x00,
        0x00, 0x05, 0x00, 0x00, 0x00, 0x00, 0x00, 0x00, 0x00, 0x05, 0x00, 0x00,
        0x00, 0x00, 0x00, 0x00, 0x05, 0x1A, 0x06, 0x63, 0xAB, 0x36, 0x66, 0x5B,
        0x00, 0x05, 0x00, 0x00, 0x00, 0x00, 0x00, 0x00, 0x3F, 0x18, 0x50, 0x03,
        0xF1, 0x10, 0x0D, 0xAD, 0x00, 0x05, 0x00, 0x00, 0x00, 0x00, 0x00, 0x00,
        0x1A, 0x00, 0xF6, 0xC0, 0x74, 0xF3, 0x89, 0xC6, 0x00, 0x05, 0x00, 0x00,
        0x00, 0x00, 0x00, 0x00, 0x00, 0x05, 0x00, 0x00, 0x00, 0x00, 0x00, 0x00,
        0x00, 0x05, 0x00, 0x00, 0x00, 0x00, 0x00, 0x00, 0x00, 0x05, 0x00, 0x00,
        0x00, 0x00, 0x00, 0x00, 0xBE, 0x5C, 0x50, 0x03, 0xF1, 0x10, 0x0D, 0xCD,
        0x00, 0x05, 0x00, 0x00, 0x00, 0x00, 0x00, 0x00, 0x5C, 0x05, 0xF4, 0x33,
        0x3F, 0xAA, 0x0F, 0xFA, 0x02, 0x0D, 0x06, 0x63, 0xAB, 0x36, 0x66, 0x5B,
        0xBE, 0x70, 0x50, 0x03, 0xF1, 0x10, 0x0D, 0xCD, 0x00, 0x05, 0x00, 0x00,
        0x00, 0x00, 0x00, 0x00, 0x70, 0x0B, 0xEB, 0x23, 0xFA, 0x62, 0x8D, 0xD1,
        0x00, 0x05, 0x00, 0x00, 0x00, 0x00, 0x00, 0x00, 0x3C, 0x28, 0xA8, 0x03,
        0xFA, 0xA0, 0x0F, 0xD6, 0x37, 0x27, 0x72, 0xA2, 0x3E, 0xA0, 0x03, 0xFA,
        0x24, 0x2A, 0x94, 0x50, 0x4A, 0x25, 0x95, 0x92, 0x24, 0x29, 0x02, 0x40,
        0x09, 0x9C, 0x54, 0x4E, 0x24, 0xD5, 0x40, 0x0A, 0xA4, 0x40, 0x0A, 0xA4,
        0x23, 0x28, 0x80, 0x2D, 0xD8, 0x92, 0x3D, 0xD9, 0xA5, 0x60, 0xEB, 0x23,
        0xFA, 0x62, 0x8D, 0xD5, 0x01, 0x06, 0xB6, 0x68, 0x43, 0xB6, 0x61, 0xDB,
        0x6C, 0x48, 0xF5, 0xB3, 0xFA, 0x62, 0x0D, 0xB1, 0x0B, 0x02, 0x25, 0xE0,
        0x52, 0x71, 0x99, 0xBB, 0x21, 0x26, 0x00, 0x00, 0x00, 0x00, 0x00, 0x00,
        0x22, 0x27, 0x00, 0x00, 0x00, 0x00, 0x00, 0x00, 0x21, 0x26, 0x00, 0x00,
        0x00, 0x00, 0x00, 0x00, 0x22, 0x27, 0x00, 0x00, 0x00, 0x00, 0x00, 0x00,
        0x21, 0x7B, 0x40, 0x0A, 0xA4, 0x40, 0x0A, 0xA4, 0x11, 0x22, 0x09, 0x90,
        0x00, 0x09, 0x90, 0x00, 0x63, 0x41, 0xEB, 0x23, 0xFA, 0x62, 0x8D, 0xD1,
        0x11, 0x16, 0x80, 0x06, 0x40, 0x00, 0x00, 0x00, 0x47, 0x35, 0xF5, 0xC3,
        0xFA, 0x62, 0x0D, 0xB1, 0x12, 0x17, 0x5B, 0x2B, 0x8D, 0x90, 0x06, 0x48,
        0x00, 0x05, 0x00, 0x00, 0x00, 0x00, 0x00, 0x00, 0x00, 0x05, 0x00, 0x00,
        0x00, 0x00, 0x00, 0x00, 0x00, 0x05, 0x00, 0x00, 0x00, 0x00, 0x00, 0x00,
        0x04, 0x09, 0xB6, 0x63, 0x1B, 0xB6, 0x6D, 0xDB, 0x00, 0x05, 0x00, 0x00,
        0x00, 0x00, 0x00, 0x00, 0x3F, 0x26, 0x50, 0x03, 0xF1, 0x10, 0x0F, 0xCC,
        0x00, 0x05, 0x00, 0x00, 0x00, 0x00, 0x00, 0x00, 0x23, 0x00, 0x73, 0xAC,
        0xFE, 0xA2, 0x83, 0xF5, 0x00, 0x05, 0x00, 0x00, 0x00, 0x00, 0x00, 0x00,
        0x00, 0x05, 0x00, 0x00, 0x00, 0x00, 0x00, 0x00, 0x00, 0x05, 0x00, 0x00,
        0x00, 0x00, 0x00, 0x00, 0x00, 0x05, 0x00, 0x00, 0x00, 0x00, 0x00, 0x00,
        0xBE, 0x7E, 0x10, 0x03, 0xF1, 0x10, 0x0D, 0xCC, 0x00, 0x05, 0x00, 0x00,
        0x00, 0x00, 0x00, 0x00, 0x78, 0x16, 0xEB, 0x23, 0x3A, 0xA2, 0x8F, 0xF5,
        0x02, 0x07, 0xB6, 0x67, 0x1B, 0xB6, 0x6D, 0xDB, 0xBE, 0x8B, 0x10, 0x03,
        0xF1, 0x10, 0x0D, 0xCC, 0x00, 0x05, 0x00, 0x00, 0x00, 0x00, 0x00, 0x00,
        0x86, 0x2C, 0xAB, 0x23, 0xFA, 0x58, 0x8D, 0xD1, 0x00, 0x05, 0x00, 0x00,
        0x00, 0x00, 0x00, 0x00, 0x3D, 0x2C, 0xE8, 0x03, 0x3A, 0xA0, 0x03, 0xF6,
        0x2A, 0x39, 0x9D, 0x90, 0x09, 0xA1, 0x10, 0x4E, 0x27, 0x2C, 0x14, 0x50,
        0x09, 0xA5, 0x90, 0x4A, 0x2C, 0x25, 0xF5, 0x53, 0x3B, 0xEB, 0xAD, 0xD6,
        0xD7, 0x25, 0x09, 0x94, 0x40, 0x09, 0x94, 0x40, 0x24, 0x29, 0x82, 0x2D,
        0xD9, 0x92, 0x4D, 0xD9, 0xB1, 0x76, 0xEA, 0x23, 0xFA, 0x58, 0x8F, 0xD5,
        0x00, 0x05, 0x00, 0x00, 0x00, 0x00, 0x00, 0x00, 0x7D, 0x58, 0xF4, 0xB3,
        0xFA, 0x62, 0x8D, 0xB1, 0x01, 0x06, 0x1A, 0x0B, 0x91, 0x86, 0x68, 0x43,
        0x21, 0x26, 0x00, 0x00, 0x00, 0x00, 0x00, 0x00, 0x22, 0x27, 0x00, 0x00,
        0x00, 0x00, 0x00, 0x00, 0x21, 0x26, 0x00, 0x00, 0x00, 0x00, 0x00, 0x00,
        0x22, 0x27, 0x00, 0x00, 0x00, 0x00, 0x00, 0x00, 0x7C, 0x21, 0x09, 0x94,
        0x40, 0x09, 0x94, 0x40, 0x11, 0x22, 0x09, 0x90, 0x00, 0x09, 0x90, 0x00,
        0x69, 0x4C, 0xEA, 0x23, 0xFA, 0x58, 0x8F, 0xD5, 0x11, 0x16, 0x00, 0x00,
        0x00, 0x00, 0x00, 0x00, 0x4F, 0x3D, 0xF4, 0xB3, 0xFA, 0x62, 0x0D, 0xB1,
        0x11, 0x16, 0xD2, 0x06, 0x6D, 0x80, 0x06, 0x40, 0x00, 0x05, 0x00, 0x00,
        0x00, 0x00, 0x00, 0x00, 0x00, 0x05, 0x00, 0x00, 0x00, 0x00, 0x00, 0x00,
        0x00, 0x05, 0x00, 0x00, 0x00, 0x00, 0x00, 0x00, 0x04, 0x09, 0xB6, 0x61,
        0xDB, 0xB6, 0x6D, 0xDB, 0x00, 0x05, 0x00, 0x00, 0x00, 0x00, 0x00, 0x00,
        0x29, 0x3F, 0x29, 0x91, 0x12, 0x09, 0x65, 0xDB, 0x00, 0x05, 0x00, 0x00,
        0x00, 0x00, 0x00, 0x00, 0x23, 0x00, 0xEA, 0x2F, 0x3A, 0x58, 0x9F, 0x24,
        0x00, 0x05, 0x00, 0x00, 0x00, 0x00, 0x00, 0x00, 0x00, 0x05, 0x00, 0x00,
        0x00, 0x00, 0x00, 0x00, 0x00, 0x05, 0x00, 0x00, 0x00, 0x00, 0x00, 0x00,
        0x00, 0x05, 0x00, 0x00, 0x00, 0x00, 0x00, 0x00, 0x86, 0xBE, 0x29, 0x91,
        0x50, 0x09, 0x65, 0xDB, 0x00, 0x05, 0x00, 0x00, 0x00, 0x00, 0x00, 0x00,
        0x1B, 0x78, 0x9D, 0x10, 0x0E, 0xE9, 0x64, 0xDB, 0x02, 0x07, 0xB6, 0x61,
        0xDB, 0xB6, 0x6D, 0xDB, 0x92, 0xBE, 0x29, 0x91, 0x52, 0x09, 0x65, 0xDB,
        0x00, 0x05, 0x00, 0x00, 0x00, 0x00, 0x00, 0x00, 0x36, 0x86, 0xA5, 0x10,
        0x4E, 0xE9, 0x64, 0xDB, 0x00, 0x05, 0x00, 0x00, 0x00, 0x00, 0x00, 0x00,
        0x2D, 0x3D, 0xA1, 0x10, 0x0A, 0xE1, 0x10, 0x4E, 0x39, 0x2B, 0xE8, 0x83,
        0x3E, 0xA0, 0x0F, 0xFA, 0x2E, 0x27, 0xFC, 0xC3, 0x3E, 0xE3, 0x2F, 0xFA,
        0x2C, 0x25, 0xB5, 0xB3, 0xDE, 0x6A, 0x2D, 0xD6, 0xD7, 0x25, 0x09, 0x94,
        0x40, 0x09, 0x94, 0x40, 0x25, 0x2A, 0x80, 0x0D, 0xD8, 0x83, 0xBD, 0xD9,
        0xB4, 0x7D, 0xEA, 0x23, 0xFA, 0x60, 0x8F, 0xD5, 0x00, 0x05, 0x00, 0x00,
        0x00, 0x00, 0x00, 0x00, 0x81, 0x5D, 0xF4, 0x33, 0xFA, 0x5A, 0x8D, 0xB1,
        0x01, 0x06, 0x10, 0x69, 0x88, 0x36, 0x64, 0x43, 0x21, 0x26, 0x00, 0x00,
        0x00, 0x00, 0x00, 0x00, 0x22, 0x27, 0x00, 0x00, 0x00, 0x00, 0x00, 0x00,
        0x21, 0x26, 0x00, 0x00, 0x00, 0x00, 0x00, 0x00, 0x22, 0x27, 0x00, 0x00,
        0x00, 0x00, 0x00, 0x00, 0x7C, 0x21, 0x09, 0x94, 0x40, 0x09, 0x94, 0x40,
        0x11, 0x22, 0x09, 0x90, 0x00, 0x09, 0x90, 0x00, 0x6B, 0x4F, 0xEA, 0x23,
        0x3A, 0x60, 0x8F, 0xD5, 0x11, 0x16, 0x00, 0x00, 0x00, 0x00, 0x00, 0x00,
        0x51, 0x3F, 0xF4, 0x33, 0xFA, 0x5A, 0x0D, 0xB1, 0x11, 0x16, 0xD0, 0x06,
        0x68, 0x00, 0x04, 0x40, 0x00, 0x05, 0x00, 0x00, 0x00, 0x00, 0x00, 0x00,
        0x00, 0x05, 0x00, 0x00, 0x00, 0x00, 0x00, 0x00, 0x00, 0x05, 0x00, 0x00,
        0x00, 0x00, 0x00, 0x00, 0x00, 0x05, 0x00, 0x00, 0x00, 0x00, 0x00, 0x00,
        0x00, 0x05, 0x00, 0x00, 0x00, 0x00, 0x00, 0x00, 0x00, 0x05, 0x00, 0x00,
        0x00, 0x00, 0x00, 0x00, 0x00, 0x05, 0x00, 0x00, 0x00, 0x00, 0x00, 0x00,
        0x00, 0x05, 0x00, 0x00, 0x00, 0x00, 0x00, 0x00, 0x00, 0x05, 0x00, 0x00,
        0x00, 0x00, 0x00, 0x00, 0x00, 0x05, 0x00, 0x00, 0x00, 0x00, 0x00, 0x00,
        0x00, 0x05, 0x00, 0x00, 0x00, 0x00, 0x00, 0x00, 0x00, 0x05, 0x00, 0x00,
        0x00, 0x00, 0x00, 0x00, 0x00, 0x05, 0x00, 0x00, 0x00, 0x00, 0x00, 0x00,
        0x00, 0x05, 0x00, 0x00, 0x00, 0x00, 0x00, 0x00, 0x00, 0x05, 0x00, 0x00,
        0x00, 0x00, 0x00, 0x00, 0x00, 0x05, 0x00, 0x00, 0x00, 0x00, 0x00, 0x00,
        0x00, 0x05, 0x00, 0x00, 0x00, 0x00, 0x00, 0x00, 0x00, 0x05, 0x00, 0x00,
        0x00, 0x00, 0x00, 0x00, 0x00, 0x05, 0x00, 0x00, 0x00, 0x00, 0x00, 0x00,
        0x00, 0x05, 0x00, 0x00, 0x00, 0x00, 0x00, 0x00, 0x3D, 0x30, 0xA8, 0x03,
        0x3A, 0xA0, 0x03, 0x3A, 0x3A, 0x2D, 0xA8, 0x03, 0x3A, 0xA0, 0x8F, 0xD5,
        0x2F, 0x28, 0xEB, 0xB3, 0x36, 0x63, 0x8F, 0xB5, 0x27, 0x2D, 0x9D, 0xD0,
        0x4A, 0xE9, 0x94, 0x56, 0xD9, 0x27, 0x09, 0x94, 0x40, 0x09, 0x94, 0x40,
        0x27, 0x2C, 0x80, 0x0D, 0xD8, 0x80, 0x2D, 0xD8, 0xBB, 0x8C, 0xA2, 0x23,
        0xFA, 0x58, 0x8F, 0xD5, 0x00, 0x05, 0x00, 0x00, 0x00, 0x00, 0x00, 0x00,
        0x8E, 0x6B, 0xEC, 0x33, 0xFA, 0x62, 0x8D, 0xD1, 0x01, 0x06, 0x36, 0x64,
        0x1B, 0xB6, 0x6D, 0xDB, 0x21, 0x26, 0x00, 0x00, 0x00, 0x00, 0x00, 0x00,
        0x22, 0x27, 0x00, 0x00, 0x00, 0x00, 0x00, 0x00, 0x21, 0x26, 0x00, 0x00,
        0x00, 0x00, 0x00, 0x00, 0x22, 0x27, 0x00, 0x00, 0x00, 0x00, 0x00, 0x00,
        0x7D, 0x21, 0x09, 0x94, 0x40, 0x09, 0x94, 0x40, 0x11, 0x22, 0x09, 0x90,
        0x00, 0x09, 0x90, 0x00, 0x6E, 0x57, 0xA2, 0x03, 0xF6, 0x58, 0x8F, 0xD5,
        0x11, 0x16, 0x00, 0x00, 0x00, 0x00, 0x00, 0x00, 0x58, 0x46, 0xEC, 0x23,
        0xFA, 0x62, 0x8D, 0xD1, 0x11, 0x16, 0x00, 0x04, 0x00, 0x00, 0x00, 0x00,
        0x00, 0x05, 0x00, 0x00, 0x00, 0x00, 0x00, 0x00, 0x00, 0x05, 0x00, 0x00,
        0x00, 0x00, 0x00, 0x00, 0x00, 0x05, 0x00, 0x00, 0x00, 0x00, 0x00, 0x00,
        0x00, 0x05, 0x00, 0x00, 0x00, 0x00, 0x00, 0x00, 0x00, 0x05, 0x00, 0x00,
        0x00, 0x00, 0x00, 0x00, 0x00, 0x05, 0x00, 0x00, 0x00, 0x00, 0x00, 0x00,
        0x00, 0x05, 0x00, 0x00, 0x00, 0x00, 0x00, 0x00, 0x00, 0x05, 0x00, 0x00,
        0x00, 0x00, 0x00, 0x00, 0x00, 0x05, 0x00, 0x00, 0x00, 0x00, 0x00, 0x00,
        0x00, 0x05, 0x00, 0x00, 0x00, 0x00, 0x00, 0x00, 0x00, 0x05, 0x00, 0x00,
        0x00, 0x00, 0x00, 0x00, 0x00, 0x05, 0x00, 0x00, 0x00, 0x00, 0x00, 0x00,
        0x00, 0x05, 0x00, 0x00, 0x00, 0x00, 0x00, 0x00, 0x00, 0x05, 0x00, 0x00,
        0x00, 0x00, 0x00, 0x00, 0x00, 0x05, 0x00, 0x00, 0x00, 0x00, 0x00, 0x00,
        0x00, 0x05, 0x00, 0x00, 0x00, 0x00, 0x00, 0x00, 0x00, 0x05, 0x00, 0x00,
        0x00, 0x00, 0x00, 0x00, 0x00, 0x05, 0x00, 0x00, 0x00, 0x00, 0x00, 0x00,
        0x00, 0x05, 0x00, 0x00, 0x00, 0x00, 0x00, 0x00, 0x00, 0x05, 0x00, 0x00,
        0x00, 0x00, 0x00, 0x00, 0x3D, 0x30, 0xA0, 0x03, 0x3A, 0xA0, 0x83, 0xF9,
        0x3A, 0x2D, 0xA0, 0x03, 0xFA, 0x58, 0x8D, 0xD5, 0x30, 0x28, 0x6B, 0x33,
        0xF6, 0x58, 0x8B, 0xB5, 0x28, 0x2D, 0x24, 0x10, 0x0A, 0x21, 0x91, 0x52,
        0xD9, 0x27, 0x09, 0x94, 0x40, 0x09, 0x94, 0x40, 0x27, 0x2C, 0x80, 0x0D,
        0xD8, 0x82, 0x2D, 0xD9, 0xBC, 0x90, 0xA2, 0x03, 0xFA, 0x58, 0x8F, 0xD5,
        0x00, 0x05, 0x00, 0x00, 0x00, 0x00, 0x00, 0x00, 0x91, 0x6F, 0xEB, 0x23,
        0xFA, 0x5A, 0x8D, 0xD1, 0x01, 0x06, 0xB6, 0x61, 0xDB, 0xB6, 0x6D, 0xDB,
        0x21, 0x26, 0x00, 0x00, 0x00, 0x00, 0x00, 0x00, 0x22, 0x27, 0x00, 0x00,
        0x00, 0x00, 0x00, 0x00, 0x21, 0x26, 0x00, 0x00, 0x00, 0x00, 0x00, 0x00,
        0x22, 0x27, 0x00, 0x00, 0x00, 0x00, 0x00, 0x00, 0x7D, 0x21, 0x09, 0x94,
        0x40, 0x09, 0x94, 0x00, 0x11, 0x22, 0x09, 0x90, 0x00, 0x09, 0x90, 0x00,
        0x6F, 0x59, 0xA2, 0x03, 0xFA, 0x58, 0x8F, 0xD5, 0x11, 0x16, 0x00, 0x00,
        0x00, 0x00, 0x00, 0x00, 0x59, 0x48, 0xEB, 0x23, 0xFA, 0x58, 0x8D, 0xB1,
        0x11, 0x16, 0x00, 0x00, 0x00, 0x00, 0x00, 0x00, 0x00, 0x05, 0x00, 0x00,
        0x00, 0x00, 0x00, 0x00, 0x00, 0x05, 0x00, 0x00, 0x00, 0x00, 0x00, 0x00,
        0x00, 0x05, 0x00, 0x00, 0x00, 0x00, 0x00, 0x00, 0x00, 0x05, 0x00, 0x00,
        0x00, 0x00, 0x00, 0x00, 0x00, 0x05, 0x00, 0x00, 0x00, 0x00, 0x00, 0x00,
        0x00, 0x05, 0x00, 0x00, 0x00, 0x00, 0x00, 0x00, 0x00, 0x05, 0x00, 0x00,
        0x00, 0x00, 0x00, 0x00, 0x00, 0x05, 0x00, 0x00, 0x00, 0x00, 0x00, 0x00,
        0x00, 0x05, 0x00, 0x00, 0x00, 0x00, 0x00, 0x00, 0x00, 0x05, 0x00, 0x00,
        0x00, 0x00, 0x00, 0x00, 0x00, 0x05, 0x00, 0x00, 0x00, 0x00, 0x00, 0x00,
        0x00, 0x05, 0x00, 0x00, 0x00, 0x00, 0x00, 0x00, 0x00, 0x05, 0x00, 0x00,
        0x00, 0x00, 0x00, 0x00, 0x00, 0x05, 0x00, 0x00, 0x00, 0x00, 0x00, 0x00,
        0x00, 0x05, 0x00, 0x00, 0x00, 0x00, 0x00, 0x00, 0x00, 0x05, 0x00, 0x00,
        0x00, 0x00, 0x00, 0x00, 0x00, 0x05, 0x00, 0x00, 0x00, 0x00, 0x00, 0x00,
        0x00, 0x05, 0x00, 0x00, 0x00, 0x00, 0x00, 0x00, 0x00, 0x05, 0x00, 0x00,
        0x00, 0x00, 0x00, 0x00, 0x00, 0x05, 0x00, 0x00, 0x00, 0x00, 0x00, 0x00,
        0x3D, 0x32, 0xD8, 0x83, 0xF9, 0x58, 0x8F, 0xF5, 0x3B, 0x30, 0xA0, 0x03,
        0x3A, 0xA0, 0x03, 0xFA, 0x2B, 0x30, 0x19, 0x90, 0x0D, 0xD9, 0x90, 0x0E,
        0x30, 0x29, 0xAC, 0x43, 0xDA, 0xA2, 0x0D, 0xD6, 0xD9, 0x28, 0x09, 0x94,
        0x40, 0x09, 0x90, 0x00, 0x28, 0x2D, 0x80, 0x0D, 0xD8, 0x80, 0x3D, 0xD8,
        0xC1, 0x9A, 0xA2, 0x03, 0xF6, 0x58, 0x8F, 0xF5, 0x00, 0x05, 0x00, 0x00,
        0x00, 0x00, 0x00, 0x00, 0x9A, 0x7A, 0xAB, 0x23, 0xFA, 0x5A, 0x0D, 0xD1,
        0x00, 0x05, 0x00, 0x00, 0x00, 0x00, 0x00, 0x00, 0x21, 0x26, 0x00, 0x00,
        0x00, 0x00, 0x00, 0x00, 0x22, 0x27, 0x00, 0x00, 0x00, 0x00, 0x00, 0x00,
        0x21, 0x26, 0x00, 0x00, 0x00, 0x00, 0x00, 0x00, 0x22, 0x27, 0x00, 0x00,
        0x00, 0x00, 0x00, 0x00, 0x21, 0x7D, 0x40, 0x02, 0x24, 0x40, 0x02, 0x24,
        0x11, 0x22, 0x09, 0x90, 0x00, 0x09, 0x90, 0x00, 0x71, 0x5E, 0xA2, 0x83,
        0x35, 0x58, 0x8F, 0xD5, 0x11, 0x16, 0x00, 0x00, 0x00, 0x00, 0x00, 0x00,
        0x5E, 0x4E, 0xEB, 0x23, 0x3A, 0x62, 0x8F, 0xD1, 0x11, 0x16, 0x00, 0x00,
        0x00, 0x00, 0x00, 0x00, 0x00, 0x05, 0x00, 0x00, 0x00, 0x00, 0x00, 0x00,
        0x00, 0x05, 0x00, 0x00, 0x00, 0x00, 0x00, 0x00, 0x00, 0x05, 0x00, 0x00,
        0x00, 0x00, 0x00, 0x00, 0x00, 0x05, 0x00, 0x00, 0x00, 0x00, 0x00, 0x00,
        0x00, 0x05, 0x00, 0x00, 0x00, 0x00, 0x00, 0x00, 0x00, 0x05, 0x00, 0x00,
        0x00, 0x00, 0x00, 0x00, 0x00, 0x05, 0x00, 0x00, 0x00, 0x00, 0x00, 0x00,
        0x00, 0x05, 0x00, 0x00, 0x00, 0x00, 0x00, 0x00, 0x00, 0x05, 0x00, 0x00,
        0x00, 0x00, 0x00, 0x00, 0x00, 0x05, 0x00, 0x00, 0x00, 0x00, 0x00, 0x00,
        0x00, 0x05, 0x00, 0x00, 0x00, 0x00, 0x00, 0x00, 0x00, 0x05, 0x00, 0x00,
        0x00, 0x00, 0x00, 0x00, 0x00, 0x05, 0x00, 0x00, 0x00, 0x00, 0x00, 0x00,
        0x00, 0x05, 0x00, 0x00, 0x00, 0x00, 0x00, 0x00, 0x00, 0x05, 0x00, 0x00,
        0x00, 0x00, 0x00, 0x00, 0x00, 0x05, 0x00, 0x00, 0x00, 0x00, 0x00, 0x00,
        0x00, 0x05, 0x00, 0x00, 0x00, 0x00, 0x00, 0x00, 0x00, 0x05, 0x00, 0x00,
        0x00, 0x00, 0x00, 0x00, 0x00, 0x05, 0x00, 0x00, 0x00, 0x00, 0x00, 0x00,
        0x00, 0x05, 0x00, 0x00, 0x00, 0x00, 0x00, 0x00, 0xD3, 0x33, 0x49, 0x92,
        0x24, 0x49, 0x42, 0x01, 0x30, 0x3B, 0xA1, 0x10, 0x0A, 0xA1, 0x60, 0xDB,
        0x2B, 0xD8, 0x00, 0x00, 0x00, 0x00, 0x90, 0x24, 0x2B, 0x30, 0x1B, 0xD0,
        0x01, 0x99, 0x60, 0xDB, 0xDD, 0x28, 0x09, 0x94, 0x40, 0x09, 0x04, 0x00,
        0x28, 0x2D, 0x80, 0x0D, 0xD8, 0x83, 0x6D, 0xDB, 0xDD, 0x9D, 0xF4, 0xC3,
        0x3E, 0xAC, 0x0F, 0x00, 0x00, 0x05, 0x00, 0x00, 0x00, 0x00, 0x00, 0x00,
        0xDD, 0x7D, 0xFE, 0xE3, 0x3F, 0xF6, 0x03, 0x00, 0x00, 0x05, 0x00, 0x00,
        0x00, 0x00, 0x00, 0x00, 0xD2, 0x21, 0x49, 0x92, 0x24, 0x49, 0x72, 0x01,
        0x22, 0x27, 0x00, 0x00, 0x00, 0x00, 0x60, 0xDB, 0x21, 0xD8, 0x00, 0x00,
        0x00, 0x00, 0x90, 0x24, 0x22, 0x27, 0x00, 0x00, 0x00, 0x00, 0x60, 0xDB,
        0xD9, 0x21, 0x09, 0x9B, 0xB0, 0x09, 0x0B, 0x10, 0x11, 0x22, 0x09, 0x90,
        0x00, 0x09, 0x60, 0xDB, 0xD9, 0x5F, 0x7F, 0xF2, 0x27, 0x7F, 0x02, 0x00,
        0x11, 0x16, 0x00, 0x00, 0x00, 0x00, 0x60, 0xDB, 0xDB, 0x4F, 0x4F, 0xF2,
        0x24, 0x7F, 0x02, 0x00, 0x11, 0x16, 0x00, 0x00, 0x00, 0x00, 0x60, 0xDB,
        0x00, 0x05, 0x00, 0x00, 0x00, 0x00, 0x00, 0x00, 0x00, 0x05, 0x00, 0x00,
        0x00, 0x00, 0x00, 0x00, 0x00, 0x05, 0x00, 0x00, 0x00, 0x00, 0x00, 0x00,
        0x00, 0x05, 0x00, 0x00, 0x00, 0x00, 0x00, 0x00, 0x00, 0x05, 0x00, 0x00,
        0x00, 0x00, 0x00, 0x00, 0x00, 0x05, 0x00, 0x00, 0x00, 0x00, 0x00, 0x00,
        0x00, 0x05, 0x00, 0x00, 0x00, 0x00, 0x00, 0x00, 0x00, 0x05, 0x00, 0x00,
        0x00, 0x00, 0x00, 0x00, 0x00, 0x05, 0x00, 0x00, 0x00, 0x00, 0x00, 0x00,
        0x00, 0x05, 0x00, 0x00, 0x00, 0x00, 0x00, 0x00, 0x00, 0x05, 0x00, 0x00,
        0x00, 0x00, 0x00, 0x00, 0x00, 0x05, 0x00, 0x00, 0x00, 0x00, 0x00, 0x00,
        0x00, 0x05, 0x00, 0x00, 0x00, 0x00, 0x00, 0x00, 0x00, 0x05, 0x00, 0x00,
        0x00, 0x00, 0x00, 0x00, 0x00, 0x05, 0x00, 0x00, 0x00, 0x00, 0x00, 0x00,
        0x00, 0x05, 0x00, 0x00, 0x00, 0x00, 0x00, 0x00, 0x00, 0x05, 0x00, 0x00,
        0x00, 0x00, 0x00, 0x00, 0x00, 0x05, 0x00, 0x00, 0x00, 0x00, 0x00, 0x00,
        0x00, 0x05, 0x00, 0x00, 0x00, 0x00, 0x00, 0x00, 0x00, 0x05, 0x00, 0x00,
        0x00, 0x00, 0x00, 0x00, 0xD3, 0x4F, 0x14, 0x70, 0x4E, 0x29, 0x17, 0x97,
        0x01, 0x11, 0xB6, 0x0D, 0xDB, 0xB4, 0x1D, 0xD9, 0xD8, 0xAD, 0x00, 0xC0,
        0x4D, 0x2E, 0x99, 0xBB, 0x00, 0x05, 0x00, 0x00, 0x00, 0x00, 0x00, 0x00,
        0xDD, 0xC2, 0x12, 0x40, 0x02, 0x36, 0x90, 0x03, 0x00, 0x05, 0x00, 0x00,
        0x00, 0x00, 0x00, 0x00, 0xDD, 0xE2, 0x00, 0x00, 0x00, 0x00, 0x00, 0x00,
        0x00, 0x05, 0x00, 0x00, 0x00, 0x00, 0x00, 0x00, 0xDD, 0xE2, 0x00, 0x00,
        0x00, 0x00, 0x00, 0x00, 0x00, 0x05, 0x00, 0x00, 0x00, 0x00, 0x00, 0x00,
        0xD2, 0x22, 0x17, 0x10, 0x4A, 0xE9, 0x14, 0x73, 0x05, 0x12, 0xB6, 0x0D,
        0xDB, 0xB4, 0x1D, 0xDB, 0xD8, 0xAA, 0x00, 0xC0, 0x4D, 0x2E, 0x99, 0xBB,
        0x00, 0x05, 0x00, 0x00, 0x00, 0x00, 0x00, 0x00, 0xD9, 0x7F, 0xC0, 0x25,
        0x85, 0x52, 0xBA, 0xC5, 0x02, 0x09, 0xB6, 0x6D, 0xC3, 0x36, 0x6D, 0xC7,
        0xD9, 0xB2, 0x02, 0xC0, 0x49, 0x2E, 0x17, 0x97, 0x00, 0x05, 0x00, 0x00,
        0x00, 0x00, 0x00, 0x00, 0xDB, 0xCB, 0x00, 0xC0, 0x6D, 0x2E, 0x99, 0xDB,
        0x00, 0x05, 0x00, 0x00, 0x00, 0x00, 0x00, 0x00, 0x00, 0x05, 0x00, 0x00,
        0x00, 0x00, 0x00, 0x00, 0x00, 0x05, 0x00, 0x00, 0x00, 0x00, 0x00, 0x00,
        0x00, 0x05, 0x00, 0x00, 0x00, 0x00, 0x00, 0x00, 0x00, 0x05, 0x00, 0x00,
        0x00, 0x00, 0x00, 0x00, 0x00, 0x05, 0x00, 0x00, 0x00, 0x00, 0x00, 0x00,
        0x00, 0x05, 0x00, 0x00, 0x00, 0x00, 0x00, 0x00, 0x00, 0x05, 0x00, 0x00,
        0x00, 0x00, 0x00, 0x00, 0x00, 0x05, 0x00, 0x00, 0x00, 0x00, 0x00, 0x00,
        0x00, 0x05, 0x00, 0x00, 0x00, 0x00, 0x00, 0x00, 0x00, 0x05, 0x00, 0x00,
        0x00, 0x00, 0x00, 0x00, 0x00, 0x05, 0x00, 0x00, 0x00, 0x00, 0x00, 0x00,
        0x00, 0x05, 0x00, 0x00, 0x00, 0x00, 0x00, 0x00, 0x00, 0x05, 0x00, 0x00,
        0x00, 0x00, 0x00, 0x00, 0x00, 0x05, 0x00, 0x00, 0x00, 0x00, 0x00, 0x00,
        0x00, 0x05, 0x00, 0x00, 0x00, 0x00, 0x00, 0x00, 0x00, 0x05, 0x00, 0x00,
        0x00, 0x00, 0x00, 0x00, 0x00, 0x05, 0x00, 0x00, 0x00, 0x00, 0x00, 0x00,
        0x00, 0x05, 0x00, 0x00, 0x00, 0x00, 0x00, 0x00, 0x00, 0x05, 0x00, 0x00,
        0x00, 0x00, 0x00, 0x00, 0x00, 0x05, 0x00, 0x00, 0x00, 0x00, 0x00, 0x00,
        0xC1, 0x4B, 0x9E, 0x70, 0x4E, 0x29, 0x17, 0x97, 0x17, 0x00, 0x49, 0xD2,
        0x24, 0x7B, 0x02, 0x27, 0xD0, 0xA1, 0x12, 0xC0, 0x4D, 0x2E, 0x99, 0xBB,
        0x00, 0x05, 0x00, 0x00, 0x00, 0x00, 0x00, 0x00, 0xDD, 0xBB, 0x1B, 0xD0,
        0x02, 0x36, 0x90, 0x03, 0x00, 0x05, 0x00, 0x00, 0x00, 0x00, 0x00, 0x00,
        0xDD, 0xE2, 0x00, 0x00, 0x00, 0x00, 0x00, 0x00, 0x00, 0x05, 0x00, 0x00,
        0x00, 0x00, 0x00, 0x00, 0xDD, 0xE2, 0x00, 0x00, 0x00, 0x00, 0x00, 0x00,
        0x00, 0x05, 0x00, 0x00, 0x00, 0x00, 0x00, 0x00, 0xBE, 0x22, 0x99, 0x10,
        0x4E, 0xE9, 0x14, 0x73, 0x02, 0x15, 0xB2, 0x4D, 0xDB, 0xB5, 0x1D, 0xD8,
        0xCF, 0x9F, 0x12, 0xC0, 0x4D, 0x2E, 0x17, 0xB7, 0x00, 0x05, 0x00, 0x00,
        0x00, 0x00, 0x00, 0x00, 0xD2, 0x7F, 0x40, 0x26, 0xA5, 0x52, 0xBA, 0xC5,
        0x01, 0x0A, 0xB6, 0x6C, 0xD3, 0x76, 0x6C, 0x07, 0xD3, 0xAA, 0x13, 0xD0,
        0x4D, 0x2F, 0x17, 0x97, 0x00, 0x05, 0x00, 0x00, 0x00, 0x00, 0x00, 0x00,
        0xD7, 0xC7, 0x02, 0x40, 0x4E, 0x2E, 0x99, 0xBB, 0x00, 0x05, 0x00, 0x00,
        0x00, 0x00, 0x00, 0x00, 0x00, 0x05, 0x00, 0x00, 0x00, 0x00, 0x00, 0x00,
        0x00, 0x05, 0x00, 0x00, 0x00, 0x00, 0x00, 0x00, 0x00, 0x05, 0x00, 0x00,
        0x00, 0x00, 0x00, 0x00, 0x00, 0x05, 0x00, 0x00, 0x00, 0x00, 0x00, 0x00,
        0x00, 0x05, 0x00, 0x00, 0x00, 0x00, 0x00, 0x00, 0x00, 0x05, 0x00, 0x00,
        0x00, 0x00, 0x00, 0x00, 0x00, 0x05, 0x00, 0x00, 0x00, 0x00, 0x00, 0x00,
        0x00, 0x05, 0x00, 0x00, 0x00, 0x00, 0x00, 0x00, 0x00, 0x05, 0x00, 0x00,
        0x00, 0x00, 0x00, 0x00, 0x00, 0x05, 0x00, 0x00, 0x00, 0x00, 0x00, 0x00,
        0x00, 0x05, 0x00, 0x00, 0x00, 0x00, 0x00, 0x00, 0x00, 0x05, 0x00, 0x00,
        0x00, 0x00, 0x00, 0x00, 0x00, 0x05, 0x00, 0x00, 0x00, 0x00, 0x00, 0x00,
        0x00, 0x05, 0x00, 0x00, 0x00, 0x00, 0x00, 0x00, 0x00, 0x05, 0x00, 0x00,
        0x00, 0x00, 0x00, 0x00, 0x00, 0x05, 0x00, 0x00, 0x00, 0x00, 0x00, 0x00,
        0x00, 0x05, 0x00, 0x00, 0x00, 0x00, 0x00, 0x00, 0x00, 0x05, 0x00, 0x00,
        0x00, 0x00, 0x00, 0x00, 0x00, 0x05, 0x00, 0x00, 0x00, 0x00, 0x00, 0x00,
        0x00, 0x05, 0x00, 0x00, 0x00, 0x00, 0x00, 0x00, 0x94, 0x46, 0xA9, 0x90,
        0x4E, 0x31, 0x17, 0x77, 0x23, 0x00, 0x7B, 0x22, 0x3F, 0xEA, 0x83, 0xFA,
        0xB7, 0x87, 0x9C, 0x60, 0x4E, 0x2F, 0x17, 0x97, 0x01, 0x06, 0xB6, 0x6D,
        0xDB, 0xB6, 0x0D, 0xDB, 0xDD, 0xA7, 0x2D, 0x60, 0x03, 0x3F, 0x90, 0x03,
        0x00, 0x05, 0x00, 0x00, 0x00, 0x00, 0x00, 0x00, 0xDD, 0xE2, 0x00, 0x00,
        0x00, 0x00, 0x00, 0x00, 0x00, 0x05, 0x00, 0x00, 0x00, 0x00, 0x00, 0x00,
        0xDD, 0xE2, 0x00, 0x00, 0x00, 0x00, 0x00, 0x00, 0x00, 0x05, 0x00, 0x00,
        0x00, 0x00, 0x00, 0x00, 0x90, 0x21, 0xE9, 0x90, 0x4E, 0x31, 0x15, 0x73,
        0x1A, 0x00, 0x7A, 0xA2, 0x27, 0x70, 0x02, 0x3F, 0xB6, 0x83, 0x9C, 0x50,
        0x4E, 0x2F, 0x17, 0x97, 0x00, 0x05, 0x00, 0x00, 0x00, 0x00, 0x00, 0x00,
        0xBE, 0x7F, 0x40, 0x2A, 0xC5, 0x53, 0xBC, 0xC5, 0x01, 0x0D, 0x76, 0x61,
        0x17, 0x76, 0x64, 0x47, 0xC3, 0x9C, 0x9D, 0x70, 0x4E, 0x2F, 0x17, 0x73,
        0x01, 0x06, 0xB6, 0x6D, 0xDB, 0xB6, 0x0D, 0xDB, 0xCD, 0xBB, 0x13, 0x50,
        0x4E, 0x2F, 0x17, 0x97, 0x00, 0x05, 0x00, 0x00, 0x00, 0x00, 0x00, 0x00,
        0x2F, 0xBA, 0xB6, 0x6D, 0xDB, 0xB6, 0x8D, 0x26, 0x00, 0x05, 0x00, 0x00,
        0x00, 0x00, 0x00, 0x00, 0xBC, 0xC1, 0xB6, 0x6D, 0xDB, 0xB6, 0x0D, 0x69,
        0x00, 0x05, 0x00, 0x00, 0x00, 0x00, 0x00, 0x00, 0x3B, 0xBA, 0xB6, 0x6D,
        0xDB, 0xB6, 0x8D, 0x26, 0x0B, 0x10, 0xB6, 0x6D, 0xDB, 0xB6, 0x0D, 0xDB,
        0xBC, 0xC1, 0xB6, 0x6D, 0xDB, 0xB6, 0x0D, 0x6D, 0x00, 0x05, 0x00, 0x00,
        0x00, 0x00, 0x00, 0x00, 0x00, 0x05, 0x00, 0x00, 0x00, 0x00, 0x00, 0x00,
        0x00, 0x05, 0x00, 0x00, 0x00, 0x00, 0x00, 0x00, 0x00, 0x05, 0x00, 0x00,
        0x00, 0x00, 0x00, 0x00, 0x00, 0x05, 0x00, 0x00, 0x00, 0x00, 0x00, 0x00,
        0x8D, 0xBA, 0xB6, 0x6D, 0xDB, 0xB6, 0x2D, 0x30, 0x00, 0x05, 0x00, 0x00,
        0x00, 0x00, 0x00, 0x00, 0xBC, 0xC1, 0xB6, 0x6D, 0xDB, 0xB6, 0x0D, 0x69,
        0x00, 0x05, 0x00, 0x00, 0x00, 0x00, 0x00, 0x00, 0x47, 0xBB, 0xB6, 0x6D,
        0xDB, 0xB6, 0x8D, 0x26, 0x07, 0x0C, 0xB6, 0x6D, 0xDB, 0xB6, 0x0D, 0xDB,
        0xBD, 0xC2, 0xB6, 0x6D, 0xDB, 0xB6, 0x0D, 0x48, 0x00, 0x05, 0x00, 0x00,
        0x00, 0x00, 0x00, 0x00, 0x8A, 0x45, 0xE9, 0x90, 0x4E, 0x31, 0x17, 0x73,
        0x25, 0x00, 0xF3, 0xA3, 0x3E, 0xA8, 0x0F, 0xFA, 0xAF, 0x82, 0x9D, 0x60,
        0x4E, 0x37, 0x97, 0x97, 0x01, 0x06, 0xB6, 0x6D, 0xDB, 0xB0, 0x2D, 0xD8,
        0xDD, 0xA1, 0x2E, 0x60, 0x03, 0x3F, 0x90, 0x03, 0x00, 0x05, 0x00, 0x00,
        0x00, 0x00, 0x00, 0x00, 0xDD, 0xE2, 0x00, 0x00, 0x00, 0x00, 0x00, 0x00,
        0x00, 0x05, 0x00, 0x00, 0x00, 0x00, 0x00, 0x00, 0xDD, 0xE2, 0x00, 0x00,
        0x00, 0x00, 0x00, 0x00, 0x00, 0x05, 0x00, 0x00, 0x00, 0x00, 0x00, 0x00,
        0x84, 0x21, 0xE9, 0x90, 0x4E, 0x31, 0x15, 0x73, 0x1B, 0x00, 0x7A, 0x22,
        0x27, 0xF0, 0x83, 0x3E, 0xAF, 0x7C, 0x9D, 0x60, 0x4E, 0x2F, 0x17, 0x97,
        0x00, 0x05, 0x00, 0x00, 0x00, 0x00, 0x00, 0x00, 0xB8, 0x7F, 0x40, 0x2A,
        0xC5, 0x53, 0xCC, 0xC5, 0x0D, 0x00, 0x89, 0x9E, 0xC0, 0x09, 0x9C, 0xA0,
        0xBE, 0x9A, 0xA6, 0xF0, 0x4E, 0x29, 0x15, 0x73, 0x01, 0x06, 0xB6, 0x6D,
        0xDB, 0xB0, 0x0D, 0xDB, 0xCA, 0xB8, 0x94, 0x60, 0x4E, 0x2F, 0x17, 0x97,
        0x00, 0x05, 0x00, 0x00, 0x00, 0x00, 0x00, 0x00, 0xBA, 0x00, 0x16, 0x10,
        0x0A, 0x09, 0x95, 0x98, 0x00, 0x05, 0x00, 0x00, 0x00, 0x00, 0x00, 0x00,
        0xBE, 0x8E, 0x00, 0x20, 0x01, 0xDC, 0x14, 0x73, 0x00, 0x05, 0x00, 0x00,
        0x00, 0x00, 0x00, 0x00, 0xBA, 0x00, 0x16, 0x10, 0x0A, 0xF9, 0x94, 0x74,
        0x0B, 0x36, 0xB0, 0x2D, 0xDB, 0xB5, 0x1D, 0xD8, 0xBE, 0x96, 0x00, 0x20,
        0x01, 0xDC, 0x14, 0x73, 0x00, 0x05, 0x00, 0x00, 0x00, 0x00, 0x00, 0x00,
        0x00, 0x05, 0x00, 0x00, 0x00, 0x00, 0x00, 0x00, 0x00, 0x05, 0x00, 0x00,
        0x00, 0x00, 0x00, 0x00, 0x00, 0x05, 0x00, 0x00, 0x00, 0x00, 0x00, 0x00,
        0x00, 0x05, 0x00, 0x00, 0x00, 0x00, 0x00, 0x00, 0xBA, 0x28, 0x9B, 0xD0,
        0x0E, 0x4B, 0x27, 0xBF, 0x00, 0x05, 0x00, 0x00, 0x00, 0x00, 0x00, 0x00,
        0xBE, 0x8E, 0x00, 0x20, 0x01, 0xDC, 0x14, 0x73, 0x00, 0x05, 0x00, 0x00,
        0x00, 0x00, 0x00, 0x00, 0xBB, 0x00, 0x15, 0xF0, 0x09, 0xF1, 0x94, 0x73,
        0x33, 0x00, 0x4F, 0xE2, 0x24, 0x4B, 0x82, 0x24, 0xBE, 0x9E, 0x00, 0x20,
        0x01, 0x9C, 0x14, 0x73, 0x00, 0x05, 0x00, 0x00, 0x00, 0x00, 0x00, 0x00,
        0x76, 0x43, 0xE9, 0x90, 0x4E, 0x31, 0x15, 0x73, 0x2B, 0x05, 0xEA, 0x83,
        0x3E, 0xA0, 0x0F, 0xFA, 0x9B, 0x74, 0xA5, 0xF0, 0x4E, 0x37, 0x97, 0x97,
        0x01, 0x06, 0x82, 0x3D, 0xD9, 0x15, 0x1C, 0x0A, 0xDD, 0x92, 0x37, 0xF0,
        0x03, 0x39, 0x90, 0x00, 0x00, 0x05, 0x00, 0x00, 0x00, 0x00, 0x00, 0x00,
        0xDD, 0xE2, 0x00, 0x00, 0x00, 0x00, 0x00, 0x00, 0x00, 0x05, 0x00, 0x00,
        0x00, 0x00, 0x00, 0x00, 0xDD, 0xE2, 0x00, 0x00, 0x00, 0x00, 0x00, 0x00,
        0x00, 0x05, 0x00, 0x00, 0x00, 0x00, 0x00, 0x00, 0x6B, 0x21, 0xE9, 0x10,
        0x4F, 0x31, 0x15, 0x53, 0x1C, 0x00, 0xF0, 0x83, 0x3E, 0xE8, 0x83, 0x3A,
        0x9C, 0x69, 0xA5, 0xE0, 0x4E, 0x2F, 0x17, 0x77, 0x00, 0x05, 0x00, 0x00,
        0x00, 0x00, 0x00, 0x00, 0xA8, 0x7F, 0x42, 0x3C, 0xC5, 0x5C, 0x5C, 0xC6,
        0x05, 0x0E, 0x76, 0x60, 0x47, 0x76, 0x64, 0x47, 0xB2, 0x93, 0xA6, 0xF0,
        0x4E, 0x29, 0x15, 0x73, 0x01, 0x06, 0xB0, 0x2D, 0xDB, 0x82, 0x3D, 0xD8,
        0xC2, 0xAF, 0x9D, 0x60, 0x4E, 0x2F, 0x17, 0x77, 0x00, 0x05, 0x00, 0x00,
        0x00, 0x00, 0x00, 0x00, 0xB0, 0x00, 0xA1, 0x90, 0x50, 0x89, 0x99, 0xA4,
        0x00, 0x05, 0x00, 0x00, 0x00, 0x00, 0x00, 0x00, 0xBC, 0x71, 0x02, 0x30,
        0x49, 0xE5, 0x14, 0x73, 0x00, 0x05, 0x00, 0x00, 0x00, 0x00, 0x00, 0x00,
        0xB2, 0x00, 0xA1, 0x90, 0x4F, 0x49, 0x97, 0x9C, 0x3A, 0x00, 0x4D, 0xB2,
        0x24, 0x78, 0x82, 0x26, 0xBC, 0x7E, 0x00, 0x30, 0x09, 0xE5, 0x14, 0x73,
        0x00, 0x05, 0x00, 0x00, 0x00, 0x00, 0x00, 0x00, 0x00, 0x05, 0x00, 0x00,
        0x00, 0x00, 0x00, 0x00, 0x00, 0x05, 0x00, 0x00, 0x00, 0x00, 0x00, 0x00,
        0x00, 0x05, 0x00, 0x00, 0x00, 0x00, 0x00, 0x00, 0x00, 0x05, 0x00, 0x00,
        0x00, 0x00, 0x00, 0x00, 0xB0, 0x02, 0xA4, 0x20, 0x53, 0xAA, 0x09, 0xA6,
        0x00, 0x05, 0x00, 0x00, 0x00, 0x00, 0x00, 0x00, 0xBC, 0x71, 0x02, 0x30,
        0x49, 0xE5, 0x14, 0x73, 0x00, 0x05, 0x00, 0x00, 0x00, 0x00, 0x00, 0x00,
        0xB5, 0x00, 0x1F, 0x10, 0x4F, 0x39, 0x97, 0x98, 0x38, 0x00, 0x4E, 0xB2,
        0x24, 0x4A, 0x82, 0x27, 0xBD, 0x8B, 0x00, 0x30, 0x09, 0xE5, 0x14, 0x73,
        0x00, 0x05, 0x00, 0x00, 0x00, 0x00, 0x00, 0x00, 0x71, 0x43, 0xE9, 0x10,
        0x4F, 0x31, 0x15, 0x73, 0x2C, 0x07, 0xEA, 0x83, 0x3A, 0xA0, 0x0F, 0xFA,
        0x95, 0x6F, 0xA6, 0xE0, 0x4E, 0x37, 0x17, 0x97, 0x08, 0x00, 0x75, 0x32,
        0x3F, 0xA2, 0x8F, 0xD5, 0xDD, 0x8E, 0x37, 0xF0, 0x03, 0x39, 0x90, 0x00,
        0x01, 0x06, 0xB6, 0x6D, 0xDB, 0xB6, 0x0D, 0xDB, 0xDD, 0xE2, 0x00, 0x00,
        0x00, 0x00, 0x00, 0x00, 0x00, 0x05, 0x00, 0x00, 0x00, 0x00, 0x00, 0x00,
        0xDD, 0xE2, 0x00, 0x00, 0x00, 0x00, 0x00, 0x00, 0x00, 0x05, 0x00, 0x00,
        0x00, 0x00, 0x00, 0x00, 0x65, 0x21, 0xE9, 0x10, 0x0F, 0x31, 0x15, 0x53,
        0x1C, 0x01, 0xE8, 0x83, 0x3E, 0xA8, 0x03, 0xFA, 0x96, 0x66, 0xA6, 0xF0,
        0x4E, 0x29, 0x17, 0x77, 0x01, 0x06, 0xB6, 0x6D, 0xDB, 0xB6, 0x0D, 0xDB,
        0xA2, 0x7F, 0x42, 0x3A, 0xC5, 0x5C, 0x5C, 0xC6, 0x06, 0x0E, 0x76, 0x60,
        0x07, 0x76, 0x64, 0x47, 0xAF, 0x92, 0xA7, 0xF0, 0x0E, 0x31, 0x15, 0x73,
        0x01, 0x06, 0xB2, 0x2D, 0xD8, 0x83, 0x3D, 0xD9, 0xBF, 0xAD, 0x9D, 0x60,
        0x4E, 0x37, 0x15, 0x97, 0x00, 0x05, 0x00, 0x00, 0x00, 0x00, 0x00, 0x00,
        0x48, 0x00, 0x49, 0x90, 0xA4, 0x49, 0x92, 0x24, 0x00, 0x05, 0x00, 0x00,
        0x00, 0x00, 0x00, 0x00, 0xA1, 0x19, 0x13, 0xD0, 0x49, 0xEF, 0x16, 0x73,
        0x00, 0x05, 0x00, 0x00, 0x00, 0x00, 0x00, 0x00, 0x07, 0x5C, 0xB6, 0x62,
        0x8B, 0x36, 0x64, 0x5B, 0x04, 0x3D, 0x99, 0x1D, 0xC2, 0xA1, 0x9C, 0x0A,
        0xA6, 0x34, 0x13, 0xD0, 0x49, 0xEF, 0x16, 0x73, 0x00, 0x05, 0x00, 0x00,
        0x00, 0x00, 0x00, 0x00, 0x00, 0x05, 0x00, 0x00, 0x00, 0x00, 0x00, 0x00,
        0x00, 0x05, 0x00, 0x00, 0x00, 0x00, 0x00, 0x00, 0x00, 0x05, 0x00, 0x00,
        0x00, 0x00, 0x00, 0x00, 0x00, 0x05, 0x00, 0x00, 0x00, 0x00, 0x00, 0x00,
        0xBB, 0x01, 0x62, 0x8A, 0xFD, 0x50, 0x03, 0xF1, 0x00, 0x05, 0x00, 0x00,
        0x00, 0x00, 0x00, 0x00, 0xA1, 0x19, 0x13, 0xD0, 0x49, 0xEF, 0x16, 0x73,
        0x00, 0x05, 0x00, 0x00, 0x00, 0x00, 0x00, 0x00, 0x6F, 0x00, 0x09, 0x91,
        0x78, 0xC9, 0x99, 0xA4, 0x3D, 0x00, 0x7A, 0x82, 0x26, 0x60, 0x82, 0x25,
        0xAB, 0x50, 0x13, 0xD0, 0x49, 0xEF, 0x16, 0x73, 0x00, 0x05, 0x00, 0x00,
        0x00, 0x00, 0x00, 0x00, 0x66, 0x42, 0xE9, 0x10, 0x0F, 0x31, 0x15, 0x53,
        0x30, 0x0C, 0xEA, 0x03, 0x3A, 0xA0, 0x0F, 0xFA, 0x87, 0x68, 0xA6, 0xF0,
        0x4E, 0x2F, 0x15, 0x77, 0x0C, 0x02, 0xF4, 0xB3, 0x3A, 0xA0, 0x0F, 0xD6,
        0xDD, 0x83, 0x3F, 0xF0, 0x03, 0x39, 0x90, 0x00, 0x01, 0x06, 0xB0, 0x0D,
        0xDB, 0x82, 0x2D, 0xD9, 0xDD, 0xE2, 0x00, 0x00, 0x00, 0x00, 0x00, 0x00,
        0x00, 0x05, 0x00, 0x00, 0x00, 0x00, 0x00, 0x00, 0xDD, 0xE2, 0x00, 0x00,
        0x00, 0x00, 0x00, 0x00, 0x00, 0x05, 0x00, 0x00, 0x00, 0x00, 0x00, 0x00,
        0x58, 0x21, 0xE9, 0x10, 0x0F, 0x31, 0x15, 0x53, 0x1E, 0x04, 0xE8, 0x83,
        0x3E, 0xA0, 0x03, 0x3A, 0x86, 0x5A, 0xA6, 0xF0, 0x4E, 0x37, 0x15, 0x73,
        0x01, 0x06, 0xB0, 0x2D, 0xDB, 0x82, 0x3D, 0xD8, 0x94, 0x7F, 0x43, 0x5A,
        0xA5, 0x66, 0xFA, 0xA6, 0x07, 0x0F, 0x76, 0x60, 0x47, 0x76, 0x64, 0x47,
        0xA7, 0x8E, 0xEF, 0xF0, 0x0E, 0x2F, 0x15, 0x73, 0x01, 0x06, 0x93, 0x4D,
        0xC1, 0x15, 0x5C, 0xC1, 0xB8, 0xA6, 0xA5, 0x60, 0x4E, 0x2F, 0x15, 0x73,
        0x00, 0x05, 0x00, 0x00, 0x00, 0x00, 0x00, 0x00, 0x21, 0x26, 0xB6, 0x61,
        0xDB, 0xB6, 0x6D, 0xDB, 0x00, 0x05, 0x00, 0x00, 0x00, 0x00, 0x00, 0x00,
        0x93, 0x00, 0x9C, 0x50, 0x4E, 0x2F, 0x17, 0x77, 0x00, 0x05, 0x00, 0x00,
        0x00, 0x00, 0x00, 0x00, 0x3C, 0x00, 0x89, 0x91, 0x9C, 0x49, 0x9A, 0xC4,
        0x3E, 0x00, 0xE0, 0x83, 0x3D, 0x98, 0x03, 0xF5, 0x9A, 0x20, 0x9C, 0x50,
        0x4E, 0x2F, 0x17, 0x77, 0x00, 0x05, 0x00, 0x00, 0x00, 0x00, 0x00, 0x00,
        0x00, 0x05, 0x00, 0x00, 0x00, 0x00, 0x00, 0x00, 0x00, 0x05, 0x00, 0x00,
        0x00, 0x00, 0x00, 0x00, 0x00, 0x05, 0x00, 0x00, 0x00, 0x00, 0x00, 0x00,
        0x00, 0x05, 0x00, 0x00, 0x00, 0x00, 0x00, 0x00, 0xBC, 0x01, 0xD8, 0x0F,
        0x35, 0x10, 0x0F, 0xD1, 0x00, 0x05, 0x00, 0x00, 0x00, 0x00, 0x00, 0x00,
        0x93, 0x00, 0x9C, 0x50, 0x4E, 0x2F, 0x17, 0x77, 0x00, 0x05, 0x00, 0x00,
        0x00, 0x00, 0x00, 0x00, 0x56, 0x00, 0x49, 0x91, 0x7C, 0x49, 0x98, 0xC4,
        0x3D, 0x00, 0x68, 0x02, 0x26, 0x58, 0x82, 0x3D, 0xA1, 0x3F, 0x9C, 0x50,
        0x4E, 0x2F, 0x17, 0x77, 0x00, 0x05, 0x00, 0x00, 0x00, 0x00, 0x00, 0x00,
        0x63, 0x42, 0xE9, 0x10, 0x0F, 0x31, 0x15, 0x53, 0x31, 0x0E, 0xEA, 0x03,
        0x3A, 0xA0, 0x0F, 0xFA, 0x84, 0x65, 0xE6, 0xF0, 0x4E, 0x37, 0x17, 0x73,
        0x0D, 0x02, 0xEB, 0xA3, 0xFA, 0x60, 0x8F, 0xD5, 0xDD, 0x81, 0x3F, 0x90,
        0x03, 0x39, 0x90, 0x00, 0x01, 0x06, 0xB0, 0x2D, 0xD8, 0x92, 0x3D, 0xD9,
        0xDD, 0xE2, 0x00, 0x00, 0x00, 0x00, 0x00, 0x00, 0x00, 0x05, 0x00, 0x00,
        0x00, 0x00, 0x00, 0x00, 0xDD, 0xE2, 0x00, 0x00, 0x00, 0x00, 0x00, 0x00,
        0x00, 0x05, 0x00, 0x00, 0x00, 0x00, 0x00, 0x00, 0x54, 0x21, 0xE9, 0x90,
        0x0E, 0x31, 0x15, 0x53, 0x1E, 0x04, 0xE8, 0x03, 0x3A, 0xA0, 0x03, 0xFA,
        0x81, 0x58, 0xE6, 0xF0, 0x4E, 0x31, 0x15, 0x77, 0x01, 0x06, 0xB2, 0x2D,
        0xD8, 0x83, 0x4D, 0xD9, 0x90, 0x7D, 0xC3, 0xD9, 0x9D, 0xE6, 0x99, 0x9E,
        0x08, 0x0F, 0x76, 0x60, 0x07, 0x76, 0x64, 0x47, 0xA5, 0x8E, 0xEF, 0xF0,
        0x0E, 0x29, 0x15, 0x53, 0x01, 0x06, 0x14, 0x5C, 0xC1, 0x15, 0x9C, 0x09,
        0xB6, 0xA4, 0xA6, 0x60, 0x4E, 0x2F, 0x15, 0x73, 0x00, 0x05, 0x00, 0x00,
        0x00, 0x00, 0x00, 0x00, 0x00, 0x05, 0x00, 0x00, 0x00, 0x00, 0x00, 0x00,
        0x00, 0x05, 0x00, 0x00, 0x00, 0x00, 0x00, 0x00, 0x10, 0x60, 0x5E, 0x63,
        0xAC, 0xB6, 0x68, 0x63, 0x00, 0x05, 0x00, 0x00, 0x00, 0x00, 0x00, 0x00,
        0x02, 0x0E, 0xB6, 0x63, 0x7B, 0xB6, 0x61, 0xDB, 0x3E, 0x08, 0x90, 0x03,
        0xF5, 0x10, 0x0F, 0xF1, 0x70, 0x0C, 0xA7, 0xF0, 0x52, 0x79, 0x97, 0x9B,
        0x03, 0x09, 0xB6, 0x0D, 0xDB, 0xB4, 0x1D, 0xD8, 0x00, 0x05, 0x00, 0x00,
        0x00, 0x00, 0x00, 0x00, 0x00, 0x05, 0x00, 0x00, 0x00, 0x00, 0x00, 0x00,
        0x00, 0x05, 0x00, 0x00, 0x00, 0x00, 0x00, 0x00, 0x00, 0x05, 0x00, 0x00,
        0x00, 0x00, 0x00, 0x00, 0xBD, 0x35, 0x50, 0x03, 0xF1, 0x10, 0x0D, 0xAD,
        0x00, 0x05, 0x00, 0x00, 0x00, 0x00, 0x00, 0x00, 0x60, 0x00, 0xE9, 0xE0,
        0x53, 0x8D, 0xC9, 0xBF, 0x00, 0x05, 0x00, 0x00, 0x00, 0x00, 0x00, 0x00,
        0x1C, 0x00, 0x49, 0x90, 0x84, 0x49, 0x9E, 0x24, 0x3E, 0x00, 0xD8, 0x03,
        0x39, 0x50, 0x03, 0x31, 0x80, 0x18, 0x9D, 0x60, 0x4E, 0x2F, 0x17, 0x77,
        0x00, 0x05, 0x00, 0x00, 0x00, 0x00, 0x00, 0x00, 0x5E, 0x42, 0xF1, 0x10,
        0x13, 0x31, 0x95, 0x77, 0x33, 0x12, 0xA8, 0x03, 0x3A, 0xA0, 0x03, 0xFA,
        0x79, 0x60, 0xAF, 0xF0, 0x0E, 0x2F, 0x15, 0x53, 0x05, 0x11, 0x9C, 0x50,
        0x0A, 0xE5, 0x10, 0x4E, 0xDD, 0x78, 0x3F, 0x90, 0x03, 0x39, 0x90, 0x00,
        0x02, 0x07, 0x82, 0x3D, 0xD8, 0x94, 0xDD, 0xD9, 0xDD, 0xE2, 0x00, 0x00,
        0x00, 0x00, 0x00, 0x00, 0x00, 0x05, 0x00, 0x00, 0x00, 0x00, 0x00, 0x00,
        0xDD, 0xE2, 0x00, 0x00, 0x00, 0x00, 0x00, 0x00, 0x00, 0x05, 0x00, 0x00,
        0x00, 0x00, 0x00, 0x00, 0x4C, 0x21, 0xE9, 0x10, 0x0F, 0x31, 0x15, 0x53,
        0x1E, 0x07, 0xA8, 0x03, 0x3A, 0xA0, 0x03, 0xFA, 0x75, 0x51, 0xE7, 0xF0,
        0x0E, 0x31, 0x15, 0x73, 0x01, 0x06, 0x94, 0x4D, 0xC1, 0x15, 0x5C, 0xCA,
        0x87, 0x73, 0x14, 0xD1, 0x11, 0x27, 0x91, 0x12, 0x09, 0x0F, 0x76, 0x60,
        0x07, 0x76, 0x64, 0x47, 0xA0, 0x8C, 0xEF, 0x90, 0x4E, 0x31, 0x15, 0x53,
        0x01, 0x06, 0x99, 0x90, 0x09, 0x99, 0x10, 0x4A, 0xB0, 0xA0, 0xA6, 0xF0,
        0x0E, 0x29, 0x15, 0x73, 0x01, 0x06, 0xB6, 0x6D, 0xDB, 0xB6, 0x0D, 0xDB,
        0x00, 0x05, 0x00, 0x00, 0x00, 0x00, 0x00, 0x00, 0x00, 0x05, 0x00, 0x00,
        0x00, 0x00, 0x00, 0x00, 0x4F, 0x00, 0xF1, 0x90, 0x74, 0xC9, 0x99, 0xA4,
        0x00, 0x05, 0x00, 0x00, 0x00, 0x00, 0x00, 0x00, 0x02, 0x07, 0xB6, 0x63,
        0x1B, 0xB6, 0x6D, 0xDB, 0x3F, 0x0C, 0x50, 0x03, 0x35, 0x10, 0x0F, 0xD1,
        0x61, 0x07, 0xEF, 0x70, 0x53, 0x79, 0x97, 0x9B, 0x0C, 0x00, 0x4E, 0xC2,
        0x24, 0x73, 0x82, 0x26, 0x00, 0x05, 0x00, 0x00, 0x00, 0x00, 0x00, 0x00,
        0x00, 0x05, 0x00, 0x00, 0x00, 0x00, 0x00, 0x00, 0x00, 0x05, 0x00, 0x00,
        0x00, 0x00, 0x00, 0x00, 0x00, 0x05, 0x00, 0x00, 0x00, 0x00, 0x00, 0x00,
        0xBD, 0x48, 0x50, 0x03, 0xF1, 0x10, 0x0D, 0xAD, 0x00, 0x05, 0x00, 0x00,
        0x00, 0x00, 0x00, 0x00, 0x4F, 0x00, 0xF6, 0xC0, 0x74, 0xF3, 0x89, 0xA6,
        0x00, 0x05, 0x00, 0x00, 0x00, 0x00, 0x00, 0x00, 0x04, 0x0F, 0xB6, 0x63,
        0x1B, 0xB6, 0x6D, 0xDB, 0x3E, 0x00, 0x90, 0x03, 0x35, 0x10, 0x03, 0xF1,
        0x74, 0x0E, 0xA6, 0xF0, 0x4E, 0x2F, 0x17, 0x77, 0x00, 0x05, 0x00, 0x00,
        0x00, 0x00, 0x00, 0x00, 0x79, 0x42, 0xB9, 0x9B, 0xBB, 0xB9, 0x5B, 0x01,
        0x33, 0x13, 0xA0, 0x03, 0x3A, 0xA0, 0xEF, 0x24, 0x7C, 0x60, 0x2F, 0x15,
        0x77, 0x71, 0x07, 0x00, 0x12, 0x06, 0xEB, 0x33, 0x3A, 0xA0, 0x0F, 0x00,
        0xDD, 0x78, 0x39, 0x90, 0x03, 0x09, 0x90, 0xCC, 0x11, 0x00, 0x7E, 0xE2,
        0x27, 0x75, 0x02, 0x9C, 0xDD, 0x85, 0x00, 0x00, 0x00, 0x00, 0xF0, 0x24,
        0x0B, 0x10, 0xB6, 0x6D, 0xDB, 0xB6, 0x8D, 0x8D, 0x82, 0xDD, 0x49, 0x92,
        0x24, 0x49, 0x02, 0x00, 0x0E, 0x13, 0xB6, 0x6D, 0xDB, 0xB6, 0x0D, 0x49,
        0x7A, 0x21, 0xB9, 0x9B, 0xBB, 0xB9, 0x7B, 0x01, 0x1E, 0x07, 0xA0, 0x03,
        0x3A, 0xA0, 0xDF, 0xB6, 0x7D, 0x51, 0x37, 0x17, 0x77, 0x71, 0x09, 0x00,
        0x11, 0x00, 0x7E, 0xE2, 0x27, 0xF6, 0x03, 0x00, 0x86, 0x73, 0xDD, 0x70,
        0x0E, 0xE9, 0x40, 0x6E, 0x09, 0x11, 0x76, 0x61, 0x57, 0x76, 0x95, 0x24,
        0x9E, 0x7F, 0x9D, 0x50, 0x0A, 0xE5, 0x90, 0x24, 0x11, 0x01, 0x7E, 0xE2,
        0x27, 0x7E, 0x02, 0x00, 0xAF, 0x7F, 0x93, 0x30, 0x09, 0x9B, 0x90, 0x24,
        0x01, 0x11, 0xB6, 0x6D, 0xDB, 0xB0, 0x9D, 0x24, 0x00, 0x05, 0x00, 0x00,
        0x00, 0x00, 0x00, 0x00, 0x00, 0x05, 0x00, 0x00, 0x00, 0x00, 0x00, 0x00,
        0x0E, 0x1D, 0xB6, 0x63, 0x1B, 0xB6, 0x6D, 0xDB, 0x00, 0x05, 0x00, 0x00,
        0x00, 0x00, 0x00, 0x00, 0x00, 0x05, 0x00, 0x00, 0x00, 0x00, 0x00, 0x00,
        0x3F, 0x19, 0x10, 0x03, 0xF1, 0x10, 0x0D, 0xCC, 0x38, 0x00, 0x37, 0x11,
        0x77, 0x79, 0x99, 0xBB, 0x02, 0x15, 0x94, 0xCD, 0xC1, 0x9D, 0x1C, 0x0A,
        0x00, 0x05, 0x00, 0x00, 0x00, 0x00, 0x00, 0x00, 0x00, 0x05, 0x00, 0x00,
        0x00, 0x00, 0x00, 0x00, 0x00, 0x05, 0x00, 0x00, 0x00, 0x00, 0x00, 0x00,
        0x00, 0x05, 0x00, 0x00, 0x00, 0x00, 0x00, 0x00, 0xBE, 0x72, 0x10, 0x03,
        0xF1, 0x10, 0x0D, 0xCD, 0x00, 0x05, 0x00, 0x00, 0x00, 0x00, 0x00, 0x00,
        0x6A, 0x00, 0x73, 0xAC, 0xFE, 0xA2, 0x83, 0xF5, 0x00, 0x05, 0x00, 0x00,
        0x00, 0x00, 0x00, 0x00, 0x00, 0x05, 0x00, 0x00, 0x00, 0x00, 0x00, 0x00,
        0x3F, 0x0C, 0x50, 0x03, 0xF1, 0x10, 0x0D, 0xCD, 0x53, 0x00, 0xEF, 0xF0,
        0x52, 0x31, 0x97, 0x77, 0x07, 0x0C, 0xB6, 0x6D, 0xDB, 0xB6, 0x0D, 0xDB,
        0x79, 0x48, 0x15, 0x70, 0x4E, 0xE9, 0x96, 0x72, 0x2E, 0x13, 0x7E, 0x42,
        0xFF, 0xAA, 0x0D, 0xD6, 0x7C, 0x6C, 0x02, 0x40, 0x6E, 0x2E, 0x99, 0xBB,
        0x1A, 0x11, 0xFF, 0xD3, 0xD6, 0x5A, 0x0B, 0x68, 0xD5, 0x73, 0xFF, 0x9A,
        0x88, 0x09, 0x96, 0x60, 0x02, 0x16, 0x2D, 0xD6, 0x1A, 0x89, 0x9D, 0xD8,
        0xAA, 0x85, 0x7E, 0xC2, 0xFA, 0x62, 0x8D, 0xB1, 0x02, 0x0E, 0x4D, 0xA2,
        0x91, 0xD0, 0x66, 0x40, 0x92, 0x82, 0x4F, 0xD2, 0xDA, 0x23, 0x0B, 0x8D,
        0x0F, 0x06, 0x00, 0x40, 0x6E, 0x6E, 0x9B, 0xDF, 0x7A, 0x22, 0x17, 0x10,
        0x4A, 0xE9, 0x14, 0x73, 0x1A, 0x11, 0x49, 0xE2, 0x24, 0x4B, 0x82, 0x24,
        0x7D, 0x66, 0x00, 0xC0, 0x4D, 0x2E, 0x99, 0xB7, 0x11, 0x16, 0x00, 0x00,
        0x00, 0x00, 0x00, 0x00, 0x7F, 0x72, 0x12, 0x40, 0x02, 0x36, 0x90, 0x03,
        0x11, 0x16, 0x00, 0x00, 0x00, 0x00, 0x00, 0x00, 0x7F, 0x84, 0x00, 0x00,
        0x00, 0x00, 0x00, 0x00, 0x11, 0x16, 0x00, 0x00, 0x00, 0x00, 0x00, 0x00,
        0x7F, 0x84, 0x00, 0x00, 0x00, 0x00, 0x00, 0x00, 0x11, 0x16, 0x00, 0x00,
        0x00, 0x00, 0x00, 0x00, 0x00, 0x05, 0x00, 0x00, 0x00, 0x00, 0x00, 0x00,
        0x00, 0x05, 0x00, 0x00, 0x00, 0x00, 0x00, 0x00, 0x0E, 0x13, 0xB6, 0x61,
        0xDB, 0xB6, 0x6D, 0xDB, 0x00, 0x05, 0x00, 0x00, 0x00, 0x00, 0x00, 0x00,
        0x47, 0xBB, 0xB6, 0x6D, 0xDB, 0xB6, 0x8D, 0x26, 0x3F, 0x00, 0xD0, 0x0A,
        0x8C, 0x80, 0xF8, 0x24, 0xBE, 0x00, 0xF9, 0x9D, 0xFC, 0xC9, 0x0F, 0x00,
        0x02, 0x15, 0x1C, 0xDC, 0xC9, 0xA1, 0x60, 0xDB, 0x00, 0x05, 0x00, 0x00,
        0x00, 0x00, 0x00, 0x00, 0x00, 0x05, 0x00, 0x00, 0x00, 0x00, 0x00, 0x00,
        0x00, 0x05, 0x00, 0x00, 0x00, 0x00, 0x00, 0x00, 0x00, 0x05, 0x00, 0x00,
        0x00, 0x00, 0x00, 0x00, 0x47, 0xBE, 0x49, 0x97, 0x94, 0x49, 0x09, 0xDB,
        0x07, 0x3C, 0xB6, 0x6D, 0xDB, 0xB6, 0x0D, 0x26, 0x6A, 0x00, 0xEA, 0x2F,
        0x3A, 0x58, 0x9F, 0x24, 0x3D, 0x42, 0xB6, 0x6D, 0xDB, 0xB6, 0x0D, 0x69,
        0x00, 0x05, 0x00, 0x00, 0x00, 0x00, 0x00, 0x00, 0x12, 0x3F, 0x29, 0x91,
        0x52, 0x29, 0x65, 0xDB, 0x49, 0x00, 0xEF, 0x10, 0x53, 0x79, 0x97, 0x24,
        0x07, 0x0C, 0xB6, 0x6D, 0xDB, 0xB0, 0x6D, 0xDB, 0x73, 0x46, 0x9E, 0x70,
        0x4E, 0xE9, 0x96, 0x72, 0x31, 0x16, 0xFC, 0xB3, 0xFA, 0xA2, 0x0D, 0xD6,
        0x69, 0x78, 0x6D, 0x32, 0xB6, 0x1A, 0x09, 0x69, 0x1D, 0x13, 0xF6, 0xC3,
        0xDA, 0x23, 0x8B, 0x8D, 0xD6, 0x72, 0xB9, 0x98, 0x60, 0x09, 0x96, 0x60,
        0x18, 0x00, 0x52, 0x2E, 0x25, 0x50, 0x02, 0x24, 0xB1, 0x8B, 0x7D, 0xC2,
        0xFA, 0x62, 0x8D, 0xB1, 0x0A, 0x00, 0x1C, 0xE0, 0x72, 0xB1, 0x99, 0xDB,
        0x96, 0x86, 0x7F, 0xD2, 0xFA, 0x23, 0x0B, 0x8D, 0x0C, 0x04, 0x00, 0xC0,
        0x4D, 0x6E, 0x99, 0xDB, 0x70, 0x22, 0x99, 0x10, 0x4E, 0xE9, 0x14, 0x73,
        0x11, 0x1B, 0x02, 0x40, 0x00, 0x01, 0x10, 0x00, 0x78, 0x60, 0x02, 0xC0,
        0x4D, 0x2E, 0x17, 0x97, 0x11, 0x16, 0x00, 0x00, 0x00, 0x00, 0x00, 0x00,
        0x7F, 0x6E, 0x1B, 0xD0, 0x02, 0x36, 0x90, 0x03, 0x11, 0x16, 0x00, 0x00,
        0x00, 0x00, 0x00, 0x00, 0x7F, 0x84, 0x00, 0x00, 0x00, 0x00, 0x00, 0x00,
        0x11, 0x16, 0x00, 0x00, 0x00, 0x00, 0x00, 0x00, 0x7F, 0x84, 0x00, 0x00,
        0x00, 0x00, 0x00, 0x00, 0x11, 0x16, 0x00, 0x00, 0x00, 0x00, 0x00, 0x00,
        0x00, 0x05, 0x00, 0x00, 0x00, 0x00, 0x00, 0x00, 0x00, 0x05, 0x00, 0x00,
        0x00, 0x00, 0x00, 0x00, 0x00, 0x05, 0x00, 0x00, 0x00, 0x00, 0x00, 0x00,
        0x00, 0x05, 0x00, 0x00, 0x00, 0x00, 0x00, 0x00, 0xBB, 0x00, 0x15, 0xF0,
        0x09, 0xF1, 0x94, 0x73, 0x33, 0x00, 0x4F, 0xE2, 0x24, 0x4B, 0x82, 0x24,
        0xBE, 0x9E, 0x00, 0x20, 0x01, 0x9C, 0x14, 0x73, 0x00, 0x05, 0x00, 0x00,
        0x00, 0x00, 0x00, 0x00, 0x00, 0x05, 0x00, 0x00, 0x00, 0x00, 0x00, 0x00,
        0x00, 0x05, 0x00, 0x00, 0x00, 0x00, 0x00, 0x00, 0x00, 0x05, 0x00, 0x00,
        0x00, 0x00, 0x00, 0x00, 0x00, 0x05, 0x00, 0x00, 0x00, 0x00, 0x00, 0x00,
        0xB2, 0x00, 0x4D, 0xB2, 0x24, 0x70, 0x02, 0x3E, 0x3C, 0x00, 0x27, 0x90,
        0x4F, 0xC9, 0x99, 0xE4, 0x00, 0x05, 0x00, 0x00, 0x00, 0x00, 0x00, 0x00,
        0x3F, 0x1F, 0x00, 0x20, 0x01, 0x9C, 0x14, 0x93, 0x00, 0x05, 0x00, 0x00,
        0x00, 0x00, 0x00, 0x00, 0x00, 0x05, 0x00, 0x00, 0x00, 0x00, 0x00, 0x00,
        0x00, 0x05, 0x00, 0x00, 0x00, 0x00, 0x00, 0x00, 0x00, 0x05, 0x00, 0x00,
        0x00, 0x00, 0x00, 0x00, 0x65, 0x44, 0xA1, 0x90, 0x4E, 0xE9, 0x94, 0x72,
        0x36, 0x1F, 0xEA, 0xA3, 0xFA, 0xA0, 0x0F, 0xD6, 0x6F, 0x61, 0x9C, 0x60,
        0x4E, 0x37, 0x17, 0x97, 0x21, 0x18, 0xB4, 0x33, 0xDA, 0x20, 0x0D, 0x90,
        0xD9, 0x6A, 0x3F, 0x96, 0x40, 0x09, 0x94, 0x40, 0x18, 0x1D, 0x80, 0x2D,
        0xD8, 0x9B, 0xCD, 0xD9, 0xBE, 0x9A, 0xF3, 0xA3, 0xFA, 0x62, 0x8D, 0xD1,
        0x01, 0x06, 0x86, 0x66, 0x43, 0xB6, 0x61, 0xDB, 0xA1, 0x8F, 0xF5, 0xC3,
        0xFA, 0x62, 0x0D, 0x91, 0x01, 0x06, 0x6C, 0xB2, 0xB5, 0xD2, 0x08, 0x69,
        0x59, 0x21, 0xE9, 0x90, 0x4E, 0x31, 0x15, 0x73, 0x1E, 0x11, 0x7B, 0xA2,
        0x27, 0x70, 0x02, 0x3F, 0x6C, 0x52, 0x9C, 0x60, 0x4E, 0x2F, 0x17, 0x97,
        0x11, 0x16, 0x00, 0x00, 0x00, 0x00, 0x00, 0x00, 0x7F, 0x65, 0x2E, 0x60,
        0x03, 0x3F, 0x90, 0x03, 0x11, 0x16, 0x00, 0x00, 0x00, 0x00, 0x00, 0x00,
        0x7F, 0x84, 0x00, 0x00, 0x00, 0x00, 0x00, 0x00, 0x11, 0x16, 0x00, 0x00,
        0x00, 0x00, 0x00, 0x00, 0x7F, 0x84, 0x00, 0x00, 0x00, 0x00, 0x00, 0x00,
        0x11, 0x16, 0x00, 0x00, 0x00, 0x00, 0x00, 0x00, 0x00, 0x05, 0x00, 0x00,
        0x00, 0x00, 0x00, 0x00, 0x00, 0x05, 0x00, 0x00, 0x00, 0x00, 0x00, 0x00,
        0x00, 0x05, 0x00, 0x00, 0x00, 0x00, 0x00, 0x00, 0x00, 0x05, 0x00, 0x00,
        0x00, 0x00, 0x00, 0x00, 0xB5, 0x00, 0x1F, 0x10, 0x4F, 0x39, 0x97, 0x98,
        0x38, 0x00, 0x4E, 0xB2, 0x24, 0x4A, 0x82, 0x27, 0xBD, 0x8B, 0x00, 0x30,
        0x09, 0xE5, 0x14, 0x73, 0x00, 0x05, 0x00, 0x00, 0x00, 0x00, 0x00, 0x00,
        0x00, 0x05, 0x00, 0x00, 0x00, 0x00, 0x00, 0x00, 0x00, 0x05, 0x00, 0x00,
        0x00, 0x00, 0x00, 0x00, 0x00, 0x05, 0x00, 0x00, 0x00, 0x00, 0x00, 0x00,
        0x00, 0x05, 0x00, 0x00, 0x00, 0x00, 0x00, 0x00, 0xB7, 0x00, 0x4B, 0x22,
        0x27, 0xE0, 0x83, 0xF9, 0x05, 0x35, 0x46, 0x63, 0x83, 0xB6, 0x65, 0xDB,
        0x00, 0x05, 0x00, 0x00, 0x00, 0x00, 0x00, 0x00, 0x3D, 0x0B, 0x00, 0x30,
        0x09, 0xE5, 0x14, 0x73, 0x00, 0x05, 0x00, 0x00, 0x00, 0x00, 0x00, 0x00,
        0x00, 0x05, 0x00, 0x00, 0x00, 0x00, 0x00, 0x00, 0x00, 0x05, 0x00, 0x00,
        0x00, 0x00, 0x00, 0x00, 0x00, 0x05, 0x00, 0x00, 0x00, 0x00, 0x00, 0x00,
        0x61, 0x43, 0xA1, 0x90, 0x0E, 0xE9, 0x94, 0x52, 0x36, 0x21, 0xEA, 0x23,
        0xFA, 0xA0, 0x8F, 0xD5, 0x6D, 0x60, 0x9D, 0xE0, 0x4E, 0x2F, 0x97, 0x97,
        0x23, 0x1A, 0x6D, 0xB2, 0x36, 0x5A, 0x8B, 0xB1, 0xD9, 0x69, 0x09, 0x94,
        0x40, 0x09, 0x94, 0x40, 0x18, 0x1D, 0x82, 0xBD, 0xD9, 0x9C, 0x1D, 0xDA,
        0xC1, 0x9E, 0xEB, 0x23, 0xFA, 0x62, 0x8D, 0xD5, 0x01, 0x06, 0x36, 0x64,
        0x1B, 0xB6, 0x6D, 0xDB, 0xA4, 0x92, 0xF5, 0xB3, 0xFA, 0x62, 0x0D, 0xB1,
        0x01, 0x06, 0x5B, 0x2B, 0x8D, 0x90, 0x06, 0x48, 0x53, 0x21, 0xE9, 0x90,
        0x4E, 0x31, 0x15, 0x73, 0x1E, 0x11, 0x7A, 0x02, 0x27, 0xF0, 0x83, 0x3E,
        0x68, 0x4F, 0x9D, 0x60, 0x4E, 0x2F, 0x17, 0x77, 0x11, 0x16, 0x00, 0x00,
        0x00, 0x00, 0x00, 0x00, 0x7F, 0x62, 0x2E, 0x70, 0x03, 0x3F, 0x90, 0x03,
        0x11, 0x16, 0x00, 0x00, 0x00, 0x00, 0x00, 0x00, 0x7F, 0x84, 0x00, 0x00,
        0x00, 0x00, 0x00, 0x00, 0x11, 0x16, 0x00, 0x00, 0x00, 0x00, 0x00, 0x00,
        0x7F, 0x84, 0x00, 0x00, 0x00, 0x00, 0x00, 0x00, 0x11, 0x16, 0x00, 0x00,
        0x00, 0x00, 0x00, 0x00, 0x00, 0x05, 0x00, 0x00, 0x00, 0x00, 0x00, 0x00,
        0x00, 0x05, 0x00, 0x00, 0x00, 0x00, 0x00, 0x00, 0x00, 0x05, 0x00, 0x00,
        0x00, 0x00, 0x00, 0x00, 0x00, 0x05, 0x00, 0x00, 0x00, 0x00, 0x00, 0x00,
        0x6F, 0x00, 0x09, 0x91, 0x78, 0xC9, 0x99, 0xA4, 0x3D, 0x00, 0x7A, 0x82,
        0x26, 0x60, 0x82, 0x25, 0xAB, 0x50, 0x13, 0xD0, 0x49, 0xEF, 0x16, 0x73,
        0x00, 0x05, 0x00, 0x00, 0x00, 0x00, 0x00, 0x00, 0x00, 0x05, 0x00, 0x00,
        0x00, 0x00, 0x00, 0x00, 0x00, 0x05, 0x00, 0x00, 0x00, 0x00, 0x00, 0x00,
        0x00, 0x05, 0x00, 0x00, 0x00, 0x00, 0x00, 0x00, 0x00, 0x05, 0x00, 0x00,
        0x00, 0x00, 0x00, 0x00, 0xBC, 0x0F, 0x98, 0x03, 0xF5, 0x10, 0x0D, 0xAD,
        0x00, 0x05, 0x00, 0x00, 0x00, 0x00, 0x00, 0x00, 0x01, 0x2E, 0xB6, 0x2D,
        0xDB, 0x84, 0x9D, 0xC1, 0x2B, 0x00, 0xA6, 0x10, 0x53, 0x89, 0x99, 0xC4,
        0x00, 0x05, 0x00, 0x00, 0x00, 0x00, 0x00, 0x00, 0x00, 0x05, 0x00, 0x00,
        0x00, 0x00, 0x00, 0x00, 0x00, 0x05, 0x00, 0x00, 0x00, 0x00, 0x00, 0x00,
        0x00, 0x05, 0x00, 0x00, 0x00, 0x00, 0x00, 0x00, 0x5B, 0x43, 0xA9, 0x90,
        0x0E, 0xE9, 0x14, 0x53, 0x38, 0x26, 0xE2, 0x03, 0x3A, 0xA0, 0x8F, 0xD5,
        0x5B, 0x68, 0x63, 0xA3, 0xB5, 0xD8, 0x0A, 0xAD, 0x1D, 0x27, 0x94, 0xC0,
        0x49, 0xE1, 0x14, 0x52, 0xDA, 0x65, 0x09, 0x94, 0x40, 0x09, 0x94, 0x40,
        0x1B, 0x20, 0x83, 0xBD, 0xD9, 0x9C, 0x1D, 0xDA, 0xC7, 0xA9, 0xEA, 0x23,
        0xFA, 0x58, 0x8F, 0xD1, 0x00, 0x05, 0x00, 0x00, 0x00, 0x00, 0x00, 0x00,
        0xAD, 0x9A, 0xF4, 0xB3, 0xFA, 0x5A, 0x8D, 0xB1, 0x01, 0x06, 0x80, 0x64,
        0x48, 0x36, 0x64, 0x1B, 0x46, 0x21, 0xE9, 0x90, 0x0E, 0x31, 0x15, 0x53,
        0x1F, 0x11, 0x70, 0x82, 0x3E, 0xE8, 0x83, 0x3E, 0x5F, 0x45, 0xA5, 0x60,
        0x4E, 0x2F, 0x17, 0x77, 0x11, 0x16, 0x00, 0x00, 0x00, 0x00, 0x00, 0x00,
        0x7F, 0x5A, 0x36, 0x70, 0x03, 0x39, 0x90, 0x03, 0x11, 0x16, 0x00, 0x00,
        0x00, 0x00, 0x00, 0x00, 0x7F, 0x84, 0x00, 0x00, 0x00, 0x00, 0x00, 0x00,
        0x11, 0x16, 0x00, 0x00, 0x00, 0x00, 0x00, 0x00, 0x7F, 0x84, 0x00, 0x00,
        0x00, 0x00, 0x00, 0x00, 0x11, 0x16, 0x00, 0x00, 0x00, 0x00, 0x00, 0x00,
        0x00, 0x05, 0x00, 0x00, 0x00, 0x00, 0x00, 0x00, 0x00, 0x05, 0x00, 0x00,
        0x00, 0x00, 0x00, 0x00, 0x00, 0x05, 0x00, 0x00, 0x00, 0x00, 0x00, 0x00,
        0x00, 0x05, 0x00, 0x00, 0x00, 0x00, 0x00, 0x00, 0x56, 0x00, 0x49, 0x91,
        0x7C, 0x49, 0x98, 0xC4, 0x3D, 0x00, 0x68, 0x02, 0x26, 0x58, 0x82, 0x3D,
        0xA1, 0x3F, 0x9C, 0x50, 0x4E, 0x2F, 0x17, 0x77, 0x00, 0x05, 0x00, 0x00,
        0x00, 0x00, 0x00, 0x00, 0x00, 0x05, 0x00, 0x00, 0x00, 0x00, 0x00, 0x00,
        0x00, 0x05, 0x00, 0x00, 0x00, 0x00, 0x00, 0x00, 0x00, 0x05, 0x00, 0x00,
        0x00, 0x00, 0x00, 0x00, 0x00, 0x05, 0x00, 0x00, 0x00, 0x00, 0x00, 0x00,
        0xBD, 0x29, 0x98, 0x03, 0xF5, 0x10, 0x0D, 0xAD, 0x00, 0x05, 0x00, 0x00,
        0x00, 0x00, 0x00, 0x00, 0x3F, 0x00, 0x4F, 0xD2, 0x24, 0x73, 0x02, 0x3A,
        0x0C, 0x22, 0x06, 0x63, 0x83, 0xB6, 0x61, 0xDB, 0x00, 0x05, 0x00, 0x00,
        0x00, 0x00, 0x00, 0x00, 0x00, 0x05, 0x00, 0x00, 0x00, 0x00, 0x00, 0x00,
        0x00, 0x05, 0x00, 0x00, 0x00, 0x00, 0x00, 0x00, 0x00, 0x05, 0x00, 0x00,
        0x00, 0x00, 0x00, 0x00, 0x59, 0x42, 0xA9, 0x90, 0x0E, 0xE9, 0x90, 0x52,
        0x39, 0x27, 0xE2, 0x03, 0x3A, 0xA0, 0x0F, 0xF6, 0x65, 0x58, 0x25, 0x60,
        0x0E, 0x2E, 0x11, 0x93, 0x27, 0x1F, 0xEB, 0x03, 0xFA, 0x20, 0x0F, 0xB1,
        0xDA, 0x65, 0x09, 0x94, 0x40, 0x09, 0x94, 0x40, 0x1D, 0x22, 0x80, 0x2D,
        0xD8, 0x94, 0x4D, 0xDA, 0xC8, 0xAD, 0xEA, 0x23, 0xFA, 0x60, 0x8F, 0xD5,
        0x00, 0x05, 0x00, 0x00, 0x00, 0x00, 0x00, 0x00, 0xAF, 0x9D, 0xF4, 0x33,
        0xFA, 0x62, 0x8D, 0xB1, 0x01, 0x06, 0x86, 0x64, 0x43, 0xB6, 0x61, 0x1B,
        0x43, 0x21, 0xE9, 0x90, 0x0E, 0x31, 0x15, 0x53, 0x1F, 0x11, 0xE8, 0x83,
        0x3E, 0xE8, 0x83, 0xFE, 0x5C, 0x44, 0xA6, 0xF0, 0x4E, 0x31, 0x17, 0x77,
        0x11, 0x16, 0x00, 0x00, 0x00, 0x00, 0x00, 0x00, 0x7F, 0x58, 0x37, 0xF0,
        0x03, 0x39, 0x90, 0x03, 0x11, 0x16, 0x00, 0x00, 0x00, 0x00, 0x00, 0x00,
        0x7F, 0x84, 0x00, 0x00, 0x00, 0x00, 0x00, 0x00, 0x11, 0x16, 0x00, 0x00,
        0x00, 0x00, 0x00, 0x00, 0x7F, 0x84, 0x00, 0x00, 0x00, 0x00, 0x00, 0x00,
        0x11, 0x16, 0x00, 0x00, 0x00, 0x00, 0x00, 0x00, 0x00, 0x05, 0x00, 0x00,
        0x00, 0x00, 0x00, 0x00, 0x00, 0x05, 0x00, 0x00, 0x00, 0x00, 0x00, 0x00,
        0x00, 0x05, 0x00, 0x00, 0x00, 0x00, 0x00, 0x00, 0x00, 0x05, 0x00, 0x00,
        0x00, 0x00, 0x00, 0x00, 0x1C, 0x00, 0x49, 0x90, 0x84, 0x49, 0x9E, 0x24,
        0x3E, 0x00, 0xD8, 0x03, 0x39, 0x50, 0x03, 0x31, 0x80, 0x18, 0x9D, 0x60,
        0x4E, 0x2F, 0x17, 0x77, 0x00, 0x05, 0x00, 0x00, 0x00, 0x00, 0x00, 0x00,
        0x00, 0x05, 0x00, 0x00, 0x00, 0x00, 0x00, 0x00, 0x00, 0x05, 0x00, 0x00,
        0x00, 0x00, 0x00, 0x00, 0x00, 0x05, 0x00, 0x00, 0x00, 0x00, 0x00, 0x00,
        0x00, 0x05, 0x00, 0x00, 0x00, 0x00, 0x00, 0x00, 0xBE, 0x63, 0x50, 0x03,
        0xF1, 0x10, 0x0D, 0xAD, 0x00, 0x05, 0x00, 0x00, 0x00, 0x00, 0x00, 0x00,
        0x66, 0x00, 0xF4, 0xB3, 0xFA, 0x62, 0x8D, 0xD1, 0x00, 0x05, 0x00, 0x00,
        0x00, 0x00, 0x00, 0x00, 0x00, 0x05, 0x00, 0x00, 0x00, 0x00, 0x00, 0x00,
        0x00, 0x05, 0x00, 0x00, 0x00, 0x00, 0x00, 0x00, 0x00, 0x05, 0x00, 0x00,
        0x00, 0x00, 0x00, 0x00, 0x00, 0x05, 0x00, 0x00, 0x00, 0x00, 0x00, 0x00,
        0x55, 0x42, 0xE9, 0x90, 0x4E, 0xE9, 0x14, 0x4F, 0x3A, 0x2A, 0xA0, 0x03,
        0x3A, 0x60, 0x8F, 0xD5, 0x57, 0x60, 0x62, 0x02, 0x36, 0x18, 0x03, 0xB1,
        0x2A, 0x22, 0xEB, 0xA3, 0xFD, 0x58, 0x8F, 0xED, 0xDB, 0x60, 0x09, 0x94,
        0x40, 0x09, 0x90, 0x00, 0x20, 0x25, 0x80, 0x0D, 0xD8, 0x83, 0x4D, 0xD9,
        0xCC, 0xB4, 0xA2, 0x23, 0xFA, 0x58, 0x8F, 0xD5, 0x00, 0x05, 0x00, 0x00,
        0x00, 0x00, 0x00, 0x00, 0xB5, 0xA4, 0xEB, 0x33, 0xFA, 0x5A, 0x8D, 0xD1,
        0x01, 0x06, 0xB6, 0x61, 0xDB, 0xB6, 0x6D, 0xDB, 0x3D, 0x21, 0xE9, 0x10,
        0x13, 0x31, 0x15, 0x53, 0x20, 0x13, 0xE8, 0x83, 0x3E, 0xA8, 0x03, 0x3A,
        0x54, 0x3E, 0xA6, 0xF0, 0x4E, 0x37, 0x15, 0x73, 0x11, 0x16, 0x00, 0x20,
        0x00, 0x02, 0x20, 0x00, 0x7F, 0x51, 0x37, 0xF0, 0x03, 0x39, 0x90, 0x03,
        0x11, 0x16, 0x00, 0x00, 0x00, 0x00, 0x00, 0x00, 0x7F, 0x84, 0x00, 0x00,
        0x00, 0x00, 0x00, 0x00, 0x11, 0x16, 0x00, 0x00, 0x00, 0x00, 0x00, 0x00,
        0x7F, 0x84, 0x00, 0x00, 0x00, 0x00, 0x00, 0x00, 0x11, 0x16, 0x00, 0x00,
        0x00, 0x00, 0x00, 0x00, 0x00, 0x05, 0x00, 0x00, 0x00, 0x00, 0x00, 0x00,
        0x00, 0x05, 0x00, 0x00, 0x00, 0x00, 0x00, 0x00, 0x00, 0x05, 0x00, 0x00,
        0x00, 0x00, 0x00, 0x00, 0x00, 0x05, 0x00, 0x00, 0x00, 0x00, 0x00, 0x00,
        0x04, 0x0F, 0xB6, 0x63, 0x1B, 0xB6, 0x6D, 0xDB, 0x3E, 0x00, 0x90, 0x03,
        0x35, 0x10, 0x03, 0xF1, 0x74, 0x0E, 0xA6, 0xF0, 0x4E, 0x2F, 0x17, 0x77,
        0x00, 0x05, 0x00, 0x00, 0x00, 0x00, 0x00, 0x00, 0x00, 0x05, 0x00, 0x00,
        0x00, 0x00, 0x00, 0x00, 0x00, 0x05, 0x00, 0x00, 0x00, 0x00, 0x00, 0x00,
        0x00, 0x05, 0x00, 0x00, 0x00, 0x00, 0x00, 0x00, 0x00, 0x05, 0x00, 0x00,
        0x00, 0x00, 0x00, 0x00, 0xBE, 0x70, 0x50, 0x03, 0xF1, 0x10, 0x0D, 0xCD,
        0x00, 0x05, 0x00, 0x00, 0x00, 0x00, 0x00, 0x00, 0x70, 0x0B, 0xEB, 0x23,
        0xFA, 0x62, 0x8D, 0xD1, 0x00, 0x05, 0x00, 0x00, 0x00, 0x00, 0x00, 0x00,
        0x00, 0x05, 0x00, 0x00, 0x00, 0x00, 0x00, 0x00, 0x00, 0x05, 0x00, 0x00,
        0x00, 0x00, 0x00, 0x00, 0x00, 0x05, 0x00, 0x00, 0x00, 0x00, 0x00, 0x00,
        0x00, 0x05, 0x00, 0x00, 0x00, 0x00, 0x00, 0x00, 0x53, 0x42, 0xE9, 0x90,
        0x0E, 0xE9, 0x90, 0x0E, 0x2B, 0x3A, 0xA1, 0x10, 0x0E, 0xE1, 0x14, 0x4E,
        0x60, 0x55, 0x9F, 0x70, 0x0E, 0xF7, 0x94, 0x6F, 0x2A, 0x23, 0x63, 0x02,
        0x3A, 0x20, 0x03, 0xD1, 0xDB, 0x60, 0x09, 0x94, 0x00, 0x09, 0x90, 0x00,
        0x20, 0x25, 0x80, 0x3D, 0xD8, 0x94, 0x4D, 0xDA, 0xCC, 0xB6, 0xA2, 0x83,
        0xF5, 0x58, 0x8F, 0xD1, 0x00, 0x05, 0x00, 0x00, 0x00, 0x00, 0x00, 0x00,
        0xB7, 0xA6, 0xEB, 0x33, 0xFA, 0x5A, 0x8F, 0xD1, 0x00, 0x05, 0x00, 0x00,
        0x00, 0x00, 0x00, 0x00, 0x3B, 0x21, 0xE9, 0x10, 0x0F, 0x31, 0x15, 0x53,
        0x20, 0x13, 0xE8, 0x83, 0x3A, 0xA0, 0x03, 0xFA, 0x51, 0x3D, 0xA6, 0xF0,
        0x4E, 0x29, 0x15, 0x73, 0x11, 0x16, 0x02, 0x20, 0x00, 0x02, 0x30, 0x01,
        0x7F, 0x4F, 0x37, 0xF0, 0x03, 0x39, 0x90, 0x03, 0x11, 0x16, 0x00, 0x00,
        0x00, 0x00, 0x00, 0x00, 0x7F, 0x84, 0x00, 0x00, 0x00, 0x00, 0x00, 0x00,
        0x11, 0x16, 0x00, 0x00, 0x00, 0x00, 0x00, 0x00, 0x7F, 0x84, 0x00, 0x00,
        0x00, 0x00, 0x00, 0x00, 0x11, 0x16, 0x00, 0x00, 0x00, 0x00, 0x00, 0x00,
        0x00, 0x05, 0x00, 0x00, 0x00, 0x00, 0x00, 0x00, 0x00, 0x05, 0x00, 0x00,
        0x00, 0x00, 0x00, 0x00, 0x00, 0x05, 0x00, 0x00, 0x00, 0x00, 0x00, 0x00,
        0x00, 0x05, 0x00, 0x00, 0x00, 0x00, 0x00, 0x00, 0x00, 0x05, 0x00, 0x00,
        0x00, 0x00, 0x00, 0x00, 0x3F, 0x0C, 0x50, 0x03, 0xF1, 0x10, 0x0D, 0xCD,
        0x53, 0x00, 0xEF, 0xF0, 0x52, 0x31, 0x97, 0x77, 0x07, 0x0C, 0xB6, 0x6D,
        0xDB, 0xB6, 0x0D, 0xDB, 0x00, 0x05, 0x00, 0x00, 0x00, 0x00, 0x00, 0x00,
        0x00, 0x05, 0x00, 0x00, 0x00, 0x00, 0x00, 0x00, 0x00, 0x05, 0x00, 0x00,
        0x00, 0x00, 0x00, 0x00, 0x00, 0x05, 0x00, 0x00, 0x00, 0x00, 0x00, 0x00,
        0xBE, 0x8B, 0x10, 0x03, 0xF1, 0x10, 0x0D, 0xCC, 0x00, 0x05, 0x00, 0x00,
        0x00, 0x00, 0x00, 0x00, 0x86, 0x2C, 0xAB, 0x23, 0xFA, 0x58, 0x8D, 0xD1,
        0x00, 0x05, 0x00, 0x00, 0x00, 0x00, 0x00, 0x00, 0x00, 0x05, 0x00, 0x00,
        0x00, 0x00, 0x00, 0x00, 0x00, 0x05, 0x00, 0x00, 0x00, 0x00, 0x00, 0x00,
        0x00, 0x05, 0x00, 0x00, 0x00, 0x00, 0x00, 0x00, 0x00, 0x05, 0x00, 0x00,
        0x00, 0x00, 0x00, 0x00, 0x52, 0x42, 0xE9, 0x10, 0x0F, 0x31, 0x15, 0x53,
        0x3B, 0x2E, 0xA0, 0x03, 0x3A, 0xA0, 0x03, 0xFA, 0x5C, 0x53, 0x2E, 0x90,
        0x0A, 0x29, 0x91, 0x16, 0x2E, 0x25, 0xAC, 0x33, 0xDA, 0xA2, 0x0D, 0xD6,
        0x5C, 0xDB, 0x40, 0x02, 0x24, 0x40, 0x02, 0x24, 0x23, 0x28, 0x80, 0x0D,
        0xD8, 0x82, 0x4D, 0xD8, 0xCF, 0xBB, 0xA2, 0x23, 0xF6, 0x58, 0x8F, 0xD5,
        0x00, 0x05, 0x00, 0x00, 0x00, 0x00, 0x00, 0x00, 0xBB, 0xAB, 0xA3, 0x23,
        0xFA, 0x58, 0x0D, 0xD1, 0x00, 0x05, 0x00, 0x00, 0x00, 0x00, 0x00, 0x00,
        0x37, 0x21, 0xE9, 0x90, 0x0E, 0xF1, 0x10, 0x53, 0x20, 0x14, 0xA0, 0x03,
        0x3A, 0xA0, 0x03, 0xFA, 0x4B, 0x39, 0xA6, 0xF0, 0x0E, 0x31, 0x15, 0x73,
        0x11, 0x16, 0x13, 0x30, 0x01, 0x13, 0xB0, 0x09, 0x7F, 0x4A, 0x3F, 0xF0,
        0x03, 0x39, 0x90, 0x03, 0x11, 0x16, 0x00, 0x00, 0x00, 0x00, 0x00, 0x00,
        0x7F, 0x84, 0x00, 0x00, 0x00, 0x00, 0x00, 0x00, 0x11, 0x16, 0x00, 0x00,
        0x00, 0x00, 0x00, 0x00, 0x7F, 0x84, 0x00, 0x00, 0x00, 0x00, 0x00, 0x00,
        0x11, 0x16, 0x00, 0x00, 0x00, 0x00, 0x00, 0x00, 0x00, 0x05, 0x00, 0x00,
        0x00, 0x00, 0x00, 0x00, 0x00, 0x05, 0x00, 0x00, 0x00, 0x00, 0x00, 0x00,
        0x00, 0x05, 0x00, 0x00, 0x00, 0x00, 0x00, 0x00, 0x00, 0x05, 0x00, 0x00,
        0x00, 0x00, 0x00, 0x00, 0x00, 0x05, 0x00, 0x00, 0x00, 0x00, 0x00, 0x00,
        0x12, 0x3F, 0x29, 0x91, 0x52, 0x29, 0x45, 0xDB, 0x49, 0x00, 0xEF, 0x10,
        0x53, 0x79, 0x97, 0x24, 0x07, 0x0C, 0xB6, 0x6D, 0xDB, 0xB0, 0x6D, 0xDB,
        0x00, 0x05, 0x00, 0x00, 0x00, 0x00, 0x00, 0x00, 0x00, 0x05, 0x00, 0x00,
        0x00, 0x00, 0x00, 0x00, 0x00, 0x05, 0x00, 0x00, 0x00, 0x00, 0x00, 0x00,
        0x00, 0x05, 0x00, 0x00, 0x00, 0x00, 0x00, 0x00, 0xBE, 0x00, 0x80, 0x06,
        0x48, 0x80, 0xF4, 0x24, 0x00, 0x05, 0x00, 0x00, 0x00, 0x00, 0x00, 0x00,
        0x36, 0x86, 0xA5, 0x10, 0x4E, 0xE9, 0x64, 0xDB, 0x00, 0x05, 0x00, 0x00,
        0x00, 0x00, 0x00, 0x00, 0x00, 0x05, 0x00, 0x00, 0x00, 0x00, 0x00, 0x00,
        0x00, 0x05, 0x00, 0x00, 0x00, 0x00, 0x00, 0x00, 0x00, 0x05, 0x00, 0x00,
        0x00, 0x00, 0x00, 0x00, 0x00, 0x05, 0x00, 0x00, 0x00, 0x00, 0x00, 0x00,
        0x51, 0x40, 0xEF, 0xF0, 0x4E, 0x2F, 0x95, 0xFF, 0x2E, 0x3D, 0x9D, 0xD0,
        0x09, 0xA5, 0x90, 0x24, 0x5C, 0x42, 0x13, 0x30, 0x09, 0x9B, 0x90, 0x24,
        0x3D, 0x27, 0x7F, 0xE2, 0x27, 0xFE, 0x03, 0x00, 0xDB, 0x27, 0x36, 0x60,
        0x03, 0x36, 0xF0, 0xE7, 0x23, 0x68, 0x80, 0x0D, 0xD8, 0x80, 0xBD, 0x85,
        0xCF, 0x3A, 0x80, 0x04, 0x48, 0x00, 0x94, 0x24, 0x42, 0x47, 0xB6, 0x6D,
        0xDB, 0xB6, 0xDD, 0x09, 0xBB, 0x3D, 0x80, 0x04, 0x40, 0x00, 0x94, 0x24,
        0x41, 0x46, 0xB6, 0x6D, 0xDB, 0xB6, 0x2D, 0x00, 0x41, 0x21, 0x71, 0x17,
        0x97, 0x71, 0x89, 0x94, 0x3A, 0x0E, 0xF5, 0x5F, 0xFF, 0xF5, 0x1F, 0x01,
        0x4A, 0x35, 0xE6, 0xE0, 0x4E, 0x2F, 0x95, 0xFF, 0x11, 0x3D, 0x00, 0x00,
        0x00, 0x00, 0x90, 0x24, 0x7F, 0x36, 0x2E, 0x60, 0x03, 0x36, 0x90, 0x2C,
        0x11, 0x3D, 0x00, 0x00, 0x00, 0x00, 0x90, 0xB8, 0x3A, 0x7F, 0x49, 0x92,
        0x24, 0x49, 0x02, 0x00, 0x3C, 0x11, 0x49, 0x92, 0x24, 0x49, 0x22, 0x00,
        0x3D, 0x7F, 0x49, 0x92, 0x24, 0x49, 0x02, 0x00, 0x11, 0x3D, 0x00, 0x00,
        0x00, 0x00, 0x90, 0x24, 0x00, 0x05, 0x00, 0x00, 0x00, 0x00, 0x00, 0x00,
        0x00, 0x05, 0x00, 0x00, 0x00, 0x00, 0x00, 0x00, 0x00, 0x05, 0x00, 0x00,
        0x00, 0x00, 0x00, 0x00, 0x00, 0x05, 0x00, 0x00, 0x00, 0x00, 0x00, 0x00,
        0x00, 0x05, 0x00, 0x00, 0x00, 0x00, 0x00, 0x00, 0xAC, 0x00, 0x4E, 0xC2,
        0x24, 0x4A, 0x82, 0x26, 0x00, 0x05, 0x00, 0x00, 0x00, 0x00, 0x00, 0x00,
        0x00, 0x05, 0x00, 0x00, 0x00, 0x00, 0x00, 0x00, 0x00, 0x05, 0x00, 0x00,
        0x00, 0x00, 0x00, 0x00, 0x00, 0x05, 0x00, 0x00, 0x00, 0x00, 0x00, 0x00,
        0x00, 0x05, 0x00, 0x00, 0x00, 0x00, 0x00, 0x00, 0x00, 0x05, 0x00, 0x00,
        0x00, 0x00, 0x00, 0x00, 0x39, 0x00, 0x4E, 0xC2, 0x24, 0x4A, 0x82, 0x26,
        0x00, 0x05, 0x00, 0x00, 0x00, 0x00, 0x00, 0x00, 0x00, 0x05, 0x00, 0x00,
        0x00, 0x00, 0x00, 0x00, 0x00, 0x05, 0x00, 0x00, 0x00, 0x00, 0x00, 0x00,
        0x00, 0x05, 0x00, 0x00, 0x00, 0x00, 0x00, 0x00, 0x00, 0x05, 0x00, 0x00,
        0x00, 0x00, 0x00, 0x00, 0x00, 0x05, 0x00, 0x00, 0x00, 0x00, 0x00, 0x00,
        0x00, 0x05, 0x00, 0x00, 0x00, 0x00, 0x00, 0x00, 0x40, 0x45, 0xD8, 0xA6,
        0x6D, 0xDA, 0xB6, 0x6D, 0x3D, 0x42, 0x00, 0x00, 0x00, 0x00, 0x00, 0x00,
        0x42, 0x47, 0x00, 0x00, 0x00, 0x00, 0x00, 0x00, 0x3D, 0x42, 0x00, 0x00,
        0x00, 0x00, 0x00, 0x00, 0x22, 0x42, 0x89, 0x98, 0x60, 0x09, 0x94, 0x40,
        0x25, 0x68, 0x5B, 0xB8, 0x49, 0x1B, 0xB4, 0x01, 0x3C, 0x2A, 0x02, 0x50,
        0x4E, 0x2E, 0x19, 0xBB, 0x46, 0x2F, 0x80, 0x54, 0x92, 0x76, 0x9B, 0xDB,
        0x3D, 0x33, 0x00, 0xC0, 0x4D, 0x2E, 0x19, 0xDB, 0x36, 0x42, 0x49, 0x42,
        0x92, 0xDA, 0x06, 0x49, 0x41, 0x00, 0xE0, 0x94, 0xB7, 0xC9, 0x9D, 0xDC,
        0xC5, 0x0E, 0xB9, 0xBD, 0xDA, 0x62, 0x8B, 0xB1, 0x39, 0x13, 0x02, 0x50,
        0x6E, 0x76, 0x99, 0xDB, 0x57, 0x3B, 0x49, 0x62, 0xDB, 0x63, 0x0B, 0x8D,
        0x68, 0x15, 0x2D, 0x6A, 0xC7, 0x76, 0xFE, 0xE7, 0x31, 0x72, 0x92, 0x21,
        0x71, 0x5B, 0xB8, 0xA5, 0x3C, 0x27, 0x02, 0x50, 0x4E, 0x2F, 0x19, 0xB7,
        0x56, 0x38, 0xC9, 0xDF, 0xB6, 0x1A, 0x09, 0x6D, 0x3D, 0x32, 0x00, 0xB0,
        0x4D, 0x2E, 0x97, 0xDB, 0x4A, 0x3C, 0x49, 0x52, 0xDB, 0x23, 0x09, 0x68,
        0x00, 0x05, 0x00, 0x00, 0x00, 0x00, 0x00, 0x00, 0x00, 0x05, 0x00, 0x00,
        0x00, 0x00, 0x00, 0x00, 0x00, 0x05, 0x00, 0x00, 0x00, 0x00, 0x00, 0x00,
        0x00, 0x05, 0x00, 0x00, 0x00, 0x00, 0x00, 0x00, 0x00, 0x05, 0x00, 0x00,
        0x00, 0x00, 0x00, 0x00, 0xB3, 0x00, 0x4C, 0xA2, 0x24, 0x68, 0x02, 0x26,
        0x00, 0x05, 0x00, 0x00, 0x00, 0x00, 0x00, 0x00, 0x00, 0x05, 0x00, 0x00,
        0x00, 0x00, 0x00, 0x00, 0x00, 0x05, 0x00, 0x00, 0x00, 0x00, 0x00, 0x00,
        0x00, 0x05, 0x00, 0x00, 0x00, 0x00, 0x00, 0x00, 0x00, 0x05, 0x00, 0x00,
        0x00, 0x00, 0x00, 0x00, 0x00, 0x05, 0x00, 0x00, 0x00, 0x00, 0x00, 0x00,
        0x3C, 0x00, 0x4C, 0xA2, 0x24, 0x68, 0x02, 0x26, 0x00, 0x05, 0x00, 0x00,
        0x00, 0x00, 0x00, 0x00, 0x00, 0x05, 0x00, 0x00, 0x00, 0x00, 0x00, 0x00,
        0x00, 0x05, 0x00, 0x00, 0x00, 0x00, 0x00, 0x00, 0x00, 0x05, 0x00, 0x00,
        0x00, 0x00, 0x00, 0x00, 0x00, 0x05, 0x00, 0x00, 0x00, 0x00, 0x00, 0x00,
        0x00, 0x05, 0x00, 0x00, 0x00, 0x00, 0x00, 0x00, 0x00, 0x05, 0x00, 0x00,
        0x00, 0x00, 0x00, 0x00, 0x41, 0x46, 0x90, 0x04, 0x49, 0x92, 0x04, 0x49,
        0x3D, 0x42, 0x00, 0x00, 0x00, 0x00, 0x00, 0x00, 0x42, 0x47, 0x00, 0x00,
        0x00, 0x00, 0x00, 0x00, 0x3D, 0x42, 0x00, 0x00, 0x00, 0x00, 0x00, 0x00,
        0x42, 0x22, 0x40, 0x0C, 0xE4, 0x40, 0x0E, 0xE4, 0x24, 0x3D, 0x09, 0x9B,
        0x68, 0x09, 0x94, 0x40, 0x38, 0x28, 0x14, 0x50, 0x4E, 0x2F, 0x19, 0x97,
        0x3D, 0x2C, 0x02, 0x50, 0x6E, 0x6F, 0x99, 0xBB, 0x3B, 0x32, 0x02, 0x50,
        0x4E, 0x6F, 0x9B, 0xBF, 0x3D, 0x34, 0x00, 0xC0, 0x49, 0x2E, 0x19, 0xDB,
        0x20, 0x00, 0xF1, 0x90, 0x74, 0xC9, 0x9B, 0xDC, 0xCB, 0x47, 0x7C, 0x22,
        0xFF, 0xA8, 0x0F, 0xD6, 0x2F, 0x0E, 0x93, 0x50, 0x6E, 0x77, 0x99, 0xBB,
        0x60, 0x42, 0x4F, 0x52, 0xFB, 0x63, 0x8B, 0x8D, 0x32, 0x14, 0xC0, 0xB7,
        0x85, 0x65, 0xEA, 0xC6, 0x75, 0x42, 0x09, 0xFF, 0xAB, 0x3F, 0x68, 0x63,
        0x38, 0x24, 0x13, 0x50, 0x4E, 0x2F, 0x17, 0x97, 0x5B, 0x43, 0x4F, 0xC2,
        0xDA, 0x62, 0x0B, 0x91, 0x3B, 0x30, 0x12, 0x50, 0x4E, 0x6F, 0x9B, 0xBB,
        0x4E, 0x41, 0x4F, 0x52, 0xDB, 0x23, 0x0B, 0x6D, 0x00, 0x05, 0x00, 0x00,
        0x00, 0x00, 0x00, 0x00, 0x00, 0x05, 0x00, 0x00, 0x00, 0x00, 0x00, 0x00,
        0x00, 0x05, 0x00, 0x00, 0x00, 0x00, 0x00, 0x00, 0x00, 0x05, 0x00, 0x00,
        0x00, 0x00, 0x00, 0x00, 0x00, 0x05, 0x00, 0x00, 0x00, 0x00, 0x00, 0x00,
        0xBB, 0x00, 0x60, 0x82, 0x39, 0x50, 0x03, 0xF1, 0x00, 0x05, 0x00, 0x00,
        0x00, 0x00, 0x00, 0x00, 0x00, 0x05, 0x00, 0x00, 0x00, 0x00, 0x00, 0x00,
        0x00, 0x05, 0x00, 0x00, 0x00, 0x00, 0x00, 0x00, 0x00, 0x05, 0x00, 0x00,
        0x00, 0x00, 0x00, 0x00, 0x00, 0x05, 0x00, 0x00, 0x00, 0x00, 0x00, 0x00,
        0x00, 0x05, 0x00, 0x00, 0x00, 0x00, 0x00, 0x00, 0x3E, 0x00, 0x60, 0x82,
        0x39, 0x50, 0x03, 0xF1, 0x00, 0x05, 0x00, 0x00, 0x00, 0x00, 0x00, 0x00,
        0x00, 0x05, 0x00, 0x00, 0x00, 0x00, 0x00, 0x00, 0x00, 0x05, 0x00, 0x00,
        0x00, 0x00, 0x00, 0x00, 0x00, 0x05, 0x00, 0x00, 0x00, 0x00, 0x00, 0x00,
        0x00, 0x05, 0x00, 0x00, 0x00, 0x00, 0x00, 0x00, 0x00, 0x05, 0x00, 0x00,
        0x00, 0x00, 0x00, 0x00, 0x00, 0x05, 0x00, 0x00, 0x00, 0x00, 0x00, 0x00,
        0x41, 0x46, 0x90, 0x04, 0x49, 0x90, 0x04, 0x49, 0x3D, 0x42, 0x00, 0x00,
        0x00, 0x00, 0x00, 0x00, 0x42, 0x47, 0x00, 0x00, 0x00, 0x00, 0x00, 0x00,
        0x3D, 0x42, 0x00, 0x00, 0x00, 0x00, 0x00, 0x00, 0x42, 0x22, 0x40, 0x0E,
        0x24, 0x40, 0x02, 0x24, 0x3D, 0x22, 0xC0, 0x0D, 0xE4, 0x40, 0x0E, 0xE4,
        0x30, 0x25, 0x9E, 0xF0, 0x4E, 0x77, 0x17, 0x97, 0x33, 0x27, 0x9D, 0x60,
        0x4E, 0x37, 0x17, 0x97, 0x35, 0x2D, 0x93, 0x50, 0x4A, 0x6F, 0x97, 0xB7,
        0x30, 0x36, 0x4D, 0x32, 0x36, 0x18, 0x09, 0x88, 0x09, 0x00, 0x49, 0x91,
        0x9C, 0x49, 0x9A, 0xC4, 0xD3, 0x69, 0xE8, 0x03, 0xFA, 0xA0, 0x8F, 0xD5,
        0x1A, 0x05, 0x9D, 0xE0, 0x52, 0x77, 0x99, 0xBB, 0x76, 0x52, 0xFD, 0xC3,
        0xFA, 0x62, 0x8D, 0xB1, 0x1F, 0x12, 0xC2, 0xC1, 0x7D, 0xEE, 0x97, 0x9F,
        0x79, 0x4F, 0x89, 0xFA, 0x80, 0x3F, 0x68, 0x63, 0x2E, 0x1F, 0x9E, 0xF0,
        0x4E, 0x31, 0x17, 0x97, 0x65, 0x4F, 0xF4, 0xB3, 0xFA, 0x62, 0x0D, 0xB1,
        0x34, 0x2A, 0x1C, 0x50, 0x6E, 0x2E, 0x17, 0xB7, 0x55, 0x4A, 0x7D, 0xC2,
        0xFA, 0x5A, 0x0B, 0xAD, 0x00, 0x05, 0x00, 0x00, 0x00, 0x00, 0x00, 0x00,
        0x00, 0x05, 0x00, 0x00, 0x00, 0x00, 0x00, 0x00, 0x00, 0x05, 0x00, 0x00,
        0x00, 0x00, 0x00, 0x00, 0x00, 0x05, 0x00, 0x00, 0x00, 0x00, 0x00, 0x00,
        0x00, 0x05, 0x00, 0x00, 0x00, 0x00, 0x00, 0x00, 0xBC, 0x00, 0x98, 0x03,
        0x35, 0x10, 0x0F, 0xD1, 0x00, 0x05, 0x00, 0x00, 0x00, 0x00, 0x00, 0x00,
        0x00, 0x05, 0x00, 0x00, 0x00, 0x00, 0x00, 0x00, 0x00, 0x05, 0x00, 0x00,
        0x00, 0x00, 0x00, 0x00, 0x00, 0x05, 0x00, 0x00, 0x00, 0x00, 0x00, 0x00,
        0x00, 0x05, 0x00, 0x00, 0x00, 0x00, 0x00, 0x00, 0x00, 0x05, 0x00, 0x00,
        0x00, 0x00, 0x00, 0x00, 0x3E, 0x00, 0x98, 0x03, 0x35, 0x10, 0x0F, 0xD1,
        0x00, 0x05, 0x00, 0x00, 0x00, 0x00, 0x00, 0x00, 0x00, 0x05, 0x00, 0x00,
        0x00, 0x00, 0x00, 0x00, 0x00, 0x05, 0x00, 0x00, 0x00, 0x00, 0x00, 0x00,
        0x00, 0x05, 0x00, 0x00, 0x00, 0x00, 0x00, 0x00, 0x00, 0x05, 0x00, 0x00,
        0x00, 0x00, 0x00, 0x00, 0x00, 0x05, 0x00, 0x00, 0x00, 0x00, 0x00, 0x00,
        0x00, 0x05, 0x00, 0x00, 0x00, 0x00, 0x00, 0x00, 0x41, 0x46, 0x90, 0x04,
        0x49, 0x90, 0x04, 0x49, 0x3D, 0x42, 0x00, 0x00, 0x00, 0x00, 0x00, 0x00,
        0x42, 0x47, 0x00, 0x00, 0x00, 0x00, 0x00, 0x00, 0x3D, 0x42, 0x00, 0x00,
        0x00, 0x00, 0x00, 0x00, 0x22, 0x42, 0x09, 0x90, 0x00, 0x09, 0x90, 0x00,
        0x3D, 0x22, 0x40, 0x0E, 0xE4, 0x40, 0x0E, 0xE4, 0x2E, 0x25, 0xA6, 0xF0,
        0x12, 0x29, 0x97, 0x77, 0x27, 0x31, 0x62, 0xA3, 0x31, 0xD0, 0x08, 0x8C,
        0x33, 0x2C, 0x1C, 0x60, 0x52, 0x37, 0x99, 0x9B, 0x36, 0x2D, 0x9C, 0x50,
        0x6E, 0x6D, 0x97, 0xB6, 0x01, 0x06, 0x36, 0x6A, 0x7B, 0xB6, 0x65, 0x1B,
        0xD4, 0x72, 0xE8, 0x03, 0xFA, 0xA0, 0x8F, 0xD5, 0x16, 0x03, 0x9D, 0xE0,
        0x4E, 0x77, 0x17, 0xB7, 0x7B, 0x58, 0xF5, 0xB3, 0xFA, 0x62, 0x8D, 0xB1,
        0x1C, 0x0F, 0x83, 0xD1, 0x19, 0xAE, 0x17, 0x7B, 0x79, 0x52, 0x0F, 0xF8,
        0x83, 0x3E, 0x56, 0x63, 0x2C, 0x1D, 0xA6, 0xF0, 0x4E, 0x2F, 0x17, 0x77,
        0x67, 0x53, 0xF4, 0xB3, 0xFA, 0x5A, 0x8D, 0xB1, 0x31, 0x29, 0x13, 0xD0,
        0x09, 0xEF, 0x96, 0x77, 0x57, 0x4C, 0xF5, 0xB3, 0xDA, 0x1A, 0x0D, 0x6D,
        0x00, 0x05, 0x00, 0x00, 0x00, 0x00, 0x00, 0x00, 0x00, 0x05, 0x00, 0x00,
        0x00, 0x00, 0x00, 0x00, 0x00, 0x05, 0x00, 0x00, 0x00, 0x00, 0x00, 0x00,
        0x00, 0x05, 0x00, 0x00, 0x00, 0x00, 0x00, 0x00, 0x00, 0x05, 0x00, 0x00,
        0x00, 0x00, 0x00, 0x00, 0xBD, 0x35, 0x50, 0x03, 0xF1, 0x10, 0x0D, 0xAD,
        0x00, 0x05, 0x00, 0x00, 0x00, 0x00, 0x00, 0x00, 0x3A, 0x00, 0x49, 0xD2,
        0x24, 0x4B, 0x02, 0x27, 0x00, 0x05, 0x00, 0x00, 0x00, 0x00, 0x00, 0x00,
        0x00, 0x05, 0x00, 0x00, 0x00, 0x00, 0x00, 0x00, 0x00, 0x05, 0x00, 0x00,
        0x00, 0x00, 0x00, 0x00, 0x00, 0x05, 0x00, 0x00, 0x00, 0x00, 0x00, 0x00,
        0x3F, 0x11, 0x50, 0x03, 0xF1, 0x10, 0x0D, 0xAD, 0x00, 0x05, 0x00, 0x00,
        0x00, 0x00, 0x00, 0x00, 0x06, 0x13, 0xB6, 0x0D, 0xDB, 0xB4, 0x1D, 0xD8,
        0x00, 0x05, 0x00, 0x00, 0x00, 0x00, 0x00, 0x00, 0x00, 0x05, 0x00, 0x00,
        0x00, 0x00, 0x00, 0x00, 0x00, 0x05, 0x00, 0x00, 0x00, 0x00, 0x00, 0x00,
        0x00, 0x05, 0x00, 0x00, 0x00, 0x00, 0x00, 0x00, 0x00, 0x05, 0x00, 0x00,
        0x00, 0x00, 0x00, 0x00, 0x41, 0x46, 0x90, 0x04, 0x49, 0x90, 0x04, 0x49,
        0x3D, 0x42, 0x00, 0x00, 0x00, 0x00, 0x00, 0x00, 0x42, 0x47, 0x00, 0x00,
        0x00, 0x00, 0x00, 0x00, 0x3D, 0x42, 0x00, 0x00, 0x00, 0x00, 0x00, 0x00,
        0x21, 0x42, 0x09, 0x90, 0x00, 0x09, 0x90, 0x00, 0x3D, 0x22, 0x40, 0x0E,
        0xE4, 0x40, 0x0E, 0x24, 0x2B, 0x24, 0x37, 0x91, 0x52, 0x79, 0x99, 0x97,
        0x2D, 0x25, 0xAE, 0xF0, 0x4E, 0x71, 0x15, 0x77, 0x30, 0x29, 0xE5, 0x60,
        0x52, 0x36, 0x19, 0x97, 0x32, 0x2B, 0xDE, 0x64, 0x6F, 0xB1, 0x97, 0xDB,
        0x01, 0x06, 0xB6, 0x61, 0xDB, 0xB6, 0x6D, 0xDB, 0xD6, 0x88, 0xA0, 0x03,
        0xFA, 0x58, 0x8F, 0xD5, 0x0C, 0x01, 0xA7, 0xF0, 0x0E, 0x7F, 0x97, 0x97,
        0x8B, 0x66, 0xEC, 0xB3, 0xFA, 0x62, 0x8F, 0xB5, 0x09, 0x18, 0x23, 0xA3,
        0x31, 0x12, 0x03, 0x31, 0x7B, 0x5F, 0x09, 0xF8, 0x83, 0x3D, 0xD6, 0x62,
        0x27, 0x1A, 0xE6, 0xE0, 0x0E, 0x2F, 0x17, 0x77, 0x6C, 0x5A, 0xEB, 0x23,
        0xFA, 0xA2, 0x8F, 0xD5, 0x2E, 0x25, 0xA5, 0x60, 0x52, 0x2E, 0x19, 0x97,
        0x5C, 0x53, 0x75, 0xC2, 0x3A, 0x68, 0x0D, 0xB4, 0x00, 0x05, 0x00, 0x00,
        0x00, 0x00, 0x00, 0x00, 0x00, 0x05, 0x00, 0x00, 0x00, 0x00, 0x00, 0x00,
        0x00, 0x05, 0x00, 0x00, 0x00, 0x00, 0x00, 0x00, 0x00, 0x05, 0x00, 0x00,
        0x00, 0x00, 0x00, 0x00, 0x00, 0x05, 0x00, 0x00, 0x00, 0x00, 0x00, 0x00,
        0xBD, 0x48, 0x50, 0x03, 0xF1, 0x10, 0x0D, 0xAD, 0x00, 0x05, 0x00, 0x00,
        0x00, 0x00, 0x00, 0x00, 0x49, 0x00, 0x4E, 0xC2, 0x24, 0x72, 0x82, 0x26,
        0x00, 0x05, 0x00, 0x00, 0x00, 0x00, 0x00, 0x00, 0x00, 0x05, 0x00, 0x00,
        0x00, 0x00, 0x00, 0x00, 0x00, 0x05, 0x00, 0x00, 0x00, 0x00, 0x00, 0x00,
        0x00, 0x05, 0x00, 0x00, 0x00, 0x00, 0x00, 0x00, 0x3F, 0x18, 0x50, 0x03,
        0xF1, 0x10, 0x0D, 0xAD, 0x00, 0x05, 0x00, 0x00, 0x00, 0x00, 0x00, 0x00,
        0x18, 0x00, 0x4E, 0xC2, 0x24, 0x72, 0x82, 0x26, 0x00, 0x05, 0x00, 0x00,
        0x00, 0x00, 0x00, 0x00, 0x00, 0x05, 0x00, 0x00, 0x00, 0x00, 0x00, 0x00,
        0x00, 0x05, 0x00, 0x00, 0x00, 0x00, 0x00, 0x00, 0x00, 0x05, 0x00, 0x00,
        0x00, 0x00, 0x00, 0x00, 0x00, 0x05, 0x00, 0x00, 0x00, 0x00, 0x00, 0x00,
        0x41, 0x46, 0x90, 0x04, 0x49, 0x90, 0x04, 0x49, 0x3D, 0x42, 0x00, 0x00,
        0x00, 0x00, 0x00, 0x00, 0x42, 0x47, 0x00, 0x00, 0x00, 0x00, 0x00, 0x00,
        0x3D, 0x42, 0x00, 0x00, 0x00, 0x00, 0x00, 0x00, 0x21, 0x42, 0x09, 0x90,
        0x00, 0x09, 0x90, 0x00, 0x3D, 0x22, 0x40, 0x0E, 0xE4, 0x40, 0x02, 0x24,
        0x24, 0x2A, 0x60, 0x03, 0xB1, 0x10, 0x0B, 0xB1, 0x2C, 0x25, 0xEF, 0x14,
        0x57, 0x71, 0x97, 0xBB, 0x2F, 0x28, 0xDD, 0xD0, 0x6E, 0x2F, 0x97, 0x76,
        0x2B, 0x30, 0x5B, 0x82, 0x2D, 0xD0, 0x06, 0x6C, 0x00, 0x05, 0x00, 0x00,
        0x00, 0x00, 0x00, 0x00, 0xD7, 0x8F, 0xA0, 0x03, 0x3A, 0x58, 0x8F, 0xF5,
        0x0B, 0x00, 0xEF, 0x70, 0x53, 0x7F, 0x97, 0x97, 0x90, 0x6B, 0xF4, 0xB3,
        0x3A, 0x62, 0x8D, 0xD5, 0x18, 0x08, 0x2E, 0x71, 0x13, 0x31, 0x91, 0x53,
        0x7B, 0x62, 0x0F, 0xE8, 0x63, 0x35, 0xC6, 0x62, 0x26, 0x1A, 0xE6, 0xF0,
        0x6E, 0x31, 0x17, 0x73, 0x6D, 0x5C, 0xAB, 0x23, 0x3A, 0x60, 0x8D, 0xD1,
        0x2C, 0x23, 0x95, 0x50, 0x4A, 0xEE, 0x94, 0x56, 0x53, 0x5D, 0x9B, 0x90,
        0x4D, 0xE9, 0x96, 0x70, 0x00, 0x05, 0x00, 0x00, 0x00, 0x00, 0x00, 0x00,
        0x00, 0x05, 0x00, 0x00, 0x00, 0x00, 0x00, 0x00, 0x00, 0x05, 0x00, 0x00,
        0x00, 0x00, 0x00, 0x00, 0x00, 0x05, 0x00, 0x00, 0x00, 0x00, 0x00, 0x00,
        0x00, 0x05, 0x00, 0x00, 0x00, 0x00, 0x00, 0x00, 0xBE, 0x72, 0x10, 0x03,
        0xF1, 0x10, 0x0D, 0xCD, 0x00, 0x05, 0x00, 0x00, 0x00, 0x00, 0x00, 0x00,
        0x6A, 0x00, 0x73, 0xA2, 0x3E, 0xA2, 0x83, 0xF5, 0x00, 0x05, 0x00, 0x00,
        0x00, 0x00, 0x00, 0x00, 0x00, 0x05, 0x00, 0x00, 0x00, 0x00, 0x00, 0x00,
        0x00, 0x05, 0x00, 0x00, 0x00, 0x00, 0x00, 0x00, 0x00, 0x05, 0x00, 0x00,
        0x00, 0x00, 0x00, 0x00, 0x3F, 0x26, 0x50, 0x03, 0xF1, 0x10, 0x0F, 0xCC,
        0x00, 0x05, 0x00, 0x00, 0x00, 0x00, 0x00, 0x00, 0x23, 0x00, 0x73, 0xA2,
        0x3E, 0xA2, 0x83, 0xF5, 0x00, 0x05, 0x00, 0x00, 0x00, 0x00, 0x00, 0x00,
        0x00, 0x05, 0x00, 0x00, 0x00, 0x00, 0x00, 0x00, 0x00, 0x05, 0x00, 0x00,
        0x00, 0x00, 0x00, 0x00, 0x00, 0x05, 0x00, 0x00, 0x00, 0x00, 0x00, 0x00,
        0x00, 0x05, 0x00, 0x00, 0x00, 0x00, 0x00, 0x00, 0x41, 0x46, 0x90, 0x04,
        0x49, 0x90, 0x04, 0x49, 0x3D, 0x42, 0x00, 0x00, 0x00, 0x00, 0x00, 0x00,
        0x42, 0x47, 0x00, 0x00, 0x00, 0x00, 0x00, 0x00, 0x3D, 0x42, 0x00, 0x00,
        0x00, 0x00, 0x00, 0x00, 0x22, 0x42, 0x09, 0x90, 0x00, 0x09, 0x90, 0x00,
        0x22, 0x3D, 0x09, 0x90, 0x00, 0x09, 0x90, 0x00, 0x23, 0x28, 0x5A, 0x83,
        0x91, 0xD0, 0x0A, 0xAD, 0x24, 0x29, 0x1A, 0x0B, 0xB1, 0x10, 0x0B, 0x91,
        0x27, 0x2D, 0x6A, 0xA3, 0xB5, 0x52, 0x0B, 0xAD, 0x28, 0x2D, 0x64, 0x22,
        0x32, 0x20, 0x0B, 0x91, 0x00, 0x05, 0x00, 0x00, 0x00, 0x00, 0x00, 0x00,
        0xD8, 0x9E, 0xA0, 0x83, 0x39, 0x58, 0x8F, 0xF5, 0x01, 0x06, 0x16, 0x63,
        0xAC, 0x86, 0x68, 0x6B, 0x9B, 0x76, 0xEB, 0xA3, 0xFA, 0x62, 0x8F, 0xD5,
        0x05, 0x16, 0x5A, 0x23, 0x35, 0x50, 0x03, 0x34, 0x7C, 0x6C, 0x0E, 0xCA,
        0xA3, 0x2B, 0x28, 0x82, 0x18, 0x23, 0x5A, 0xA3, 0xB1, 0x18, 0x0B, 0xAD,
        0x60, 0x6F, 0xE5, 0x50, 0x0E, 0xE1, 0x14, 0x72, 0x2A, 0x22, 0xDF, 0xF0,
        0x6E, 0xFF, 0x96, 0x77, 0x60, 0x57, 0xA3, 0x03, 0xF2, 0x10, 0x0B, 0x90,
        0x00, 0x05, 0x00, 0x00, 0x00, 0x00, 0x00, 0x00, 0x2F, 0xBA, 0xB6, 0x6D,
        0xDB, 0xB6, 0x8D, 0x26, 0x00, 0x05, 0x00, 0x00, 0x00, 0x00, 0x00, 0x00,
        0xBC, 0xC1, 0xB6, 0x6D, 0xDB, 0xB6, 0x0D, 0x69, 0x00, 0x05, 0x00, 0x00,
        0x00, 0x00, 0x00, 0x00, 0xBE, 0x7B, 0x10, 0x03, 0xF1, 0x10, 0x5F, 0x0F,
        0x00, 0x05, 0x00, 0x00, 0x00, 0x00, 0x00, 0x00, 0xBE, 0x00, 0xF5, 0x43,
        0x3F, 0xAC, 0x03, 0x00, 0x00, 0x05, 0x00, 0x00, 0x00, 0x00, 0x00, 0x00,
        0x00, 0x05, 0x00, 0x00, 0x00, 0x00, 0x00, 0x00, 0x00, 0x05, 0x00, 0x00,
        0x00, 0x00, 0x00, 0x00, 0x00, 0x05, 0x00, 0x00, 0x00, 0x00, 0x00, 0x00,
        0x0B, 0x3F, 0x49, 0x99, 0x94, 0x49, 0x09, 0xDB, 0x3B, 0xBA, 0xB6, 0x6D,
        0xDB, 0xB6, 0x8D, 0x26, 0x23, 0x00, 0xEA, 0x23, 0x3A, 0x58, 0x9F, 0x24,
        0xBC, 0xC1, 0xB6, 0x6D, 0xDB, 0xB6, 0x0D, 0x6D, 0x07, 0x0C, 0xB6, 0x6D,
        0xDB, 0xB6, 0x0D, 0xDB, 0x47, 0xBB, 0xB6, 0x6D, 0xDB, 0xB6, 0x8D, 0x26,
        0x00, 0x05, 0x00, 0x00, 0x00, 0x00, 0x00, 0x00, 0xBD, 0xC2, 0xB6, 0x6D,
        0xDB, 0xB6, 0x0D, 0x48, 0x41, 0x46, 0x90, 0x04, 0x49, 0x90, 0x04, 0x49,
        0x3D, 0x42, 0x00, 0x00, 0x00, 0x00, 0x00, 0x00, 0x42, 0x47, 0x00, 0x00,
        0x00, 0x00, 0x00, 0x00, 0x3D, 0x42, 0x00, 0x00, 0x00, 0x00, 0x00, 0x00,
        0x22, 0x42, 0x09, 0x90, 0x00, 0x09, 0x90, 0x00, 0x22, 0x3D, 0x09, 0x90,
        0x00, 0x09, 0x90, 0x00, 0x23, 0x28, 0x18, 0x09, 0xAD, 0xD0, 0x0A, 0x8D,
        0x24, 0x29, 0x10, 0x0B, 0xB1, 0x10, 0x09, 0x89, 0x27, 0x2C, 0x5A, 0x2B,
        0xB5, 0xD0, 0x0A, 0xA9, 0x28, 0x2D, 0x22, 0x03, 0xB2, 0x10, 0x29, 0x90,
        0x00, 0x05, 0x00, 0x00, 0x00, 0x00, 0x00, 0x00, 0xD8, 0xA1, 0xA0, 0x83,
        0x39, 0x58, 0x8F, 0xF5, 0x01, 0x06, 0xC6, 0x6A, 0x88, 0xB6, 0x66, 0x43,
        0x9E, 0x79, 0xAB, 0x23, 0xFA, 0x60, 0x8D, 0xD5, 0x15, 0x04, 0xB7, 0xF0,
        0x0B, 0xF9, 0x90, 0x0F, 0x7D, 0x6E, 0x8D, 0x4C, 0xA3, 0x23, 0x88, 0x81,
        0x21, 0x18, 0xA6, 0xF0, 0x0E, 0x29, 0x11, 0x13, 0x71, 0x61, 0xA3, 0x23,
        0xFA, 0x62, 0x8D, 0xD1, 0x27, 0x20, 0x1D, 0xD0, 0x02, 0xEE, 0x90, 0x16,
        0x58, 0x63, 0xDD, 0x50, 0x4E, 0xED, 0x96, 0x72, 0x00, 0x05, 0x00, 0x00,
        0x00, 0x00, 0x00, 0x00, 0xBA, 0x00, 0x16, 0x10, 0x0A, 0x09, 0x95, 0x98,
        0x00, 0x05, 0x00, 0x00, 0x00, 0x00, 0x00, 0x00, 0xBE, 0x8E, 0x00, 0x20,
        0x01, 0xDC, 0x14, 0x73, 0x00, 0x05, 0x00, 0x00, 0x00, 0x00, 0x00, 0x00,
        0xBA, 0x28, 0x9B, 0xD0, 0x0E, 0x4B, 0x27, 0xBF, 0x00, 0x05, 0x00, 0x00,
        0x00, 0x00, 0x00, 0x00, 0xBE, 0x8E, 0x00, 0x20, 0x01, 0xDC, 0x14, 0x73,
        0x00, 0x05, 0x00, 0x00, 0x00, 0x00, 0x00, 0x00, 0x00, 0x05, 0x00, 0x00,
        0x00, 0x00, 0x00, 0x00, 0x00, 0x05, 0x00, 0x00, 0x00, 0x00, 0x00, 0x00,
        0x00, 0x05, 0x00, 0x00, 0x00, 0x00, 0x00, 0x00, 0x0B, 0x36, 0xB0, 0x2D,
        0xDB, 0xB5, 0x1D, 0xD8, 0xBA, 0x00, 0x16, 0x10, 0x0A, 0xF9, 0x94, 0x74,
        0x00, 0x05, 0x00, 0x00, 0x00, 0x00, 0x00, 0x00, 0xBE, 0x96, 0x00, 0x20,
        0x01, 0xDC, 0x14, 0x73, 0x33, 0x00, 0x4F, 0xE2, 0x24, 0x4B, 0x82, 0x24,
        0xBB, 0x00, 0x15, 0xF0, 0x09, 0xF1, 0x94, 0x73, 0x00, 0x05, 0x00, 0x00,
        0x00, 0x00, 0x00, 0x00, 0xBE, 0x9E, 0x00, 0x20, 0x01, 0x9C, 0x14, 0x73,
        0x41, 0x46, 0x90, 0x04, 0x49, 0x90, 0x04, 0x49, 0x3D, 0x42, 0x00, 0x00,
        0x00, 0x00, 0x00, 0x00, 0x42, 0x47, 0x00, 0x00, 0x00, 0x00, 0x00, 0x00,
        0x3D, 0x42, 0x00, 0x00, 0x00, 0x00, 0x00, 0x00, 0x21, 0x42, 0x09, 0x90,
        0x00, 0x09, 0x90, 0x00, 0x22, 0x3D, 0x09, 0x90, 0x00, 0x09, 0x90, 0x00,
        0x23, 0x28, 0xD0, 0x08, 0x6D, 0x90, 0x06, 0x68, 0x23, 0x28, 0xDA, 0x0A,
        0xAD, 0xD0, 0x0A, 0x8D, 0x27, 0x2C, 0x90, 0x0A, 0x48, 0x80, 0x04, 0x48,
        0x27, 0x2C, 0x53, 0x0B, 0xAD, 0x90, 0x0A, 0x49, 0x00, 0x05, 0x00, 0x00,
        0x00, 0x00, 0x00, 0x00, 0xD9, 0xAC, 0x98, 0x83, 0x39, 0x58, 0x8F, 0xF5,
        0x01, 0x06, 0x36, 0x64, 0x43, 0xB6, 0x65, 0x1B, 0xA6, 0x83, 0xAB, 0x23,
        0xFA, 0x5A, 0x8F, 0xD5, 0x02, 0x15, 0x52, 0x03, 0x35, 0x50, 0x03, 0x34,
        0x85, 0x76, 0x7D, 0x33, 0x37, 0x62, 0x83, 0x35, 0x20, 0x18, 0xF1, 0x10,
        0x4F, 0x31, 0x17, 0x77, 0x65, 0x72, 0xE1, 0x10, 0x0E, 0xE1, 0x14, 0x6E,
        0x27, 0x20, 0x69, 0x11, 0x97, 0x79, 0x9B, 0xB4, 0x5C, 0x65, 0xDD, 0x90,
        0x0D, 0xE1, 0x96, 0x6C, 0x00, 0x05, 0x00, 0x00, 0x00, 0x00, 0x00, 0x00,
        0xB0, 0x00, 0xA1, 0x90, 0x50, 0x89, 0x99, 0xA4, 0x00, 0x05, 0x00, 0x00,
        0x00, 0x00, 0x00, 0x00, 0xBC, 0x71, 0x02, 0x30, 0x49, 0xE5, 0x14, 0x73,
        0x00, 0x05, 0x00, 0x00, 0x00, 0x00, 0x00, 0x00, 0xB0, 0x02, 0xA4, 0x20,
        0x53, 0xAA, 0x09, 0xA6, 0x00, 0x05, 0x00, 0x00, 0x00, 0x00, 0x00, 0x00,
        0xBC, 0x71, 0x02, 0x30, 0x49, 0xE5, 0x14, 0x73, 0x00, 0x05, 0x00, 0x00,
        0x00, 0x00, 0x00, 0x00, 0x00, 0x05, 0x00, 0x00, 0x00, 0x00, 0x00, 0x00,
        0x00, 0x05, 0x00, 0x00, 0x00, 0x00, 0x00, 0x00, 0x00, 0x05, 0x00, 0x00,
        0x00, 0x00, 0x00, 0x00, 0x3A, 0x00, 0x4D, 0xB2, 0x24, 0x78, 0x82, 0x26,
        0xB2, 0x00, 0xA1, 0x90, 0x4F, 0x49, 0x97, 0x9C, 0x00, 0x05, 0x00, 0x00,
        0x00, 0x00, 0x00, 0x00, 0xBC, 0x7E, 0x00, 0x30, 0x09, 0xE5, 0x14, 0x73,
        0x38, 0x00, 0x4E, 0xB2, 0x24, 0x4A, 0x82, 0x27, 0xB5, 0x00, 0x1F, 0x10,
        0x4F, 0x39, 0x97, 0x98, 0x00, 0x05, 0x00, 0x00, 0x00, 0x00, 0x00, 0x00,
        0xBD, 0x8B, 0x00, 0x30, 0x09, 0xE5, 0x14, 0x73, 0x16, 0x42, 0x49, 0x92,
        0x24, 0x49, 0x02, 0xDB, 0xD3, 0x3D, 0x49, 0x92, 0x24, 0x49, 0x32, 0x01,
        0x42, 0x47, 0x00, 0x00, 0x00, 0x00, 0x60, 0xDB, 0x3D, 0xD8, 0x00, 0x00,
        0x00, 0x00, 0x90, 0x24, 0x42, 0x00, 0x00, 0x09, 0x90, 0x00, 0x99, 0x3C,
        0xD9, 0x22, 0x7F, 0xF2, 0x27, 0x7F, 0x02, 0x4C, 0x23, 0x28, 0xD0, 0x06,
        0x69, 0x80, 0x66, 0xDB, 0x23, 0xD6, 0x00, 0x00, 0x00, 0x00, 0x90, 0x24,
        0x27, 0x2C, 0x80, 0x04, 0x48, 0x80, 0x64, 0xDB, 0x27, 0xD9, 0x00, 0x00,
        0x00, 0x00, 0x90, 0x24, 0x00, 0x05, 0x00, 0x00, 0x00, 0x00, 0x00, 0x00,
        0xDD, 0xAE, 0xA2, 0x23, 0x3A, 0xA2, 0x03, 0x00, 0x01, 0x06, 0x36, 0x64,
        0x5B, 0xB6, 0x61, 0xDB, 0xDD, 0x86, 0xFE, 0x63, 0x3F, 0xF5, 0x0F, 0x00,
        0x02, 0x15, 0x50, 0x03, 0x35, 0x40, 0x63, 0xC3, 0xDD, 0x76, 0x4F, 0xF2,
        0x27, 0x7F, 0x02, 0x4C, 0x18, 0x1E, 0x58, 0x82, 0x35, 0x18, 0x63, 0xDB,
        0xD9, 0x65, 0x4F, 0xF2, 0x24, 0x4F, 0x02, 0x00, 0x20, 0x25, 0x18, 0x0B,
        0x91, 0x00, 0x69, 0xDB, 0x5C, 0xDB, 0x00, 0x00, 0x00, 0x00, 0x90, 0x24,
        0x00, 0x05, 0x00, 0x00, 0x00, 0x00, 0x00, 0x00, 0x48, 0x00, 0x49, 0x90,
        0xA4, 0x49, 0x92, 0x24, 0x00, 0x05, 0x00, 0x00, 0x00, 0x00, 0x00, 0x00,
        0xA1, 0x19, 0x13, 0xD0, 0x49, 0xEF, 0x16, 0x73, 0x00, 0x05, 0x00, 0x00,
        0x00, 0x00, 0x00, 0x00, 0xBB, 0x01, 0x62, 0x8A, 0xFD, 0x50, 0x03, 0xF1,
        0x00, 0x05, 0x00, 0x00, 0x00, 0x00, 0x00, 0x00, 0xA1, 0x19, 0x13, 0xD0,
        0x49, 0xEF, 0x16, 0x73, 0x00, 0x05, 0x00, 0x00, 0x00, 0x00, 0x00, 0x00,
        0x00, 0x05, 0x00, 0x00, 0x00, 0x00, 0x00, 0x00, 0x00, 0x05, 0x00, 0x00,
        0x00, 0x00, 0x00, 0x00, 0x00, 0x05, 0x00, 0x00, 0x00, 0x00, 0x00, 0x00,
        0x04, 0x3D, 0x99, 0x1D, 0xC2, 0xA1, 0x9C, 0x0A, 0x07, 0x5C, 0xB6, 0x62,
        0x8B, 0x36, 0x64, 0x5B, 0x00, 0x05, 0x00, 0x00, 0x00, 0x00, 0x00, 0x00,
        0xA6, 0x34, 0x13, 0xD0, 0x49, 0xEF, 0x16, 0x73, 0x3D, 0x00, 0x7A, 0x82,
        0x26, 0x60, 0x82, 0x25, 0x6F, 0x00, 0x09, 0x91, 0x78, 0xC9, 0x99, 0xA4,
        0x00, 0x05, 0x00, 0x00, 0x00, 0x00, 0x00, 0x00, 0xAB, 0x50, 0x13, 0xD0,
        0x49, 0xEF, 0x16, 0x73, 0x2E, 0x00, 0x4D, 0xB2, 0x24, 0x7A, 0x02, 0x27,
        0xD3, 0x59, 0x14, 0x60, 0x4E, 0x29, 0x17, 0x97, 0x00, 0x05, 0x00, 0x00,
        0x00, 0x00, 0x00, 0x00, 0xD8, 0xAD, 0x00, 0xC0, 0x4D, 0x2E, 0x99, 0xBB,
        0x02, 0x15, 0xB6, 0x6C, 0xD3, 0x76, 0x6D, 0x07, 0xD9, 0x45, 0x00, 0x05,
        0x78, 0xD2, 0x2B, 0xC5, 0x00, 0x05, 0x00, 0x00, 0x00, 0x00, 0x00, 0x00,
        0xD6, 0x94, 0x02, 0xC0, 0x49, 0x2E, 0x17, 0x97, 0x00, 0x05, 0x00, 0x00,
        0x00, 0x00, 0x00, 0x00, 0xD9, 0xBC, 0x00, 0xC0, 0x4D, 0x6E, 0x99, 0xDB,
        0x00, 0x05, 0x00, 0x00, 0x00, 0x00, 0x00, 0x00, 0xDD, 0xE2, 0x00, 0x00,
        0x00, 0x00, 0x00, 0x00, 0x00, 0x05, 0x00, 0x00, 0x00, 0x00, 0x00, 0x00,
        0xDD, 0xE2, 0x00, 0x00, 0x00, 0x00, 0x00, 0x00, 0x01, 0x0A, 0xB6, 0x6C,
        0xD3, 0x76, 0x6C, 0x07, 0xDD, 0x91, 0x00, 0x05, 0x98, 0xC0, 0x0B, 0xC4,
        0x00, 0x05, 0x00, 0x00, 0x00, 0x00, 0x00, 0x00, 0xD9, 0xB8, 0x02, 0xC0,
        0x49, 0x2E, 0x17, 0x97, 0x00, 0x05, 0x00, 0x00, 0x00, 0x00, 0x00, 0x00,
        0xDB, 0xCC, 0x00, 0xC0, 0x4D, 0x6E, 0x99, 0xDB, 0x00, 0x05, 0x00, 0x00,
        0x00, 0x00, 0x00, 0x00, 0x21, 0x26, 0xB6, 0x61, 0xDB, 0xB6, 0x6D, 0xDB,
        0x00, 0x05, 0x00, 0x00, 0x00, 0x00, 0x00, 0x00, 0x93, 0x00, 0x9C, 0x50,
        0x4E, 0x2F, 0x17, 0x77, 0x00, 0x05, 0x00, 0x00, 0x00, 0x00, 0x00, 0x00,
        0xBC, 0x01, 0xD8, 0x0F, 0x35, 0x10, 0x0F, 0xD1, 0x00, 0x05, 0x00, 0x00,
        0x00, 0x00, 0x00, 0x00, 0x93, 0x00, 0x9C, 0x50, 0x4E, 0x2F, 0x17, 0x77,
        0x00, 0x05, 0x00, 0x00, 0x00, 0x00, 0x00, 0x00, 0x00, 0x05, 0x00, 0x00,
        0x00, 0x00, 0x00, 0x00, 0x00, 0x05, 0x00, 0x00, 0x00, 0x00, 0x00, 0x00,
        0x00, 0x05, 0x00, 0x00, 0x00, 0x00, 0x00, 0x00, 0x3E, 0x00, 0xE0, 0x83,
        0x3D, 0x98, 0x03, 0xF5, 0x3C, 0x00, 0x89, 0x91, 0x9C, 0x49, 0x9A, 0xC4,
        0x00, 0x05, 0x00, 0x00, 0x00, 0x00, 0x00, 0x00, 0x9A, 0x20, 0x9C, 0x50,
        0x4E, 0x2F, 0x17, 0x77, 0x3D, 0x00, 0x68, 0x02, 0x26, 0x58, 0x82, 0x3D,
        0x56, 0x00, 0x49, 0x91, 0x7C, 0x49, 0x98, 0xC4, 0x00, 0x05, 0x00, 0x00,
        0x00, 0x00, 0x00, 0x00, 0xA1, 0x3F, 0x9C, 0x50, 0x4E, 0x2F, 0x17, 0x77,
        0x31, 0x00, 0x4B, 0xA2, 0x27, 0x70, 0x02, 0x3F, 0xC2, 0x53, 0x9E, 0xF0,
        0x4E, 0x31, 0x17, 0x97, 0x00, 0x05, 0x00, 0x00, 0x00, 0x00, 0x00, 0x00,
        0xD0, 0xA2, 0x12, 0xC0, 0x4D, 0x2E, 0x99, 0xBB, 0x17, 0x00, 0x09, 0x93,
        0x28, 0x09, 0x9E, 0xE0, 0xD2, 0x3D, 0x80, 0x07, 0x9C, 0x52, 0x2A, 0xC5,
        0x00, 0x05, 0x00, 0x00, 0x00, 0x00, 0x00, 0x00, 0xCC, 0x85, 0x13, 0x50,
        0x4E, 0x2F, 0x17, 0x97, 0x00, 0x05, 0x00, 0x00, 0x00, 0x00, 0x00, 0x00,
        0xD3, 0xB4, 0x12, 0xC0, 0x6D, 0x6E, 0x99, 0xBB, 0x00, 0x05, 0x00, 0x00,
        0x00, 0x00, 0x00, 0x00, 0xDD, 0xE2, 0x00, 0x00, 0x00, 0x00, 0x00, 0x00,
        0x00, 0x05, 0x00, 0x00, 0x00, 0x00, 0x00, 0x00, 0xDD, 0xE2, 0x00, 0x00,
        0x00, 0x00, 0x00, 0x00, 0x0B, 0x00, 0x09, 0x93, 0x28, 0x09, 0x9E, 0xE0,
        0xDD, 0x8D, 0x80, 0x09, 0xBC, 0x40, 0x0A, 0xC4, 0x00, 0x05, 0x00, 0x00,
        0x00, 0x00, 0x00, 0x00, 0xD4, 0xB1, 0x13, 0x50, 0x4E, 0x2F, 0x17, 0x97,
        0x00, 0x05, 0x00, 0x00, 0x00, 0x00, 0x00, 0x00, 0xD8, 0xC8, 0x12, 0x40,
        0x6E, 0x2E, 0x99, 0xBB, 0x00, 0x05, 0x00, 0x00, 0x00, 0x00, 0x00, 0x00,
        0x00, 0x05, 0x00, 0x00, 0x00, 0x00, 0x00, 0x00, 0x00, 0x05, 0x00, 0x00,
        0x00, 0x00, 0x00, 0x00, 0x10, 0x60, 0x5E, 0x63, 0xAC, 0xB6, 0x68, 0x63,
        0x00, 0x05, 0x00, 0x00, 0x00, 0x00, 0x00, 0x00, 0xBD, 0x35, 0x50, 0x03,
        0xF1, 0x10, 0x0D, 0xAD, 0x00, 0x05, 0x00, 0x00, 0x00, 0x00, 0x00, 0x00,
        0x60, 0x00, 0xE9, 0xE0, 0x53, 0x8D, 0xC9, 0xBF, 0x00, 0x05, 0x00, 0x00,
        0x00, 0x00, 0x00, 0x00, 0x00, 0x05, 0x00, 0x00, 0x00, 0x00, 0x00, 0x00,
        0x00, 0x05, 0x00, 0x00, 0x00, 0x00, 0x00, 0x00, 0x00, 0x05, 0x00, 0x00,
        0x00, 0x00, 0x00, 0x00, 0x3E, 0x08, 0x90, 0x03, 0xF5, 0x10, 0x0F, 0xF1,
        0x02, 0x0E, 0xB6, 0x63, 0x7B, 0xB6, 0x61, 0xDB, 0x03, 0x09, 0xB6, 0x0D,
        0xDB, 0xB4, 0x1D, 0xD8, 0x70, 0x0C, 0xA7, 0xF0, 0x52, 0x79, 0x97, 0x9B,
        0x3E, 0x00, 0xD8, 0x03, 0x39, 0x50, 0x03, 0x31, 0x1C, 0x00, 0x49, 0x90,
        0x84, 0x49, 0x9E, 0x24, 0x00, 0x05, 0x00, 0x00, 0x00, 0x00, 0x00, 0x00,
        0x80, 0x18, 0x9D, 0x60, 0x4E, 0x2F, 0x17, 0x77, 0x35, 0x02, 0xF0, 0x83,
        0x3E, 0xE8, 0x83, 0xFA, 0x96, 0x4C, 0xEF, 0x90, 0x4E, 0x31, 0x17, 0x77,
        0x01, 0x06, 0xB6, 0x0D, 0xDB, 0xB2, 0x3D, 0xD9, 0xB8, 0x88, 0x9C, 0x60,
        0x4E, 0x2F, 0x17, 0x97, 0x1B, 0x00, 0x89, 0x9E, 0xC8, 0x09, 0x9C, 0xA0,
        0xBE, 0x33, 0xC0, 0x0B, 0xC4, 0x52, 0x2C, 0xE5, 0x01, 0x06, 0xB6, 0x0D,
        0xDB, 0xB2, 0x3D, 0xDB, 0xAD, 0x68, 0x9D, 0x60, 0x4E, 0x2F, 0x17, 0x77,
        0x00, 0x05, 0x00, 0x00, 0x00, 0x00, 0x00, 0x00, 0xC0, 0x9E, 0x93, 0x50,
        0x4E, 0x2E, 0x17, 0x97, 0x00, 0x05, 0x00, 0x00, 0x00, 0x00, 0x00, 0x00,
        0xDD, 0xE2, 0x00, 0x00, 0x00, 0x00, 0x00, 0x00, 0x00, 0x05, 0x00, 0x00,
        0x00, 0x00, 0x00, 0x00, 0xDD, 0xE2, 0x00, 0x00, 0x00, 0x00, 0x00, 0x00,
        0x0D, 0x00, 0x89, 0x9E, 0xC0, 0x09, 0x9C, 0xA0, 0xDD, 0x88, 0x40, 0x0C,
        0xC4, 0x40, 0x0E, 0xE4, 0x01, 0x06, 0xB6, 0x6D, 0xDB, 0xB0, 0x0D, 0xDB,
        0xC5, 0xA2, 0x9D, 0x60, 0x4E, 0x2F, 0x17, 0x77, 0x00, 0x05, 0x00, 0x00,
        0x00, 0x00, 0x00, 0x00, 0xCE, 0xBD, 0x93, 0x50, 0x4E, 0x2E, 0x17, 0x97,
        0x00, 0x05, 0x00, 0x00, 0x00, 0x00, 0x00, 0x00, 0x00, 0x05, 0x00, 0x00,
        0x00, 0x00, 0x00, 0x00, 0x00, 0x05, 0x00, 0x00, 0x00, 0x00, 0x00, 0x00,
        0x4F, 0x00, 0xF1, 0x90, 0x74, 0xC9, 0x99, 0xA4, 0x00, 0x05, 0x00, 0x00,
        0x00, 0x00, 0x00, 0x00, 0xBD, 0x48, 0x50, 0x03, 0xF1, 0x10, 0x0D, 0xAD,
        0x00, 0x05, 0x00, 0x00, 0x00, 0x00, 0x00, 0x00, 0x4F, 0x00, 0xF6, 0xC0,
        0x74, 0xF3, 0x89, 0xA6, 0x00, 0x05, 0x00, 0x00, 0x00, 0x00, 0x00, 0x00,
        0x00, 0x05, 0x00, 0x00, 0x00, 0x00, 0x00, 0x00, 0x00, 0x05, 0x00, 0x00,
        0x00, 0x00, 0x00, 0x00, 0x00, 0x05, 0x00, 0x00, 0x00, 0x00, 0x00, 0x00,
        0x3F, 0x0C, 0x50, 0x03, 0x35, 0x10, 0x0F, 0xD1, 0x02, 0x07, 0xB6, 0x63,
        0x1B, 0xB6, 0x6D, 0xDB, 0x0C, 0x00, 0x4E, 0xC2, 0x24, 0x73, 0x82, 0x26,
        0x61, 0x07, 0xEF, 0x70, 0x53, 0x79, 0x97, 0x9B, 0x3E, 0x00, 0x90, 0x03,
        0x35, 0x10, 0x03, 0xF1, 0x04, 0x0F, 0xB6, 0x63, 0x1B, 0xB6, 0x6D, 0xDB,
        0x00, 0x05, 0x00, 0x00, 0x00, 0x00, 0x00, 0x00, 0x74, 0x0E, 0xA6, 0xF0,
        0x4E, 0x2F, 0x17, 0x77, 0x36, 0x03, 0xE8, 0x83, 0x3E, 0xA8, 0x0F, 0xFA,
        0x8C, 0x4A, 0xEF, 0x90, 0x4E, 0x31, 0x17, 0x77, 0x01, 0x06, 0xB0, 0x2D,
        0xDB, 0x93, 0x5D, 0xC1, 0xAF, 0x82, 0x9D, 0x60, 0x4E, 0x2F, 0x17, 0x97,
        0x1B, 0x00, 0x89, 0x9C, 0xC0, 0x09, 0x9A, 0xA0, 0xB9, 0x30, 0x40, 0x2C,
        0xC4, 0x52, 0x2C, 0xE5, 0x01, 0x06, 0xB0, 0x2D, 0xDB, 0xB3, 0x4D, 0xD8,
        0xA5, 0x61, 0x9D, 0x60, 0x4E, 0x2F, 0x17, 0x77, 0x00, 0x05, 0x00, 0x00,
        0x00, 0x00, 0x00, 0x00, 0xBA, 0x97, 0x9C, 0x50, 0x4E, 0x2F, 0x17, 0x97,
        0x00, 0x05, 0x00, 0x00, 0x00, 0x00, 0x00, 0x00, 0xDD, 0xE2, 0x00, 0x00,
        0x00, 0x00, 0x00, 0x00, 0x00, 0x05, 0x00, 0x00, 0x00, 0x00, 0x00, 0x00,
        0xDD, 0xE2, 0x00, 0x00, 0x00, 0x00, 0x00, 0x00, 0x03, 0x0D, 0x76, 0x60,
        0x07, 0x76, 0x64, 0x47, 0xDD, 0x86, 0x40, 0x0C, 0xC4, 0x40, 0x0E, 0xE4,
        0x01, 0x06, 0xB6, 0x0D, 0xDB, 0xB0, 0x2D, 0xDB, 0xC1, 0x9F, 0x9D, 0x60,
        0x4E, 0x2F, 0x17, 0x77, 0x00, 0x05, 0x00, 0x00, 0x00, 0x00, 0x00, 0x00,
        0xCB, 0xBA, 0x9C, 0x50, 0x4E, 0x2F, 0x17, 0x97, 0x00, 0x05, 0x00, 0x00,
        0x00, 0x00, 0x00, 0x00, 0x00, 0x05, 0x00, 0x00, 0x00, 0x00, 0x00, 0x00,
        0x00, 0x05, 0x00, 0x00, 0x00, 0x00, 0x00, 0x00, 0x0E, 0x1D, 0xB6, 0x63,
        0x1B, 0xB6, 0x6D, 0xDB, 0x00, 0x05, 0x00, 0x00, 0x00, 0x00, 0x00, 0x00,
        0xBE, 0x72, 0x10, 0x03, 0xF1, 0x10, 0x0D, 0xCD, 0x00, 0x05, 0x00, 0x00,
        0x00, 0x00, 0x00, 0x00, 0x6A, 0x00, 0x73, 0xAC, 0xFE, 0xA2, 0x83, 0xF5,
        0x00, 0x05, 0x00, 0x00, 0x00, 0x00, 0x00, 0x00, 0x00, 0x05, 0x00, 0x00,
        0x00, 0x00, 0x00, 0x00, 0x00, 0x05, 0x00, 0x00, 0x00, 0x00, 0x00, 0x00,
        0x00, 0x05, 0x00, 0x00, 0x00, 0x00, 0x00, 0x00, 0x3F, 0x19, 0x10, 0x03,
        0xF1, 0x10, 0x0D, 0xCC, 0x00, 0x05, 0x00, 0x00, 0x00, 0x00, 0x00, 0x00,
        0x02, 0x15, 0x94, 0xCD, 0xC1, 0x9D, 0x1C, 0x0A, 0x38, 0x00, 0x37, 0x11,
        0x77, 0x79, 0x99, 0xBB, 0x3F, 0x0C, 0x50, 0x03, 0xF1, 0x10, 0x0D, 0xCD,
        0x00, 0x05, 0x00, 0x00, 0x00, 0x00, 0x00, 0x00, 0x07, 0x0C, 0xB6, 0x6D,
        0xDB, 0xB6, 0x0D, 0xDB, 0x53, 0x00, 0xEF, 0xF0, 0x52, 0x31, 0x97, 0x77,
        0x38, 0x09, 0xE8, 0x83, 0x3A, 0xA0, 0x0F, 0xFA, 0x77, 0x48, 0xE9, 0x10,
        0x4F, 0x31, 0x15, 0x77, 0x0A, 0x00, 0xF4, 0x33, 0xFB, 0xA2, 0x0D, 0xD6,
        0x9C, 0x74, 0xA6, 0xE0, 0x4E, 0x37, 0x17, 0x97, 0x1C, 0x00, 0x09, 0x9A,
        0xA0, 0x09, 0x9A, 0x80, 0xA7, 0x2D, 0x40, 0x2C, 0xC4, 0x52, 0x2E, 0xE5,
        0x01, 0x07, 0x84, 0x5D, 0xD9, 0x91, 0x1D, 0xC2, 0x8F, 0x53, 0xA6, 0xF0,
        0x4E, 0x31, 0x17, 0x77, 0x00, 0x05, 0x00, 0x00, 0x00, 0x00, 0x00, 0x00,
        0xAA, 0x87, 0x9D, 0x60, 0x4E, 0x2F, 0x17, 0x97, 0x00, 0x05, 0x00, 0x00,
        0x00, 0x00, 0x00, 0x00, 0xDD, 0xE2, 0x00, 0x00, 0x00, 0x00, 0x00, 0x00,
        0x00, 0x05, 0x00, 0x00, 0x00, 0x00, 0x00, 0x00, 0xDD, 0xE2, 0x00, 0x00,
        0x00, 0x00, 0x00, 0x00, 0x06, 0x0E, 0x76, 0x60, 0x07, 0x76, 0x64, 0x47,
        0xDD, 0x85, 0x40, 0x0E, 0xE4, 0x40, 0x0E, 0xE4, 0x01, 0x06, 0xB2, 0x2D,
        0xD8, 0x83, 0x3D, 0xD9, 0xB6, 0x98, 0xE6, 0xF0, 0x4E, 0x31, 0x17, 0x77,
        0x00, 0x05, 0x00, 0x00, 0x00, 0x00, 0x00, 0x00, 0xC3, 0xB2, 0x9D, 0x60,
        0x4E, 0x2F, 0x17, 0x97, 0x00, 0x05, 0x00, 0x00, 0x00, 0x00, 0x00, 0x00,
        0x00, 0x05, 0x00, 0x00, 0x00, 0x00, 0x00, 0x00, 0x00, 0x05, 0x00, 0x00,
        0x00, 0x00, 0x00, 0x00, 0x0E, 0x13, 0xB6, 0x61, 0xDB, 0xB6, 0x6D, 0xDB,
        0x00, 0x05, 0x00, 0x00, 0x00, 0x00, 0x00, 0x00, 0x7B, 0xBE, 0x29, 0x91,
        0x52, 0x09, 0x65, 0xDB, 0x00, 0x05, 0x00, 0x00, 0x00, 0x00, 0x00, 0x00,
        0x6A, 0x00, 0xEA, 0x2F, 0x3A, 0x58, 0x9F, 0x24, 0x00, 0x05, 0x00, 0x00,
        0x00, 0x00, 0x00, 0x00, 0x00, 0x05, 0x00, 0x00, 0x00, 0x00, 0x00, 0x00,
        0x00, 0x05, 0x00, 0x00, 0x00, 0x00, 0x00, 0x00, 0x00, 0x05, 0x00, 0x00,
        0x00, 0x00, 0x00, 0x00, 0x1D, 0x3F, 0x29, 0x91, 0x52, 0x09, 0x65, 0xDB,
        0x00, 0x05, 0x00, 0x00, 0x00, 0x00, 0x00, 0x00, 0x02, 0x15, 0x1C, 0xDC,
        0xC9, 0xA1, 0x60, 0xDB, 0x2B, 0x00, 0x31, 0x11, 0x73, 0x79, 0x99, 0x24,
        0x12, 0x3F, 0x29, 0x91, 0x52, 0x29, 0x65, 0xDB, 0x00, 0x05, 0x00, 0x00,
        0x00, 0x00, 0x00, 0x00, 0x07, 0x0C, 0xB6, 0x6D, 0xDB, 0xB0, 0x6D, 0xDB,
        0x49, 0x00, 0xEF, 0x10, 0x53, 0x79, 0x97, 0x24, 0x39, 0x0B, 0xE8, 0x03,
        0x3A, 0xA0, 0x0F, 0xFA, 0x73, 0x47, 0xE9, 0x10, 0x53, 0x31, 0x15, 0x73,
        0x0B, 0x01, 0xF4, 0xB3, 0xFA, 0xA0, 0x0F, 0xD6, 0x96, 0x72, 0xA6, 0xF0,
        0x4E, 0x31, 0x97, 0x97, 0x01, 0x1D, 0x76, 0x66, 0x67, 0x70, 0x08, 0x84,
        0xA1, 0x2C, 0x40, 0x2C, 0xE4, 0x42, 0x2E, 0xE5, 0x01, 0x09, 0x94, 0x5D,
        0xD9, 0x1D, 0x9C, 0xC9, 0x88, 0x50, 0xE7, 0xF0, 0x4E, 0x31, 0x15, 0x77,
        0x00, 0x05, 0x00, 0x00, 0x00, 0x00, 0x00, 0x00, 0xA5, 0x81, 0x9D, 0x60,
        0x4E, 0x2F, 0x17, 0x97, 0x00, 0x05, 0x00, 0x00, 0x00, 0x00, 0x00, 0x00,
        0xDD, 0xE2, 0x00, 0x00, 0x00, 0x00, 0x00, 0x00, 0x00, 0x05, 0x00, 0x00,
        0x00, 0x00, 0x00, 0x00, 0xDD, 0xE2, 0x00, 0x00, 0x00, 0x00, 0x00, 0x00,
        0x06, 0x0E, 0x76, 0x60, 0x47, 0x76, 0x64, 0x47, 0xDD, 0x84, 0x40, 0x0E,
        0xE4, 0x40, 0x0E, 0xE4, 0x01, 0x06, 0x82, 0x3D, 0xD8, 0x93, 0x4D, 0xC1,
        0xB2, 0x96, 0xE7, 0xF0, 0x4E, 0x31, 0x15, 0x77, 0x00, 0x05, 0x00, 0x00,
        0x00, 0x00, 0x00, 0x00, 0xC1, 0xAF, 0x9D, 0x60, 0x4E, 0x2F, 0x17, 0x97,
        0x00, 0x05, 0x00, 0x00, 0x00, 0x00, 0x00, 0x00, 0x00, 0x05, 0x00, 0x00,
        0x00, 0x00, 0x00, 0x00, 0x00, 0x05, 0x00, 0x00, 0x00, 0x00, 0x00, 0x00,
        0x00, 0x05, 0x00, 0x00, 0x00, 0x00, 0x00, 0x00, 0x00, 0x05, 0x00, 0x00,
        0x00, 0x00, 0x00, 0x00, 0x00, 0x05, 0x00, 0x00, 0x00, 0x00, 0x00, 0x00,
        0x00, 0x05, 0x00, 0x00, 0x00, 0x00, 0x00, 0x00, 0x00, 0x05, 0x00, 0x00,
        0x00, 0x00, 0x00, 0x00, 0x00, 0x05, 0x00, 0x00, 0x00, 0x00, 0x00, 0x00,
        0x00, 0x05, 0x00, 0x00, 0x00, 0x00, 0x00, 0x00, 0x00, 0x05, 0x00, 0x00,
        0x00, 0x00, 0x00, 0x00, 0x00, 0x05, 0x00, 0x00, 0x00, 0x00, 0x00, 0x00,
        0x00, 0x05, 0x00, 0x00, 0x00, 0x00, 0x00, 0x00, 0x00, 0x05, 0x00, 0x00,
        0x00, 0x00, 0x00, 0x00, 0x00, 0x05, 0x00, 0x00, 0x00, 0x00, 0x00, 0x00,
        0x00, 0x05, 0x00, 0x00, 0x00, 0x00, 0x00, 0x00, 0x00, 0x05, 0x00, 0x00,
        0x00, 0x00, 0x00, 0x00, 0x00, 0x05, 0x00, 0x00, 0x00, 0x00, 0x00, 0x00,
        0x00, 0x05, 0x00, 0x00, 0x00, 0x00, 0x00, 0x00, 0x00, 0x05, 0x00, 0x00,
        0x00, 0x00, 0x00, 0x00, 0x3A, 0x11, 0xE8, 0x03, 0x3A, 0xA0, 0x0F, 0xFA,
        0x68, 0x46, 0xE9, 0x10, 0x0F, 0x31, 0x15, 0x73, 0x0F, 0x03, 0xF3, 0x33,
        0xFA, 0xA0, 0x8F, 0xD5, 0x88, 0x69, 0xE6, 0xF0, 0x4E, 0x29, 0x17, 0x77,
        0x1E, 0x01, 0x09, 0x98, 0x80, 0x09, 0xF8, 0x80, 0x93, 0x2A, 0x40, 0x2E,
        0xE4, 0x42, 0x2E, 0xE5, 0x01, 0x0C, 0x15, 0xDC, 0x01, 0x9D, 0x10, 0x0A,
        0x77, 0x48, 0xEF, 0xF0, 0x4E, 0x31, 0x15, 0x73, 0x00, 0x05, 0x00, 0x00,
        0x00, 0x00, 0x00, 0x00, 0x97, 0x75, 0xA5, 0x60, 0x4E, 0x2F, 0x17, 0x77,
        0x00, 0x05, 0x00, 0x00, 0x00, 0x00, 0x00, 0x00, 0xDD, 0xE2, 0x00, 0x00,
        0x00, 0x00, 0x00, 0x00, 0x00, 0x05, 0x00, 0x00, 0x00, 0x00, 0x00, 0x00,
        0xDD, 0xE2, 0x00, 0x00, 0x00, 0x00, 0x00, 0x00, 0x08, 0x0F, 0x76, 0x60,
        0x07, 0x76, 0x64, 0x47, 0xDD, 0x83, 0x40, 0x0E, 0xE4, 0x40, 0x0E, 0xE4,
        0x01, 0x06, 0x14, 0x5C, 0xC1, 0x15, 0x9C, 0x09, 0xAA, 0x92, 0xE7, 0xF0,
        0x0E, 0x31, 0x15, 0x73, 0x00, 0x05, 0x00, 0x00, 0x00, 0x00, 0x00, 0x00,
        0xBA, 0xA9, 0xA5, 0xE0, 0x4E, 0x29, 0x17, 0x77, 0x00, 0x05, 0x00, 0x00,
        0x00, 0x00, 0x00, 0x00, 0x00, 0x05, 0x00, 0x00, 0x00, 0x00, 0x00, 0x00,
        0x00, 0x05, 0x00, 0x00, 0x00, 0x00, 0x00, 0x00, 0x00, 0x05, 0x00, 0x00,
        0x00, 0x00, 0x00, 0x00, 0x00, 0x05, 0x00, 0x00, 0x00, 0x00, 0x00, 0x00,
        0x00, 0x05, 0x00, 0x00, 0x00, 0x00, 0x00, 0x00, 0x00, 0x05, 0x00, 0x00,
        0x00, 0x00, 0x00, 0x00, 0x00, 0x05, 0x00, 0x00, 0x00, 0x00, 0x00, 0x00,
        0x00, 0x05, 0x00, 0x00, 0x00, 0x00, 0x00, 0x00, 0x00, 0x05, 0x00, 0x00,
        0x00, 0x00, 0x00, 0x00, 0x00, 0x05, 0x00, 0x00, 0x00, 0x00, 0x00, 0x00,
        0x00, 0x05, 0x00, 0x00, 0x00, 0x00, 0x00, 0x00, 0x00, 0x05, 0x00, 0x00,
        0x00, 0x00, 0x00, 0x00, 0x00, 0x05, 0x00, 0x00, 0x00, 0x00, 0x00, 0x00,
        0x00, 0x05, 0x00, 0x00, 0x00, 0x00, 0x00, 0x00, 0x00, 0x05, 0x00, 0x00,
        0x00, 0x00, 0x00, 0x00, 0x00, 0x05, 0x00, 0x00, 0x00, 0x00, 0x00, 0x00,
        0x00, 0x05, 0x00, 0x00, 0x00, 0x00, 0x00, 0x00, 0x00, 0x05, 0x00, 0x00,
        0x00, 0x00, 0x00, 0x00, 0x00, 0x05, 0x00, 0x00, 0x00, 0x00, 0x00, 0x00,
        0x3A, 0x12, 0xE0, 0x03, 0x3A, 0xA0, 0x0F, 0xFA, 0x66, 0x45, 0xE9, 0x10,
        0x53, 0x31, 0x15, 0x53, 0x10, 0x04, 0xEB, 0x23, 0xFA, 0xA0, 0x8F, 0xD5,
        0x84, 0x67, 0xA6, 0xF0, 0x4E, 0x31, 0x15, 0x77, 0x1E, 0x02, 0x09, 0x98,
        0x80, 0x09, 0xF8, 0x80, 0x90, 0x29, 0x40, 0x2E, 0xE4, 0x42, 0x2E, 0xE5,
        0x0C, 0x01, 0xEA, 0xA3, 0x3E, 0xA0, 0x0F, 0xFA, 0x73, 0x45, 0xEF, 0xF0,
        0x4E, 0x31, 0x15, 0x73, 0x01, 0x06, 0xB6, 0x6D, 0xDB, 0xB6, 0x0D, 0xDB,
        0x93, 0x71, 0xA5, 0xE0, 0x4E, 0x2F, 0x17, 0x77, 0x00, 0x05, 0x00, 0x00,
        0x00, 0x00, 0x00, 0x00, 0xDD, 0xE2, 0x00, 0x00, 0x00, 0x00, 0x00, 0x00,
        0x00, 0x05, 0x00, 0x00, 0x00, 0x00, 0x00, 0x00, 0xDD, 0xE2, 0x00, 0x00,
        0x00, 0x00, 0x00, 0x00, 0x08, 0x0F, 0x76, 0x60, 0x47, 0x76, 0x64, 0x47,
        0xDD, 0x83, 0x40, 0x0E, 0xE4, 0x40, 0x0E, 0xE4, 0x01, 0x06, 0x15, 0x5C,
        0xC1, 0x99, 0x90, 0x09, 0xA8, 0x91, 0xEF, 0xF0, 0x0E, 0x29, 0x15, 0x73,
        0x00, 0x05, 0x00, 0x00, 0x00, 0x00, 0x00, 0x00, 0xB8, 0xA7, 0xA5, 0xF0,
        0x4E, 0x2F, 0x17, 0x77, 0x00, 0x05, 0x00, 0x00, 0x00, 0x00, 0x00, 0x00,
        0x00, 0x05, 0x00, 0x00, 0x00, 0x00, 0x00, 0x00, 0x00, 0x05, 0x00, 0x00,
        0x00, 0x00, 0x00, 0x00, 0x00, 0x05, 0x00, 0x00, 0x00, 0x00, 0x00, 0x00,
        0x00, 0x05, 0x00, 0x00, 0x00, 0x00, 0x00, 0x00, 0x00, 0x05, 0x00, 0x00,
        0x00, 0x00, 0x00, 0x00, 0x00, 0x05, 0x00, 0x00, 0x00, 0x00, 0x00, 0x00,
        0x00, 0x05, 0x00, 0x00, 0x00, 0x00, 0x00, 0x00, 0x00, 0x05, 0x00, 0x00,
        0x00, 0x00, 0x00, 0x00, 0x00, 0x05, 0x00, 0x00, 0x00, 0x00, 0x00, 0x00,
        0x00, 0x05, 0x00, 0x00, 0x00, 0x00, 0x00, 0x00, 0x00, 0x05, 0x00, 0x00,
        0x00, 0x00, 0x00, 0x00, 0x00, 0x05, 0x00, 0x00, 0x00, 0x00, 0x00, 0x00,
        0x00, 0x05, 0x00, 0x00, 0x00, 0x00, 0x00, 0x00, 0x00, 0x05, 0x00, 0x00,
        0x00, 0x00, 0x00, 0x00, 0x00, 0x05, 0x00, 0x00, 0x00, 0x00, 0x00, 0x00,
        0x00, 0x05, 0x00, 0x00, 0x00, 0x00, 0x00, 0x00, 0x00, 0x05, 0x00, 0x00,
        0x00, 0x00, 0x00, 0x00, 0x00, 0x05, 0x00, 0x00, 0x00, 0x00, 0x00, 0x00,
        0x00, 0x05, 0x00, 0x00, 0x00, 0x00, 0x00, 0x00, 0x3B, 0x16, 0xA0, 0x03,
        0x3A, 0xA0, 0x0F, 0xFA, 0x44, 0x5F, 0x18, 0x83, 0x31, 0x18, 0x83, 0xB1,
        0x14, 0x07, 0xEB, 0xA3, 0x3A, 0xA0, 0x8F, 0xF5, 0x7B, 0x60, 0xE6, 0xF0,
        0x4E, 0x2F, 0x15, 0x73, 0x1E, 0x03, 0x0F, 0xF8, 0x80, 0x3F, 0xF6, 0x63,
        0x85, 0x28, 0x40, 0x0E, 0xE4, 0x42, 0x2E, 0xE4, 0x02, 0x0F, 0x9D, 0xD0,
        0x09, 0xA5, 0x14, 0x4A, 0x67, 0x41, 0xEF, 0xF0, 0x0E, 0x31, 0x15, 0x53,
        0x01, 0x06, 0xB0, 0x0D, 0xDB, 0xB2, 0x2D, 0xD8, 0x88, 0x68, 0xA6, 0xF0,
        0x4E, 0x37, 0x15, 0x77, 0x00, 0x05, 0x00, 0x00, 0x00, 0x00, 0x00, 0x00,
        0xDD, 0xE2, 0x00, 0x00, 0x00, 0x00, 0x00, 0x00, 0x00, 0x05, 0x00, 0x00,
        0x00, 0x00, 0x00, 0x00, 0xDD, 0xE2, 0x00, 0x00, 0x00, 0x00, 0x00, 0x00,
        0x09, 0x0F, 0x76, 0x60, 0x47, 0x76, 0x64, 0x67, 0xDD, 0x82, 0x40, 0x0E,
        0xE4, 0x40, 0x0E, 0xE4, 0x08, 0x01, 0xF3, 0x33, 0x3F, 0xEB, 0x2F, 0xFE,
        0xA2, 0x8F, 0xEF, 0x90, 0x4E, 0x31, 0x15, 0x53, 0x01, 0x06, 0xB6, 0x6D,
        0xDB, 0xB0, 0x0D, 0xDB, 0xB2, 0xA2, 0xA6, 0xF0, 0x4E, 0x2F, 0x15, 0x73,
        0x00, 0x05, 0x00, 0x00, 0x00, 0x00, 0x00, 0x00, 0x00, 0x05, 0x00, 0x00,
        0x00, 0x00, 0x00, 0x00, 0x00, 0x05, 0x00, 0x00, 0x00, 0x00, 0x00, 0x00,
        0x00, 0x05, 0x00, 0x00, 0x00, 0x00, 0x00, 0x00, 0x00, 0x05, 0x00, 0x00,
        0x00, 0x00, 0x00, 0x00, 0x00, 0x05, 0x00, 0x00, 0x00, 0x00, 0x00, 0x00,
        0x00, 0x05, 0x00, 0x00, 0x00, 0x00, 0x00, 0x00, 0x00, 0x05, 0x00, 0x00,
        0x00, 0x00, 0x00, 0x00, 0x00, 0x05, 0x00, 0x00, 0x00, 0x00, 0x00, 0x00,
        0x00, 0x05, 0x00, 0x00, 0x00, 0x00, 0x00, 0x00, 0x00, 0x05, 0x00, 0x00,
        0x00, 0x00, 0x00, 0x00, 0x00, 0x05, 0x00, 0x00, 0x00, 0x00, 0x00, 0x00,
        0x00, 0x05, 0x00, 0x00, 0x00, 0x00, 0x00, 0x00, 0x00, 0x05, 0x00, 0x00,
        0x00, 0x00, 0x00, 0x00, 0x00, 0x05, 0x00, 0x00, 0x00, 0x00, 0x00, 0x00,
        0x00, 0x05, 0x00, 0x00, 0x00, 0x00, 0x00, 0x00, 0x00, 0x05, 0x00, 0x00,
        0x00, 0x00, 0x00, 0x00, 0x00, 0x05, 0x00, 0x00, 0x00, 0x00, 0x00, 0x00,
        0x00, 0x05, 0x00, 0x00, 0x00, 0x00, 0x00, 0x00, 0x00, 0x05, 0x00, 0x00,
        0x00, 0x00, 0x00, 0x00, 0x3B, 0x18, 0xA0, 0x03, 0x3A, 0xA0, 0x33, 0xDB,
        0x5E, 0x22, 0x9C, 0xC0, 0x09, 0x9C, 0x90, 0x24, 0x22, 0x07, 0xF5, 0x53,
        0xFF, 0xF5, 0x0F, 0x00, 0x77, 0x22, 0x12, 0x30, 0x01, 0x93, 0x90, 0x24,
        0x22, 0x04, 0x89, 0x98, 0x88, 0x8F, 0x08, 0x00, 0x22, 0x83, 0x09, 0x94,
        0x40, 0x0D, 0x04, 0x00, 0x21, 0x02, 0xFE, 0x53, 0x3F, 0xF5, 0x03, 0x00,
        0x64, 0x22, 0x9C, 0xD0, 0x09, 0xE5, 0x90, 0x24, 0x01, 0x21, 0xB0, 0x0D,
        0xDB, 0x80, 0x9D, 0x24, 0x83, 0x22, 0x13, 0x30, 0x09, 0x93, 0x90, 0x24,
        0x0D, 0x18, 0xB6, 0x6D, 0xDB, 0xB6, 0x6D, 0x34, 0x22, 0xDD, 0x49, 0x92,
        0x24, 0x49, 0x22, 0x00, 0x1B, 0x20, 0xB6, 0x6D, 0xDB, 0xB6, 0x0D, 0x69,
        0x22, 0xDD, 0x49, 0x92, 0x24, 0x49, 0x02, 0x00, 0x0A, 0x1E, 0xB6, 0x60,
        0x0B, 0xB6, 0x90, 0x88, 0xDD, 0x22, 0x00, 0x09, 0x90, 0x00, 0x99, 0x3C,
        0x1F, 0x01, 0x4F, 0xF2, 0x27, 0x7F, 0x22, 0x00, 0xA0, 0x22, 0x12, 0x20,
        0x01, 0x12, 0x90, 0x24, 0x01, 0x20, 0xB6, 0x0D, 0xDB, 0xB0, 0x9D, 0x24,
        0xB0, 0x22, 0x02, 0x20, 0x00, 0x02, 0x90, 0x24, 0x00, 0x05, 0x00, 0x00,
        0x00, 0x00, 0x00, 0x00, 0x00, 0x05, 0x00, 0x00, 0x00, 0x00, 0x00, 0x00,
        0x00, 0x05, 0x00, 0x00, 0x00, 0x00, 0x00, 0x00, 0x00, 0x05, 0x00, 0x00,
        0x00, 0x00, 0x00, 0x00, 0x00, 0x05, 0x00, 0x00, 0x00, 0x00, 0x00, 0x00,
        0x00, 0x05, 0x00, 0x00, 0x00, 0x00, 0x00, 0x00, 0x00, 0x05, 0x00, 0x00,
        0x00, 0x00, 0x00, 0x00, 0x00, 0x05, 0x00, 0x00, 0x00, 0x00, 0x00, 0x00,
        0x00, 0x05, 0x00, 0x00, 0x00, 0x00, 0x00, 0x00, 0x00, 0x05, 0x00, 0x00,
        0x00, 0x00, 0x00, 0x00, 0x00, 0x05, 0x00, 0x00, 0x00, 0x00, 0x00, 0x00,
        0x00, 0x05, 0x00, 0x00, 0x00, 0x00, 0x00, 0x00, 0x00, 0x05, 0x00, 0x00,
        0x00, 0x00, 0x00, 0x00, 0x00, 0x05, 0x00, 0x00, 0x00, 0x00, 0x00, 0x00,
        0x00, 0x05, 0x00, 0x00, 0x00, 0x00, 0x00, 0x00, 0x00, 0x05, 0x00, 0x00,
        0x00, 0x00, 0x00, 0x00, 0x00, 0x05, 0x00, 0x00, 0x00, 0x00, 0x00, 0x00,
        0x00, 0x05, 0x00, 0x00, 0x00, 0x00, 0x00, 0x00, 0x00, 0x05, 0x00, 0x00,
        0x00, 0x00, 0x00, 0x00, 0x00, 0x05, 0x00, 0x00, 0x00, 0x00, 0x00, 0x00,
        0x39, 0x22, 0x4C, 0x22, 0x3F, 0xE8, 0x8F, 0xFA, 0x2E, 0x22, 0x4F, 0xE2,
        0x24, 0xF3, 0x8F, 0xFA, 0x21, 0x26, 0x12, 0x24, 0x49, 0xDB, 0x44, 0x6E,
        0x22, 0x27, 0x00, 0x00, 0x00, 0x00, 0x20, 0x01, 0x21, 0x26, 0x12, 0x20,
        0x01, 0x12, 0x30, 0x01, 0x22, 0x27, 0x00, 0x00, 0x00, 0x00, 0x00, 0x00,
        0x21, 0x26, 0x00, 0x00, 0x00, 0x00, 0x00, 0x00, 0x22, 0x27, 0x00, 0x00,
        0x00, 0x00, 0x00, 0x00, 0x21, 0x26, 0x00, 0x00, 0x00, 0x00, 0x00, 0x00,
        0x22, 0x27, 0x00, 0x00, 0x00, 0x00, 0x00, 0x00, 0x18, 0x00, 0xA1, 0x90,
        0x98, 0xC9, 0x9D, 0xE4, 0xC6, 0x22, 0x4F, 0x32, 0xFF, 0xA8, 0x0D, 0xD6,
        0x1D, 0x05, 0x00, 0x50, 0x6E, 0x76, 0x99, 0xDB, 0x4B, 0x22, 0x49, 0x62,
        0xFB, 0x63, 0x0B, 0x8D, 0x1E, 0x0F, 0x40, 0xC8, 0xE5, 0x77, 0x92, 0x24,
        0x74, 0x22, 0xC9, 0xF3, 0xCF, 0x3F, 0x6A, 0x83, 0x1F, 0x11, 0x13, 0xE0,
        0x92, 0xB9, 0x9B, 0xDC, 0x44, 0x22, 0x49, 0x52, 0xFB, 0x63, 0x8D, 0x91,
        0x20, 0x16, 0x00, 0x40, 0x6E, 0x76, 0x99, 0xDB, 0x30, 0x22, 0x49, 0x62,
        0xFF, 0x63, 0x0B, 0x8D, 0x00, 0x05, 0x00, 0x00, 0x00, 0x00, 0x00, 0x00,
        0x00, 0x05, 0x00, 0x00, 0x00, 0x00, 0x00, 0x00, 0x00, 0x05, 0x00, 0x00,
        0x00, 0x00, 0x00, 0x00, 0x00, 0x05, 0x00, 0x00, 0x00, 0x00, 0x00, 0x00,
        0x00, 0x05, 0x00, 0x00, 0x00, 0x00, 0x00, 0x00, 0x00, 0x05, 0x00, 0x00,
        0x00, 0x00, 0x00, 0x00, 0x00, 0x05, 0x00, 0x00, 0x00, 0x00, 0x00, 0x00,
        0x00, 0x05, 0x00, 0x00, 0x00, 0x00, 0x00, 0x00, 0x00, 0x05, 0x00, 0x00,
        0x00, 0x00, 0x00, 0x00, 0x00, 0x05, 0x00, 0x00, 0x00, 0x00, 0x00, 0x00,
        0x00, 0x05, 0x00, 0x00, 0x00, 0x00, 0x00, 0x00, 0x00, 0x05, 0x00, 0x00,
        0x00, 0x00, 0x00, 0x00, 0x00, 0x05, 0x00, 0x00, 0x00, 0x00, 0x00, 0x00,
        0x00, 0x05, 0x00, 0x00, 0x00, 0x00, 0x00, 0x00, 0x00, 0x05, 0x00, 0x00,
        0x00, 0x00, 0x00, 0x00, 0x00, 0x05, 0x00, 0x00, 0x00, 0x00, 0x00, 0x00,
        0x00, 0x05, 0x00, 0x00, 0x00, 0x00, 0x00, 0x00, 0x00, 0x05, 0x00, 0x00,
        0x00, 0x00, 0x00, 0x00, 0x00, 0x05, 0x00, 0x00, 0x00, 0x00, 0x00, 0x00,
        0x00, 0x05, 0x00, 0x00, 0x00, 0x00, 0x00, 0x00, 0x3A, 0x23, 0x7A, 0x02,
        0x3F, 0xA8, 0x0F, 0xFA, 0x22, 0x31, 0x02, 0x40, 0x01, 0x9D, 0x94, 0x49,
        0x22, 0x27, 0x00, 0x20, 0x09, 0x9B, 0x44, 0x6E, 0x22, 0x27, 0x00, 0x00,
        0x00, 0x12, 0x30, 0x49, 0x21, 0x26, 0x12, 0x20, 0x01, 0x13, 0xB0, 0x01,
        0x22, 0x27, 0x00, 0x00, 0x00, 0x00, 0x20, 0x00, 0x21, 0x26, 0x00, 0x00,
        0x00, 0x00, 0x00, 0x00, 0x22, 0x27, 0x00, 0x00, 0x00, 0x00, 0x00, 0x00,
        0x21, 0x26, 0x00, 0x00, 0x00, 0x00, 0x00, 0x00, 0x22, 0x27, 0x00, 0x00,
        0x00, 0x00, 0x00, 0x00, 0x01, 0x0D, 0x06, 0x63, 0x63, 0xB6, 0x65, 0x1B,
        0xCD, 0x35, 0x7B, 0xA2, 0xFE, 0xA0, 0x8F, 0xD5, 0x16, 0x03, 0x13, 0x50,
        0x6E, 0x77, 0x9B, 0xBB, 0x57, 0x2A, 0x4F, 0x52, 0xFB, 0x63, 0x0B, 0x8D,
        0x19, 0x0C, 0x80, 0x5B, 0xDA, 0xB6, 0x9D, 0xD8, 0x77, 0x28, 0xC9, 0xFC,
        0xAB, 0x3F, 0x68, 0x63, 0x1A, 0x10, 0x1C, 0xE0, 0x72, 0xB7, 0x99, 0xDB,
        0x4D, 0x27, 0x7E, 0x42, 0xFB, 0x63, 0x8D, 0xB1, 0x1D, 0x14, 0x02, 0x50,
        0x4E, 0x6E, 0x1B, 0xB7, 0x35, 0x25, 0x4F, 0x52, 0xFB, 0x23, 0x0B, 0x8D,
        0x00, 0x05, 0x00, 0x00, 0x00, 0x00, 0x00, 0x00, 0x00, 0x05, 0x00, 0x00,
        0x00, 0x00, 0x00, 0x00, 0x00, 0x05, 0x00, 0x00, 0x00, 0x00, 0x00, 0x00,
        0x00, 0x05, 0x00, 0x00, 0x00, 0x00, 0x00, 0x00, 0x00, 0x05, 0x00, 0x00,
        0x00, 0x00, 0x00, 0x00, 0x00, 0x05, 0x00, 0x00, 0x00, 0x00, 0x00, 0x00,
        0x00, 0x05, 0x00, 0x00, 0x00, 0x00, 0x00, 0x00, 0x00, 0x05, 0x00, 0x00,
        0x00, 0x00, 0x00, 0x00, 0x00, 0x05, 0x00, 0x00, 0x00, 0x00, 0x00, 0x00,
        0x00, 0x05, 0x00, 0x00, 0x00, 0x00, 0x00, 0x00, 0x00, 0x05, 0x00, 0x00,
        0x00, 0x00, 0x00, 0x00, 0x00, 0x05, 0x00, 0x00, 0x00, 0x00, 0x00, 0x00,
        0x00, 0x05, 0x00, 0x00, 0x00, 0x00, 0x00, 0x00, 0x00, 0x05, 0x00, 0x00,
        0x00, 0x00, 0x00, 0x00, 0x00, 0x05, 0x00, 0x00, 0x00, 0x00, 0x00, 0x00,
        0x00, 0x05, 0x00, 0x00, 0x00, 0x00, 0x00, 0x00, 0x00, 0x05, 0x00, 0x00,
        0x00, 0x00, 0x00, 0x00, 0x00, 0x05, 0x00, 0x00, 0x00, 0x00, 0x00, 0x00,
        0x00, 0x05, 0x00, 0x00, 0x00, 0x00, 0x00, 0x00, 0x00, 0x05, 0x00, 0x00,
        0x00, 0x00, 0x00, 0x00, 0x3C, 0x27, 0xEA, 0x83, 0xFE, 0xA0, 0x0F, 0xFA,
        0x35, 0x25, 0x73, 0xA2, 0x3E, 0xA0, 0x0F, 0xFA, 0x24, 0x29, 0x12, 0x40,
        0x09, 0xA4, 0x54, 0x4E, 0x23, 0x28, 0x02, 0x30, 0x09, 0x9C, 0xD4, 0x4D,
        0x21, 0x26, 0x1B, 0xC0, 0x01, 0x24, 0x50, 0x02, 0x22, 0x27, 0x02, 0x20,
        0x01, 0x13, 0xB0, 0x01, 0x21, 0x26, 0x00, 0x00, 0x00, 0x00, 0x00, 0x00,
        0x22, 0x27, 0x00, 0x00, 0x00, 0x00, 0x00, 0x00, 0x21, 0x26, 0x00, 0x00,
        0x00, 0x00, 0x00, 0x00, 0x22, 0x27, 0x00, 0x00, 0x00, 0x00, 0x00, 0x00,
        0x01, 0x06, 0xB6, 0x61, 0xDB, 0xB6, 0x6D, 0xDB, 0xD3, 0x64, 0xE8, 0x03,
        0xFA, 0x58, 0x8F, 0xD5, 0x0A, 0x00, 0xE6, 0xF0, 0x72, 0x71, 0x99, 0xBB,
        0x73, 0x43, 0xF5, 0xC3, 0xFA, 0x62, 0x8D, 0xB1, 0x10, 0x05, 0x1B, 0xD0,
        0x02, 0x3F, 0x90, 0x03, 0x7A, 0x3C, 0x09, 0xF8, 0x83, 0x3E, 0x56, 0x63,
        0x10, 0x15, 0xD0, 0x08, 0x89, 0x80, 0x06, 0x48, 0x5D, 0x38, 0xF4, 0xB3,
        0xFA, 0x62, 0x8D, 0xD5, 0x12, 0x17, 0x6B, 0xA2, 0xB1, 0xD2, 0x06, 0x69,
        0x40, 0x2F, 0x7D, 0xC2, 0xFA, 0x62, 0x0B, 0x8D, 0x0F, 0x3E, 0xB6, 0x6D,
        0xDB, 0xB6, 0x8D, 0x26, 0x00, 0x05, 0x00, 0x00, 0x00, 0x00, 0x00, 0x00,
        0x3E, 0x43, 0xB6, 0x6D, 0xDB, 0xB6, 0x0D, 0x49, 0x00, 0x05, 0x00, 0x00,
        0x00, 0x00, 0x00, 0x00, 0x0B, 0x3D, 0xB6, 0x6D, 0xDB, 0xB6, 0x0D, 0x26,
        0x3B, 0x40, 0xB6, 0x6D, 0xDB, 0xB6, 0x0D, 0xDB, 0x3E, 0x43, 0xB6, 0x6D,
        0xDB, 0xB6, 0x0D, 0x48, 0x00, 0x05, 0x00, 0x00, 0x00, 0x00, 0x00, 0x00,
        0x00, 0x05, 0x00, 0x00, 0x00, 0x00, 0x00, 0x00, 0x00, 0x05, 0x00, 0x00,
        0x00, 0x00, 0x00, 0x00, 0x00, 0x05, 0x00, 0x00, 0x00, 0x00, 0x00, 0x00,
        0x00, 0x05, 0x00, 0x00, 0x00, 0x00, 0x00, 0x00, 0x3E, 0x58, 0xB6, 0x6D,
        0xDB, 0xB6, 0x1D, 0x0E, 0x00, 0x05, 0x00, 0x00, 0x00, 0x00, 0x00, 0x00,
        0x3E, 0x43, 0xB6, 0x6D, 0xDB, 0xB6, 0x0D, 0x49, 0x00, 0x05, 0x00, 0x00,
        0x00, 0x00, 0x00, 0x00, 0x07, 0x3C, 0xB6, 0x6D, 0xDB, 0xB6, 0x0D, 0x26,
        0x47, 0x4C, 0xB6, 0x6D, 0xDB, 0xB6, 0x0D, 0xDB, 0x3D, 0x42, 0xB6, 0x6D,
        0xDB, 0xB6, 0x0D, 0x69, 0x00, 0x05, 0x00, 0x00, 0x00, 0x00, 0x00, 0x00,
        0x3C, 0x29, 0xE8, 0x83, 0x3A, 0xA0, 0x0F, 0xFA, 0x37, 0x26, 0xF3, 0xA3,
        0x3E, 0xAA, 0x0F, 0xF6, 0x24, 0x29, 0x94, 0x40, 0x4A, 0xE5, 0x94, 0x72,
        0x23, 0x28, 0x93, 0xC0, 0x49, 0xDD, 0xD4, 0x6E, 0x21, 0x26, 0x1C, 0x40,
        0x02, 0x25, 0xD0, 0x02, 0x22, 0x27, 0x12, 0x30, 0x01, 0x1B, 0xB0, 0x01,
        0x21, 0x26, 0x00, 0x00, 0x00, 0x00, 0x00, 0x00, 0x22, 0x27, 0x00, 0x00,
        0x00, 0x00, 0x00, 0x00, 0x21, 0x26, 0x00, 0x00, 0x00, 0x00, 0x00, 0x00,
        0x22, 0x27, 0x00, 0x00, 0x00, 0x00, 0x00, 0x00, 0x00, 0x05, 0x00, 0x00,
        0x00, 0x00, 0x00, 0x00, 0xD5, 0x70, 0xE0, 0x03, 0xFA, 0x58, 0x8F, 0xD5,
        0x01, 0x07, 0x60, 0x63, 0xB1, 0x86, 0x68, 0x43, 0x7C, 0x4A, 0xF5, 0xB3,
        0xFA, 0x62, 0x8D, 0xB1, 0x10, 0x04, 0x25, 0x60, 0x03, 0x3F, 0x90, 0x03,
        0x7B, 0x42, 0x09, 0xF8, 0x63, 0x3E, 0x56, 0x63, 0x10, 0x15, 0x90, 0x08,
        0x68, 0x80, 0x04, 0x40, 0x60, 0x3C, 0xEB, 0x23, 0xFA, 0x60, 0x8D, 0xD1,
        0x11, 0x16, 0x63, 0xB3, 0x91, 0xDA, 0x08, 0x6D, 0x44, 0x32, 0x75, 0xC2,
        0xFA, 0x62, 0x0D, 0xB1, 0x3E, 0x00, 0x16, 0x10, 0x0A, 0x09, 0x95, 0x98,
        0x00, 0x05, 0x00, 0x00, 0x00, 0x00, 0x00, 0x00, 0x3F, 0x2F, 0x00, 0x20,
        0x01, 0xDC, 0x14, 0x93, 0x00, 0x05, 0x00, 0x00, 0x00, 0x00, 0x00, 0x00,
        0x3D, 0x00, 0x1F, 0x10, 0x4F, 0x49, 0x97, 0xBC, 0xAF, 0x00, 0x4E, 0xC2,
        0x24, 0x7A, 0x02, 0x3E, 0x3F, 0x27, 0x00, 0x20, 0x01, 0xDC, 0x14, 0x93,
        0x00, 0x05, 0x00, 0x00, 0x00, 0x00, 0x00, 0x00, 0x00, 0x05, 0x00, 0x00,
        0x00, 0x00, 0x00, 0x00, 0x00, 0x05, 0x00, 0x00, 0x00, 0x00, 0x00, 0x00,
        0x00, 0x05, 0x00, 0x00, 0x00, 0x00, 0x00, 0x00, 0x00, 0x05, 0x00, 0x00,
        0x00, 0x00, 0x00, 0x00, 0x58, 0x16, 0xD0, 0x48, 0x8E, 0x4A, 0x2B, 0xC7,
        0x00, 0x05, 0x00, 0x00, 0x00, 0x00, 0x00, 0x00, 0x3F, 0x2F, 0x00, 0x20,
        0x01, 0xDC, 0x14, 0x93, 0x00, 0x05, 0x00, 0x00, 0x00, 0x00, 0x00, 0x00,
        0x3C, 0x00, 0x27, 0x90, 0x4F, 0xC9, 0x99, 0xE4, 0xB2, 0x00, 0x4D, 0xB2,
        0x24, 0x70, 0x02, 0x3E, 0x3F, 0x1F, 0x00, 0x20, 0x01, 0x9C, 0x14, 0x93,
        0x00, 0x05, 0x00, 0x00, 0x00, 0x00, 0x00, 0x00, 0x3D, 0x2B, 0xA0, 0x03,
        0xFA, 0xA0, 0x0F, 0xFA, 0x38, 0x29, 0xE8, 0x03, 0xFA, 0xA0, 0x8F, 0xF5,
        0x26, 0x2B, 0x9C, 0x90, 0x49, 0xE1, 0x94, 0x4C, 0x25, 0x2B, 0x1B, 0xC0,
        0x0D, 0xE5, 0x14, 0x6E, 0x21, 0x27, 0x2D, 0xD0, 0x02, 0x29, 0x90, 0x00,
        0x22, 0x27, 0x1B, 0xC0, 0x01, 0x24, 0x50, 0x02, 0x21, 0x26, 0x00, 0x00,
        0x00, 0x00, 0x00, 0x00, 0x22, 0x27, 0x00, 0x00, 0x00, 0x00, 0x00, 0x00,
        0x21, 0x26, 0x00, 0x00, 0x00, 0x00, 0x00, 0x00, 0x22, 0x27, 0x00, 0x00,
        0x00, 0x00, 0x00, 0x00, 0x00, 0x05, 0x00, 0x00, 0x00, 0x00, 0x00, 0x00,
        0xD6, 0x8B, 0xA0, 0x83, 0xF9, 0x58, 0x8F, 0xD5, 0x01, 0x06, 0x36, 0x64,
        0x1B, 0xB6, 0x61, 0xDB, 0x8F, 0x5E, 0xF4, 0xB3, 0xFA, 0x62, 0x8D, 0xD1,
        0x01, 0x10, 0x52, 0x02, 0x25, 0x40, 0x02, 0x24, 0x7C, 0x53, 0x0F, 0xE8,
        0x63, 0x35, 0xD6, 0x62, 0x10, 0x15, 0x00, 0x04, 0x40, 0x00, 0x00, 0x00,
        0x67, 0x48, 0xAB, 0x23, 0xFA, 0x58, 0x8D, 0xD1, 0x11, 0x16, 0xD0, 0x06,
        0x68, 0x80, 0x04, 0x40, 0x4C, 0x3A, 0xF4, 0x33, 0xFA, 0x62, 0x0D, 0xB1,
        0x3A, 0x00, 0xA1, 0x90, 0x50, 0x89, 0x99, 0xA4, 0x00, 0x05, 0x00, 0x00,
        0x00, 0x00, 0x00, 0x00, 0x3E, 0x25, 0x00, 0x30, 0x09, 0xE5, 0x14, 0x73,
        0x00, 0x05, 0x00, 0x00, 0x00, 0x00, 0x00, 0x00, 0x38, 0x00, 0xB1, 0x90,
        0x74, 0xC9, 0x9B, 0xE4, 0xB5, 0x00, 0x4C, 0xA2, 0x27, 0xE8, 0x83, 0x3D,
        0x3E, 0x18, 0x00, 0x30, 0x09, 0xE5, 0x14, 0x93, 0x00, 0x05, 0x00, 0x00,
        0x00, 0x00, 0x00, 0x00, 0x00, 0x05, 0x00, 0x00, 0x00, 0x00, 0x00, 0x00,
        0x00, 0x05, 0x00, 0x00, 0x00, 0x00, 0x00, 0x00, 0x00, 0x05, 0x00, 0x00,
        0x00, 0x00, 0x00, 0x00, 0x00, 0x05, 0x00, 0x00, 0x00, 0x00, 0x00, 0x00,
        0x16, 0x4C, 0x65, 0x19, 0x8C, 0x19, 0x94, 0x19, 0x00, 0x05, 0x00, 0x00,
        0x00, 0x00, 0x00, 0x00, 0x3E, 0x25, 0x00, 0x30, 0x09, 0xE5, 0x14, 0x73,
        0x00, 0x05, 0x00, 0x00, 0x00, 0x00, 0x00, 0x00, 0x05, 0x35, 0x46, 0x63,
        0x83, 0xB6, 0x65, 0xDB, 0xB7, 0x00, 0x4B, 0x22, 0x27, 0xE0, 0x83, 0xF9,
        0x3D, 0x0B, 0x00, 0x30, 0x09, 0xE5, 0x14, 0x73, 0x00, 0x05, 0x00, 0x00,
        0x00, 0x00, 0x00, 0x00, 0x2D, 0x3D, 0x99, 0x10, 0x0A, 0xA1, 0x10, 0x4E,
        0x39, 0x2B, 0xEA, 0x83, 0x3E, 0xA0, 0x03, 0xFA, 0x27, 0x2D, 0x15, 0xD0,
        0x09, 0xAD, 0x90, 0x4A, 0x25, 0x2B, 0xDC, 0x50, 0x4E, 0xE1, 0x16, 0x52,
        0x21, 0x27, 0x2D, 0x90, 0x02, 0x09, 0x90, 0x00, 0x22, 0x27, 0x1C, 0x40,
        0x02, 0x25, 0x10, 0x02, 0x21, 0x26, 0x00, 0x00, 0x00, 0x00, 0x00, 0x00,
        0x22, 0x27, 0x00, 0x00, 0x00, 0x00, 0x00, 0x00, 0x21, 0x26, 0x00, 0x00,
        0x00, 0x00, 0x00, 0x00, 0x22, 0x27, 0x00, 0x00, 0x00, 0x00, 0x00, 0x00,
        0x00, 0x05, 0x00, 0x00, 0x00, 0x00, 0x00, 0x00, 0xD7, 0x92, 0xA0, 0x03,
        0xFA, 0x58, 0x8F, 0xF5, 0x01, 0x06, 0xB6, 0x61, 0x1B, 0xB6, 0x6D, 0xDB,
        0x93, 0x64, 0xEB, 0x33, 0xFA, 0x62, 0x8D, 0xD1, 0x10, 0x00, 0x37, 0xF0,
        0x03, 0x39, 0x90, 0x00, 0x7C, 0x58, 0x0F, 0xE8, 0x63, 0x35, 0xC6, 0x62,
        0x10, 0x15, 0x00, 0x04, 0x00, 0x00, 0x00, 0x00, 0x69, 0x4C, 0xEA, 0x23,
        0xFA, 0x58, 0x8F, 0xD5, 0x10, 0x15, 0xD2, 0x28, 0x6D, 0x92, 0x06, 0x49,
        0x4F, 0x3D, 0xF4, 0xB3, 0xFA, 0x62, 0x0D, 0xB1, 0x0B, 0x18, 0xB6, 0x63,
        0x1B, 0xB6, 0x6D, 0xDB, 0x00, 0x05, 0x00, 0x00, 0x00, 0x00, 0x00, 0x00,
        0x35, 0x08, 0x13, 0xD0, 0x49, 0xEF, 0x16, 0x73, 0x00, 0x05, 0x00, 0x00,
        0x00, 0x00, 0x00, 0x00, 0x05, 0x0C, 0xB6, 0x63, 0x1B, 0xB6, 0x6D, 0xDB,
        0xBC, 0x07, 0xE0, 0x83, 0xF9, 0x50, 0x0F, 0xD1, 0x30, 0x04, 0x9D, 0xF0,
        0x4E, 0x77, 0x97, 0xBB, 0x02, 0x17, 0xB6, 0x0D, 0xDB, 0x84, 0x9D, 0xD9,
        0x00, 0x05, 0x00, 0x00, 0x00, 0x00, 0x00, 0x00, 0x00, 0x05, 0x00, 0x00,
        0x00, 0x00, 0x00, 0x00, 0x00, 0x05, 0x00, 0x00, 0x00, 0x00, 0x00, 0x00,
        0x00, 0x05, 0x00, 0x00, 0x00, 0x00, 0x00, 0x00, 0x48, 0x00, 0x58, 0x2C,
        0xFE, 0x9A, 0xA3, 0xF5, 0x00, 0x05, 0x00, 0x00, 0x00, 0x00, 0x00, 0x00,
        0x35, 0x08, 0x13, 0xD0, 0x49, 0xEF, 0x16, 0x73, 0x00, 0x05, 0x00, 0x00,
        0x00, 0x00, 0x00, 0x00, 0x00, 0x05, 0x00, 0x00, 0x00, 0x00, 0x00, 0x00,
        0xBC, 0x0F, 0x98, 0x03, 0xF5, 0x10, 0x0D, 0xAD, 0x2B, 0x00, 0xA6, 0x10,
        0x53, 0x89, 0x99, 0xC4, 0x01, 0x2E, 0xB6, 0x2D, 0xDB, 0x84, 0x9D, 0xC1,
        0x3D, 0x2F, 0xE8, 0x03, 0x3A, 0xA0, 0x03, 0x3A, 0x3A, 0x2D, 0xA8, 0x03,
        0x3A, 0xA0, 0x0F, 0xF6, 0x2F, 0x28, 0x6B, 0xB2, 0x3A, 0x63, 0xA3, 0xD5,
        0x2D, 0x26, 0xB3, 0x43, 0xDA, 0x9A, 0x8D, 0xD1, 0x21, 0x29, 0x2D, 0x90,
        0x02, 0x29, 0x90, 0x00, 0x29, 0x22, 0x6B, 0xB2, 0x25, 0x5C, 0xA2, 0x25,
        0x21, 0x26, 0x00, 0x00, 0x00, 0x00, 0x00, 0x00, 0x22, 0x27, 0x00, 0x00,
        0x00, 0x00, 0x00, 0x00, 0x21, 0x26, 0x00, 0x00, 0x00, 0x00, 0x00, 0x00,
        0x22, 0x27, 0x00, 0x00, 0x00, 0x00, 0x00, 0x00, 0x00, 0x05, 0x00, 0x00,
        0x00, 0x00, 0x00, 0x00, 0xD8, 0xA0, 0xA0, 0x83, 0xF9, 0x58, 0x8F, 0xF5,
        0x00, 0x05, 0x00, 0x00, 0x00, 0x00, 0x00, 0x00, 0x9F, 0x74, 0xEB, 0x23,
        0xFA, 0x58, 0x8F, 0xD1, 0x01, 0x10, 0x46, 0x62, 0x24, 0x76, 0x62, 0x27,
        0x7D, 0x66, 0x0E, 0x58, 0x83, 0x2B, 0x28, 0x62, 0x10, 0x15, 0x00, 0x00,
        0x00, 0x00, 0x00, 0x00, 0x6D, 0x54, 0xA2, 0x03, 0xFA, 0x58, 0x8F, 0xD5,
        0x10, 0x15, 0x90, 0x04, 0x49, 0x80, 0x04, 0x48, 0x56, 0x44, 0xEC, 0x33,
        0xFA, 0x62, 0x8D, 0xD1, 0x0B, 0x10, 0xB6, 0x61, 0xDB, 0xB6, 0x6D, 0xDB,
        0x00, 0x05, 0x00, 0x00, 0x00, 0x00, 0x00, 0x00, 0x31, 0x00, 0x9C, 0x60,
        0x4E, 0x2F, 0x17, 0x77, 0x00, 0x05, 0x00, 0x00, 0x00, 0x00, 0x00, 0x00,
        0x05, 0x0A, 0xB6, 0x61, 0xDB, 0xB6, 0x6D, 0xDB, 0xBC, 0x14, 0x98, 0x03,
        0x35, 0x10, 0x0F, 0xD1, 0x29, 0x00, 0xA6, 0x70, 0x53, 0x77, 0x99, 0xBB,
        0x20, 0x00, 0x4F, 0xD2, 0x24, 0x73, 0x02, 0x3A, 0x00, 0x05, 0x00, 0x00,
        0x00, 0x00, 0x00, 0x00, 0x00, 0x05, 0x00, 0x00, 0x00, 0x00, 0x00, 0x00,
        0x00, 0x05, 0x00, 0x00, 0x00, 0x00, 0x00, 0x00, 0x00, 0x05, 0x00, 0x00,
        0x00, 0x00, 0x00, 0x00, 0x42, 0x00, 0xD8, 0x8F, 0x35, 0x50, 0x0F, 0xD1,
        0x00, 0x05, 0x00, 0x00, 0x00, 0x00, 0x00, 0x00, 0x31, 0x00, 0x9C, 0x60,
        0x4E, 0x2F, 0x17, 0x77, 0x00, 0x05, 0x00, 0x00, 0x00, 0x00, 0x00, 0x00,
        0x00, 0x05, 0x00, 0x00, 0x00, 0x00, 0x00, 0x00, 0xBD, 0x29, 0x98, 0x03,
        0xF5, 0x10, 0x0D, 0xAD, 0x0C, 0x22, 0x06, 0x63, 0x83, 0xB6, 0x61, 0xDB,
        0x3F, 0x00, 0x4F, 0xD2, 0x24, 0x73, 0x02, 0x3A, 0x3D, 0x30, 0xA0, 0x03,
        0x3A, 0xA0, 0x03, 0xFA, 0x3A, 0x2D, 0xA0, 0x03, 0xFA, 0x60, 0x8F, 0xD5,
        0x2F, 0x28, 0xAB, 0x33, 0x36, 0x5A, 0x8D, 0xB5, 0x28, 0x2D, 0x1B, 0x50,
        0x02, 0xE1, 0x10, 0x12, 0x21, 0x29, 0x29, 0x90, 0x02, 0x09, 0x90, 0x00,
        0x29, 0x22, 0x5B, 0xC2, 0x25, 0x5A, 0xA2, 0x25, 0x21, 0x26, 0x00, 0x00,
        0x00, 0x00, 0x00, 0x00, 0x22, 0x27, 0x00, 0x00, 0x00, 0x00, 0x00, 0x00,
        0x21, 0x26, 0x00, 0x00, 0x00, 0x00, 0x00, 0x00, 0x22, 0x27, 0x00, 0x00,
        0x00, 0x00, 0x00, 0x00, 0x00, 0x05, 0x00, 0x00, 0x00, 0x00, 0x00, 0x00,
        0xD9, 0xA5, 0xA0, 0x03, 0x3A, 0x58, 0x8F, 0xF5, 0x00, 0x05, 0x00, 0x00,
        0x00, 0x00, 0x00, 0x00, 0xA2, 0x78, 0xEB, 0x23, 0xFA, 0x58, 0x8F, 0xD1,
        0x01, 0x10, 0x46, 0x62, 0x27, 0x76, 0x62, 0x27, 0x6B, 0x7D, 0x43, 0x46,
        0x85, 0x5D, 0x18, 0x86, 0x10, 0x15, 0x00, 0x00, 0x00, 0x00, 0x00, 0x00,
        0x6E, 0x57, 0xA2, 0x03, 0xF6, 0x58, 0x8F, 0xD5, 0x10, 0x15, 0x90, 0x04,
        0x48, 0x80, 0x04, 0x40, 0x58, 0x46, 0xEC, 0x23, 0xFA, 0x62, 0x8D, 0xD1,
        0x00, 0x05, 0x00, 0x00, 0x00, 0x00, 0x00, 0x00, 0x00, 0x05, 0x00, 0x00,
        0x00, 0x00, 0x00, 0x00, 0x05, 0x20, 0x5E, 0x63, 0xAC, 0xB6, 0x68, 0x63,
        0x00, 0x05, 0x00, 0x00, 0x00, 0x00, 0x00, 0x00, 0x00, 0x05, 0x00, 0x00,
        0x00, 0x00, 0x00, 0x00, 0xBD, 0x4C, 0x50, 0x03, 0xF1, 0x10, 0x0D, 0xAD,
        0x02, 0x10, 0x5E, 0x63, 0xAC, 0xB6, 0x68, 0x63, 0x50, 0x00, 0xF5, 0x43,
        0x3F, 0xAA, 0x0F, 0xFA, 0x00, 0x05, 0x00, 0x00, 0x00, 0x00, 0x00, 0x00,
        0x00, 0x05, 0x00, 0x00, 0x00, 0x00, 0x00, 0x00, 0x00, 0x05, 0x00, 0x00,
        0x00, 0x00, 0x00, 0x00, 0x00, 0x05, 0x00, 0x00, 0x00, 0x00, 0x00, 0x00,
        0x3F, 0x11, 0x50, 0x03, 0xF1, 0x10, 0x0D, 0xAD, 0x00, 0x05, 0x00, 0x00,
        0x00, 0x00, 0x00, 0x00, 0x05, 0x20, 0x5E, 0x03, 0xAC, 0xB3, 0x48, 0x60,
        0x00, 0x05, 0x00, 0x00, 0x00, 0x00, 0x00, 0x00, 0x00, 0x05, 0x00, 0x00,
        0x00, 0x00, 0x00, 0x00, 0xBE, 0x63, 0x50, 0x03, 0xF1, 0x10, 0x0D, 0xAD,
        0x00, 0x05, 0x00, 0x00, 0x00, 0x00, 0x00, 0x00, 0x66, 0x00, 0xF4, 0xB3,
        0xFA, 0x62, 0x8D, 0xD1, 0x3D, 0x31, 0xA0, 0x83, 0xF9, 0x58, 0x8F, 0xF5,
        0x3B, 0x30, 0xA0, 0x03, 0x3A, 0xA0, 0x03, 0x3A, 0x2B, 0x30, 0x1D, 0x90,
        0x09, 0xD9, 0x10, 0x0E, 0x2F, 0x28, 0x6B, 0x33, 0xD6, 0x5A, 0x8B, 0xB5,
        0x2B, 0x21, 0x5B, 0x82, 0x25, 0x58, 0x02, 0x25, 0x29, 0x22, 0x5A, 0x22,
        0x25, 0x52, 0x02, 0x25, 0x21, 0x26, 0x00, 0x00, 0x00, 0x00, 0x00, 0x00,
        0x22, 0x27, 0x00, 0x00, 0x00, 0x00, 0x00, 0x00, 0x21, 0x26, 0x00, 0x00,
        0x00, 0x00, 0x00, 0x00, 0x22, 0x27, 0x00, 0x00, 0x00, 0x00, 0x00, 0x00,
        0x00, 0x05, 0x00, 0x00, 0x00, 0x00, 0x00, 0x00, 0xD9, 0xAE, 0xA0, 0x83,
        0x39, 0x58, 0x8F, 0xF5, 0x00, 0x05, 0x00, 0x00, 0x00, 0x00, 0x00, 0x00,
        0xAA, 0x85, 0xAA, 0x23, 0xFA, 0x58, 0x8F, 0xD5, 0x10, 0x15, 0x36, 0x60,
        0x03, 0x36, 0x60, 0x03, 0x88, 0x75, 0x4D, 0x33, 0x37, 0x6A, 0x83, 0xF5,
        0x10, 0x15, 0x00, 0x00, 0x00, 0x00, 0x00, 0x00, 0x71, 0x5C, 0xA2, 0x23,
        0xFA, 0x58, 0x8F, 0xD5, 0x10, 0x15, 0x00, 0x04, 0x40, 0x00, 0x00, 0x00,
        0x4C, 0x5C, 0x9D, 0x50, 0x4E, 0xE1, 0x94, 0x72, 0x00, 0x05, 0x00, 0x00,
        0x00, 0x00, 0x00, 0x00, 0x00, 0x05, 0x00, 0x00, 0x00, 0x00, 0x00, 0x00,
        0x05, 0x1A, 0x06, 0x63, 0xAB, 0x36, 0x66, 0x5B, 0x00, 0x05, 0x00, 0x00,
        0x00, 0x00, 0x00, 0x00, 0x00, 0x05, 0x00, 0x00, 0x00, 0x00, 0x00, 0x00,
        0xBE, 0x5C, 0x50, 0x03, 0xF1, 0x10, 0x0D, 0xCD, 0x02, 0x0D, 0x06, 0x63,
        0xAB, 0x36, 0x66, 0x5B, 0x5C, 0x05, 0xF4, 0x33, 0x3F, 0xAA, 0x0F, 0xFA,
        0x00, 0x05, 0x00, 0x00, 0x00, 0x00, 0x00, 0x00, 0x00, 0x05, 0x00, 0x00,
        0x00, 0x00, 0x00, 0x00, 0x00, 0x05, 0x00, 0x00, 0x00, 0x00, 0x00, 0x00,
        0x00, 0x05, 0x00, 0x00, 0x00, 0x00, 0x00, 0x00, 0x3F, 0x18, 0x50, 0x03,
        0xF1, 0x10, 0x0D, 0xAD, 0x00, 0x05, 0x00, 0x00, 0x00, 0x00, 0x00, 0x00,
        0x1A, 0x00, 0xF6, 0xC0, 0x74, 0xF3, 0x89, 0xC6, 0x00, 0x05, 0x00, 0x00,
        0x00, 0x00, 0x00, 0x00, 0x00, 0x05, 0x00, 0x00, 0x00, 0x00, 0x00, 0x00,
        0xBE, 0x70, 0x50, 0x03, 0xF1, 0x10, 0x0D, 0xCD, 0x00, 0x05, 0x00, 0x00,
        0x00, 0x00, 0x00, 0x00, 0x70, 0x0B, 0xEB, 0x23, 0xFA, 0x62, 0x8D, 0xD1,
        0x3D, 0x13, 0x90, 0x06, 0x68, 0x90, 0xD6, 0x24, 0x7D, 0x30, 0x7F, 0xF2,
        0x27, 0x7F, 0x22, 0x00, 0x30, 0x12, 0x90, 0x04, 0x49, 0x80, 0x94, 0x24,
        0x2A, 0x7E, 0x00, 0x00, 0x00, 0x00, 0x90, 0x24, 0x2B, 0x10, 0x10, 0x09,
        0x91, 0x00, 0x99, 0x3C, 0x7F, 0x22, 0x49, 0x92, 0x24, 0x4F, 0x02, 0x4C,
        0x10, 0x21, 0x49, 0x92, 0x24, 0x49, 0x02, 0x00, 0x22, 0x7C, 0x00, 0x00,
        0x00, 0x00, 0x90, 0x24, 0x10, 0x21, 0x49, 0x92, 0x24, 0x49, 0x02, 0x00,
        0x22, 0x7D, 0x00, 0x00, 0x00, 0x00, 0x90, 0x24, 0x06, 0x0C, 0xB6, 0x6D,
        0xDB, 0xB6, 0x6D, 0x34, 0xD9, 0x7F, 0xD0, 0x08, 0x8D, 0xD0, 0xF8, 0x24,
        0x0D, 0x12, 0xB6, 0x6D, 0xDB, 0xB6, 0x0D, 0x49, 0xAA, 0x7F, 0x62, 0x8D,
        0xD5, 0x18, 0x9B, 0x24, 0x0F, 0x14, 0xB6, 0x64, 0x4B, 0xB6, 0x04, 0x48,
        0x76, 0x88, 0xD4, 0xD0, 0x0D, 0xE1, 0x40, 0x92, 0x10, 0x15, 0x00, 0x00,
        0x00, 0x00, 0x00, 0x00, 0x7F, 0x5E, 0xF4, 0xC3, 0x3A, 0xAC, 0x0F, 0x00,
        0x10, 0x15, 0x00, 0x04, 0x00, 0x00, 0x00, 0x00, 0x7F, 0x4E, 0x7E, 0xE2,
        0x3F, 0xFE, 0x03, 0x00, 0x00, 0x05, 0x00, 0x00, 0x00, 0x00, 0x00, 0x00,
        0x00, 0x05, 0x00, 0x00, 0x00, 0x00, 0x00, 0x00, 0x04, 0x09, 0xB6, 0x63,
        0x1B, 0xB6, 0x6D, 0xDB, 0x00, 0x05, 0x00, 0x00, 0x00, 0x00, 0x00, 0x00,
        0x00, 0x05, 0x00, 0x00, 0x00, 0x00, 0x00, 0x00, 0xBE, 0x7E, 0x10, 0x03,
        0xF1, 0x10, 0x0D, 0xCC, 0x02, 0x07, 0xB6, 0x67, 0x1B, 0xB6, 0x6D, 0xDB,
        0x78, 0x16, 0xEB, 0x23, 0x3A, 0xA2, 0x8F, 0xF5, 0x00, 0x05, 0x00, 0x00,
        0x00, 0x00, 0x00, 0x00, 0x00, 0x05, 0x00, 0x00, 0x00, 0x00, 0x00, 0x00,
        0x00, 0x05, 0x00, 0x00, 0x00, 0x00, 0x00, 0x00, 0x00, 0x05, 0x00, 0x00,
        0x00, 0x00, 0x00, 0x00, 0x3F, 0x26, 0x50, 0x03, 0xF1, 0x10, 0x0F, 0xCC,
        0x00, 0x05, 0x00, 0x00, 0x00, 0x00, 0x00, 0x00, 0x23, 0x00, 0x73, 0xAC,
        0xFE, 0xA2, 0x83, 0xF5, 0x00, 0x05, 0x00, 0x00, 0x00, 0x00, 0x00, 0x00,
        0x00, 0x05, 0x00, 0x00, 0x00, 0x00, 0x00, 0x00, 0xBE, 0x8B, 0x10, 0x03,
        0xF1, 0x10, 0x0D, 0xCC, 0x00, 0x05, 0x00, 0x00, 0x00, 0x00, 0x00, 0x00,
        0x86, 0x2C, 0xAB, 0x23, 0xFA, 0x58, 0x8D, 0xD1, 0x38, 0x13, 0x7C, 0x22,
        0xFF, 0xA8, 0x0D, 0xD6, 0x7D, 0x52, 0x02, 0x60, 0x4E, 0x2F, 0x17, 0x97,
        0x1B, 0x12, 0x49, 0xD2, 0xFA, 0x5B, 0x0B, 0x6C, 0x6E, 0x7E, 0x49, 0xC2,
        0xB6, 0x1A, 0x09, 0x69, 0x1B, 0x10, 0xBF, 0x63, 0x2F, 0x2D, 0xBE, 0xE2,
        0x7F, 0x33, 0x00, 0x05, 0x98, 0xD2, 0x2B, 0xC5, 0x10, 0x15, 0x00, 0x00,
        0x00, 0x00, 0x00, 0x00, 0x7C, 0x5B, 0x02, 0xC0, 0x49, 0x2E, 0x17, 0x97,
        0x10, 0x15, 0x00, 0x00, 0x00, 0x00, 0x00, 0x00, 0x7D, 0x6F, 0x00, 0xC0,
        0x6D, 0x6E, 0x99, 0xDF, 0x0C, 0x00, 0xA1, 0x90, 0x98, 0xC9, 0x9D, 0xE4,
        0xD1, 0x7F, 0x4F, 0x32, 0xFF, 0xA0, 0x0D, 0xD6, 0x0E, 0x02, 0x00, 0x40,
        0x6E, 0x76, 0x99, 0xDB, 0x94, 0x7F, 0x49, 0x62, 0xFB, 0x63, 0x0B, 0x8D,
        0x10, 0x07, 0x00, 0x40, 0x02, 0x2E, 0x90, 0x00, 0x8A, 0x7F, 0x49, 0x52,
        0x27, 0x5B, 0x02, 0x24, 0x10, 0x15, 0x00, 0x00, 0x00, 0x00, 0x00, 0x00,
        0x7F, 0x84, 0x00, 0x00, 0x00, 0x00, 0x00, 0x00, 0x10, 0x15, 0x00, 0x00,
        0x00, 0x00, 0x00, 0x00, 0x7F, 0x84, 0x00, 0x00, 0x00, 0x00, 0x00, 0x00,
        0x00, 0x05, 0x00, 0x00, 0x00, 0x00, 0x00, 0x00, 0x00, 0x05, 0x00, 0x00,
        0x00, 0x00, 0x00, 0x00, 0x04, 0x09, 0xB6, 0x61, 0xDB, 0xB6, 0x6D, 0xDB,
        0x00, 0x05, 0x00, 0x00, 0x00, 0x00, 0x00, 0x00, 0x07, 0x3C, 0xB6, 0x6D,
        0xDB, 0xB6, 0x0D, 0x26, 0x47, 0xBE, 0x49, 0x99, 0x94, 0x49, 0x09, 0xDB,
        0x02, 0x3F, 0xB6, 0x61, 0xDB, 0xB6, 0x9D, 0x24, 0x1B, 0x78, 0x9D, 0x10,
        0x0E, 0xE9, 0x64, 0xDB, 0x00, 0x05, 0x00, 0x00, 0x00, 0x00, 0x00, 0x00,
        0x00, 0x05, 0x00, 0x00, 0x00, 0x00, 0x00, 0x00, 0x00, 0x05, 0x00, 0x00,
        0x00, 0x00, 0x00, 0x00, 0x00, 0x05, 0x00, 0x00, 0x00, 0x00, 0x00, 0x00,
        0x3F, 0x00, 0x80, 0x06, 0x68, 0x80, 0xF6, 0x24, 0x47, 0xBB, 0xB6, 0x6D,
        0xDB, 0xB6, 0x8D, 0x26, 0x23, 0x00, 0xEA, 0x2F, 0x3A, 0x58, 0x9F, 0x24,
        0xBD, 0xC2, 0xB6, 0x6D, 0xDB, 0xB6, 0x0D, 0x48, 0x00, 0x05, 0x00, 0x00,
        0x00, 0x00, 0x00, 0x00, 0x92, 0xBE, 0x29, 0x91, 0x52, 0x09, 0x65, 0xDB,
        0x00, 0x05, 0x00, 0x00, 0x00, 0x00, 0x00, 0x00, 0x36, 0x86, 0xA5, 0x10,
        0x4E, 0xE9, 0x64, 0xDB, 0x39, 0x17, 0x72, 0xA2, 0xFA, 0xA0, 0x0D, 0xD6,
        0x76, 0x4F, 0x9D, 0x70, 0x4E, 0x2F, 0x17, 0x73, 0x1D, 0x13, 0xF6, 0x43,
        0xDA, 0x1A, 0x09, 0x8D, 0x7A, 0x6B, 0x02, 0xD0, 0x6D, 0x6F, 0x99, 0xBB,
        0x1C, 0x10, 0x36, 0xD3, 0xEA, 0x2C, 0xBE, 0xC1, 0x7B, 0x2F, 0x80, 0x07,
        0x9C, 0x40, 0x2A, 0xC5, 0x10, 0x15, 0x00, 0x00, 0x00, 0x00, 0x20, 0x00,
        0x77, 0x53, 0x13, 0xD0, 0x4D, 0x2E, 0x17, 0x97, 0x10, 0x15, 0x00, 0x00,
        0x00, 0x00, 0x00, 0x00, 0x7A, 0x6B, 0x02, 0xC0, 0x4D, 0x6E, 0x99, 0xBB,
        0x01, 0x06, 0x36, 0x63, 0x63, 0xB6, 0x61, 0xDB, 0xD5, 0x89, 0x7B, 0xA2,
        0xFA, 0xA0, 0x8D, 0xD5, 0x0B, 0x01, 0x13, 0x50, 0x72, 0x77, 0x99, 0xBB,
        0x9A, 0x83, 0x7F, 0xD2, 0xDA, 0x63, 0x0B, 0x8D, 0x06, 0x10, 0x64, 0xA2,
        0x25, 0x40, 0x02, 0x24, 0x8E, 0x7F, 0x7E, 0xC2, 0x26, 0x5B, 0x02, 0x25,
        0x10, 0x15, 0x00, 0x00, 0x00, 0x00, 0x00, 0x00, 0x7F, 0x84, 0x00, 0x00,
        0x00, 0x00, 0x00, 0x00, 0x10, 0x15, 0x00, 0x00, 0x00, 0x00, 0x00, 0x00,
        0x7F, 0x84, 0x00, 0x00, 0x00, 0x00, 0x00, 0x00, 0x00, 0x05, 0x00, 0x00,
        0x00, 0x00, 0x00, 0x00, 0x00, 0x05, 0x00, 0x00, 0x00, 0x00, 0x00, 0x00,
        0x00, 0x05, 0x00, 0x00, 0x00, 0x00, 0x00, 0x00, 0x00, 0x05, 0x00, 0x00,
        0x00, 0x00, 0x00, 0x00, 0x3C, 0x00, 0x27, 0x90, 0x4F, 0xC9, 0x99, 0xE4,
        0xB2, 0x00, 0x4D, 0xB2, 0x24, 0x70, 0x02, 0x3E, 0x3F, 0x1F, 0x00, 0x20,
        0x01, 0x9C, 0x14, 0x93, 0x00, 0x05, 0x00, 0x00, 0x00, 0x00, 0x00, 0x00,
        0x00, 0x05, 0x00, 0x00, 0x00, 0x00, 0x00, 0x00, 0x00, 0x05, 0x00, 0x00,
        0x00, 0x00, 0x00, 0x00, 0x00, 0x05, 0x00, 0x00, 0x00, 0x00, 0x00, 0x00,
        0x00, 0x05, 0x00, 0x00, 0x00, 0x00, 0x00, 0x00, 0x33, 0x00, 0x4F, 0xE2,
        0x24, 0x4B, 0x82, 0x24, 0xBB, 0x00, 0x15, 0xF0, 0x09, 0xF1, 0x94, 0x73,
        0x00, 0x05, 0x00, 0x00, 0x00, 0x00, 0x00, 0x00, 0xBE, 0x9E, 0x00, 0x20,
        0x01, 0x9C, 0x14, 0x73, 0x00, 0x05, 0x00, 0x00, 0x00, 0x00, 0x00, 0x00,
        0x00, 0x05, 0x00, 0x00, 0x00, 0x00, 0x00, 0x00, 0x00, 0x05, 0x00, 0x00,
        0x00, 0x00, 0x00, 0x00, 0x00, 0x05, 0x00, 0x00, 0x00, 0x00, 0x00, 0x00,
        0x3B, 0x20, 0xE8, 0x03, 0xFA, 0xA0, 0x0F, 0xD6, 0x68, 0x49, 0xA7, 0xF0,
        0x4E, 0x29, 0x97, 0x72, 0x23, 0x19, 0xF5, 0xB3, 0xFA, 0x62, 0x8D, 0xB1,
        0x64, 0x72, 0x64, 0xB3, 0xB1, 0xD8, 0x08, 0x6C, 0x1E, 0x13, 0xAD, 0xB2,
        0xE2, 0x1B, 0xAE, 0xC1, 0x73, 0x2A, 0x40, 0x0A, 0xC4, 0x42, 0x2C, 0xE5,
        0x10, 0x15, 0x02, 0x20, 0x00, 0x13, 0x30, 0x01, 0x67, 0x45, 0x9D, 0x60,
        0x4E, 0x2F, 0x17, 0x73, 0x10, 0x15, 0x00, 0x00, 0x00, 0x00, 0x00, 0x00,
        0x71, 0x60, 0x9B, 0x50, 0x4E, 0x2F, 0x97, 0xB7, 0x00, 0x05, 0x00, 0x00,
        0x00, 0x00, 0x00, 0x00, 0xD8, 0xA0, 0xE8, 0x03, 0xFA, 0x58, 0x8F, 0xD5,
        0x01, 0x06, 0xD0, 0x6A, 0x69, 0x86, 0x64, 0x43, 0xA8, 0x90, 0xF5, 0xC3,
        0xFA, 0x62, 0x8D, 0xB1, 0x10, 0x02, 0x36, 0xF0, 0x03, 0x09, 0x90, 0x00,
        0x97, 0x7F, 0x64, 0xB2, 0x25, 0x52, 0x02, 0x24, 0x10, 0x15, 0x00, 0x00,
        0x00, 0x00, 0x00, 0x00, 0x7F, 0x84, 0x00, 0x00, 0x00, 0x00, 0x00, 0x00,
        0x10, 0x15, 0x00, 0x00, 0x00, 0x00, 0x00, 0x00, 0x7F, 0x84, 0x00, 0x00,
        0x00, 0x00, 0x00, 0x00, 0x00, 0x05, 0x00, 0x00, 0x00, 0x00, 0x00, 0x00,
        0x00, 0x05, 0x00, 0x00, 0x00, 0x00, 0x00, 0x00, 0x00, 0x05, 0x00, 0x00,
        0x00, 0x00, 0x00, 0x00, 0x00, 0x05, 0x00, 0x00, 0x00, 0x00, 0x00, 0x00,
        0x05, 0x35, 0x46, 0x63, 0x83, 0xB6, 0x65, 0xDB, 0xB7, 0x00, 0x4B, 0x22,
        0x27, 0xE0, 0x83, 0xF9, 0x3D, 0x0B, 0x00, 0x30, 0x09, 0xE5, 0x14, 0x73,
        0x00, 0x05, 0x00, 0x00, 0x00, 0x00, 0x00, 0x00, 0x00, 0x05, 0x00, 0x00,
        0x00, 0x00, 0x00, 0x00, 0x00, 0x05, 0x00, 0x00, 0x00, 0x00, 0x00, 0x00,
        0x00, 0x05, 0x00, 0x00, 0x00, 0x00, 0x00, 0x00, 0x00, 0x05, 0x00, 0x00,
        0x00, 0x00, 0x00, 0x00, 0x38, 0x00, 0x4E, 0xB2, 0x24, 0x4A, 0x82, 0x27,
        0xB5, 0x00, 0x1F, 0x10, 0x4F, 0x39, 0x97, 0x98, 0x00, 0x05, 0x00, 0x00,
        0x00, 0x00, 0x00, 0x00, 0xBD, 0x8B, 0x00, 0x30, 0x09, 0xE5, 0x14, 0x73,
        0x00, 0x05, 0x00, 0x00, 0x00, 0x00, 0x00, 0x00, 0x00, 0x05, 0x00, 0x00,
        0x00, 0x00, 0x00, 0x00, 0x00, 0x05, 0x00, 0x00, 0x00, 0x00, 0x00, 0x00,
        0x00, 0x05, 0x00, 0x00, 0x00, 0x00, 0x00, 0x00, 0x3C, 0x22, 0xE8, 0x03,
        0xFA, 0xA0, 0x0F, 0xF6, 0x64, 0x48, 0xA7, 0xF0, 0x4E, 0x29, 0x15, 0x73,
        0x1A, 0x24, 0x94, 0xC0, 0x49, 0xE1, 0x94, 0x72, 0x6E, 0x60, 0x1C, 0x60,
        0x0E, 0x36, 0x19, 0x97, 0x14, 0x1E, 0x5C, 0x40, 0x06, 0x65, 0x94, 0x46,
        0x72, 0x29, 0x40, 0x0C, 0xC4, 0x40, 0x2C, 0xE4, 0x10, 0x15, 0x02, 0x30,
        0x01, 0x13, 0x40, 0x09, 0x63, 0x41, 0x9D, 0x60, 0x4E, 0x2F, 0x15, 0x73,
        0x10, 0x15, 0x00, 0x00, 0x00, 0x00, 0x00, 0x00, 0x6E, 0x5C, 0x94, 0x50,
        0x4E, 0x2E, 0x17, 0x97, 0x00, 0x05, 0x00, 0x00, 0x00, 0x00, 0x00, 0x00,
        0xD9, 0xA6, 0xA0, 0x03, 0xFA, 0x58, 0x8F, 0xD5, 0x01, 0x06, 0x96, 0x66,
        0x48, 0x36, 0x64, 0x1B, 0xAC, 0x93, 0xF5, 0xB3, 0xFA, 0x62, 0x8D, 0xB1,
        0x02, 0x10, 0x52, 0x02, 0x24, 0x40, 0x02, 0x24, 0x9A, 0x7F, 0x63, 0xB2,
        0x25, 0x52, 0x02, 0x24, 0x10, 0x15, 0x00, 0x00, 0x00, 0x00, 0x00, 0x00,
        0x7F, 0x84, 0x00, 0x00, 0x00, 0x00, 0x00, 0x00, 0x10, 0x15, 0x00, 0x00,
        0x00, 0x00, 0x00, 0x00, 0x7F, 0x84, 0x00, 0x00, 0x00, 0x00, 0x00, 0x00,
        0x00, 0x05, 0x00, 0x00, 0x00, 0x00, 0x00, 0x00, 0x00, 0x05, 0x00, 0x00,
        0x00, 0x00, 0x00, 0x00, 0x00, 0x05, 0x00, 0x00, 0x00, 0x00, 0x00, 0x00,
        0x00, 0x05, 0x00, 0x00, 0x00, 0x00, 0x00, 0x00, 0x00, 0x05, 0x00, 0x00,
        0x00, 0x00, 0x00, 0x00, 0xBC, 0x0F, 0x98, 0x03, 0xF5, 0x10, 0x0D, 0xAD,
        0x2B, 0x00, 0xA6, 0x10, 0x53, 0x89, 0x99, 0xC4, 0x01, 0x2E, 0xB6, 0x2D,
        0xDB, 0x84, 0x9D, 0xC1, 0x00, 0x05, 0x00, 0x00, 0x00, 0x00, 0x00, 0x00,
        0x00, 0x05, 0x00, 0x00, 0x00, 0x00, 0x00, 0x00, 0x00, 0x05, 0x00, 0x00,
        0x00, 0x00, 0x00, 0x00, 0x00, 0x05, 0x00, 0x00, 0x00, 0x00, 0x00, 0x00,
        0x3D, 0x00, 0x7A, 0x82, 0x26, 0x60, 0x82, 0x25, 0x6F, 0x00, 0x09, 0x91,
        0x78, 0xC9, 0x99, 0xA4, 0x00, 0x05, 0x00, 0x00, 0x00, 0x00, 0x00, 0x00,
        0xAB, 0x50, 0x13, 0xD0, 0x49, 0xEF, 0x16, 0x73, 0x00, 0x05, 0x00, 0x00,
        0x00, 0x00, 0x00, 0x00, 0x00, 0x05, 0x00, 0x00, 0x00, 0x00, 0x00, 0x00,
        0x00, 0x05, 0x00, 0x00, 0x00, 0x00, 0x00, 0x00, 0x00, 0x05, 0x00, 0x00,
        0x00, 0x00, 0x00, 0x00, 0x3D, 0x27, 0xA0, 0x03, 0xFA, 0xA0, 0x8F, 0xF5,
        0x5D, 0x47, 0xA9, 0x90, 0x0E, 0xE9, 0x14, 0x53, 0x27, 0x1E, 0xAB, 0x03,
        0xDA, 0x20, 0x0D, 0xB1, 0x69, 0x5C, 0xDE, 0xE0, 0x4E, 0x37, 0x17, 0x77,
        0x20, 0x17, 0xA3, 0xB2, 0x21, 0x18, 0x0E, 0xE0, 0x6D, 0x27, 0x40, 0x0E,
        0xE4, 0x40, 0x2E, 0xE4, 0x10, 0x15, 0x94, 0xC0, 0x09, 0x9D, 0x54, 0x4A,
        0x58, 0x3A, 0xA6, 0xF0, 0x4E, 0x31, 0x17, 0x73, 0x10, 0x15, 0x00, 0x00,
        0x00, 0x00, 0x00, 0x00, 0x65, 0x54, 0x9D, 0x60, 0x4E, 0x2F, 0x17, 0x97,
        0x00, 0x05, 0x00, 0x00, 0x00, 0x00, 0x00, 0x00, 0xD9, 0xB4, 0xA0, 0x83,
        0xF5, 0x58, 0x8F, 0xD5, 0x01, 0x06, 0xB6, 0x61, 0xDB, 0xB6, 0x6D, 0xDB,
        0xB6, 0x9D, 0xEC, 0xB3, 0xFA, 0x5A, 0x8D, 0xB1, 0x01, 0x10, 0x40, 0x02,
        0x24, 0x40, 0x62, 0x24, 0xA2, 0x7F, 0x5B, 0xA2, 0x25, 0x50, 0x02, 0x25,
        0x10, 0x15, 0x00, 0x00, 0x00, 0x00, 0x00, 0x00, 0x7F, 0x84, 0x00, 0x00,
        0x00, 0x00, 0x00, 0x00, 0x10, 0x15, 0x00, 0x00, 0x00, 0x00, 0x00, 0x00,
        0x7F, 0x84, 0x00, 0x00, 0x00, 0x00, 0x00, 0x00, 0x00, 0x05, 0x00, 0x00,
        0x00, 0x00, 0x00, 0x00, 0x00, 0x05, 0x00, 0x00, 0x00, 0x00, 0x00, 0x00,
        0x00, 0x05, 0x00, 0x00, 0x00, 0x00, 0x00, 0x00, 0x00, 0x05, 0x00, 0x00,
        0x00, 0x00, 0x00, 0x00, 0x00, 0x05, 0x00, 0x00, 0x00, 0x00, 0x00, 0x00,
        0xBD, 0x29, 0x98, 0x03, 0xF5, 0x10, 0x0D, 0xAD, 0x0C, 0x22, 0x06, 0x63,
        0x83, 0xB6, 0x61, 0xDB, 0x3F, 0x00, 0x4F, 0xD2, 0x24, 0x73, 0x02, 0x3A,
        0x00, 0x05, 0x00, 0x00, 0x00, 0x00, 0x00, 0x00, 0x00, 0x05, 0x00, 0x00,
        0x00, 0x00, 0x00, 0x00, 0x00, 0x05, 0x00, 0x00, 0x00, 0x00, 0x00, 0x00,
        0x00, 0x05, 0x00, 0x00, 0x00, 0x00, 0x00, 0x00, 0x3D, 0x00, 0x68, 0x02,
        0x26, 0x58, 0x82, 0x3D, 0x56, 0x00, 0x49, 0x91, 0x7C, 0x49, 0x98, 0xC4,
        0x00, 0x05, 0x00, 0x00, 0x00, 0x00, 0x00, 0x00, 0xA1, 0x3F, 0x9C, 0x50,
        0x4E, 0x2F, 0x17, 0x77, 0x00, 0x05, 0x00, 0x00, 0x00, 0x00, 0x00, 0x00,
        0x00, 0x05, 0x00, 0x00, 0x00, 0x00, 0x00, 0x00, 0x00, 0x05, 0x00, 0x00,
        0x00, 0x00, 0x00, 0x00, 0x00, 0x05, 0x00, 0x00, 0x00, 0x00, 0x00, 0x00,
        0x3D, 0x29, 0xA0, 0x03, 0x3A, 0xA0, 0x0F, 0xF6, 0x5C, 0x46, 0xAF, 0x90,
        0x0E, 0x29, 0x15, 0x53, 0x29, 0x20, 0x6B, 0xA2, 0x36, 0x62, 0x0F, 0xB5,
        0x67, 0x5C, 0xA5, 0xF0, 0x4E, 0x69, 0x95, 0x77, 0x20, 0x17, 0x1B, 0x82,
        0xE1, 0x00, 0x0E, 0xC0, 0x27, 0x69, 0x09, 0x94, 0x40, 0x09, 0x94, 0x40,
        0x10, 0x15, 0x9C, 0xD0, 0x49, 0xA5, 0x14, 0x4E, 0x55, 0x39, 0xE7, 0xF0,
        0x4E, 0x31, 0x17, 0x77, 0x10, 0x15, 0x00, 0x00, 0x00, 0x00, 0x20, 0x00,
        0x63, 0x51, 0x9D, 0x60, 0x4E, 0x2F, 0x17, 0x97, 0x00, 0x05, 0x00, 0x00,
        0x00, 0x00, 0x00, 0x00, 0xDA, 0xB7, 0xA0, 0x03, 0xFA, 0x58, 0x8F, 0xF5,
        0x00, 0x05, 0x00, 0x00, 0x00, 0x00, 0x00, 0x00, 0xA0, 0xB8, 0x9C, 0x50,
        0x4E, 0xE1, 0x94, 0x72, 0x01, 0x10, 0x40, 0x02, 0x24, 0x46, 0x62, 0x27,
        0xA4, 0x7F, 0x5A, 0x22, 0x25, 0x50, 0x02, 0x24, 0x10, 0x15, 0x00, 0x00,
        0x00, 0x00, 0x00, 0x00, 0x7F, 0x84, 0x00, 0x00, 0x00, 0x00, 0x00, 0x00,
        0x10, 0x15, 0x00, 0x00, 0x00, 0x00, 0x00, 0x00, 0x7F, 0x84, 0x00, 0x00,
        0x00, 0x00, 0x00, 0x00, 0x00, 0x05, 0x00, 0x00, 0x00, 0x00, 0x00, 0x00,
        0x00, 0x05, 0x00, 0x00, 0x00, 0x00, 0x00, 0x00, 0x00, 0x05, 0x00, 0x00,
        0x00, 0x00, 0x00, 0x00, 0x00, 0x05, 0x00, 0x00, 0x00, 0x00, 0x00, 0x00,
        0x00, 0x05, 0x00, 0x00, 0x00, 0x00, 0x00, 0x00, 0xBE, 0x63, 0x50, 0x03,
        0xF1, 0x10, 0x0D, 0xAD, 0x00, 0x05, 0x00, 0x00, 0x00, 0x00, 0x00, 0x00,
        0x66, 0x00, 0xF4, 0xB3, 0xFA, 0x62, 0x8D, 0xD1, 0x00, 0x05, 0x00, 0x00,
        0x00, 0x00, 0x00, 0x00, 0x00, 0x05, 0x00, 0x00, 0x00, 0x00, 0x00, 0x00,
        0x00, 0x05, 0x00, 0x00, 0x00, 0x00, 0x00, 0x00, 0x00, 0x05, 0x00, 0x00,
        0x00, 0x00, 0x00, 0x00, 0x3E, 0x00, 0xD8, 0x03, 0x39, 0x50, 0x03, 0x31,
        0x1C, 0x00, 0x49, 0x90, 0x84, 0x49, 0x9E, 0x24, 0x00, 0x05, 0x00, 0x00,
        0x00, 0x00, 0x00, 0x00, 0x80, 0x18, 0x9D, 0x60, 0x4E, 0x2F, 0x17, 0x77,
        0x00, 0x05, 0x00, 0x00, 0x00, 0x00, 0x00, 0x00, 0x00, 0x05, 0x00, 0x00,
        0x00, 0x00, 0x00, 0x00, 0x00, 0x05, 0x00, 0x00, 0x00, 0x00, 0x00, 0x00,
        0x00, 0x05, 0x00, 0x00, 0x00, 0x00, 0x00, 0x00, 0x3D, 0x2C, 0xA0, 0x03,
        0x3A, 0xA0, 0x8F, 0xF5, 0x57, 0x45, 0xA9, 0x90, 0x0E, 0x31, 0x15, 0x53,
        0x2B, 0x23, 0x62, 0x02, 0x3A, 0x18, 0x03, 0xD1, 0x57, 0x63, 0x63, 0xA3,
        0xB5, 0x18, 0x8B, 0xAD, 0x23, 0x19, 0x1B, 0x83, 0x31, 0xD0, 0x0E, 0xEC,
        0x65, 0x26, 0x40, 0x0E, 0xE4, 0x40, 0x2E, 0xE4, 0x18, 0x11, 0xF4, 0x33,
        0x3F, 0xF3, 0xA3, 0xFA, 0x4C, 0x35, 0xAF, 0xF0, 0x0E, 0x29, 0x15, 0x73,
        0x10, 0x15, 0x02, 0x20, 0x00, 0x12, 0x20, 0x01, 0x5C, 0x4B, 0x9D, 0x60,
        0x4E, 0x2F, 0x17, 0x77, 0x00, 0x05, 0x00, 0x00, 0x00, 0x00, 0x00, 0x00,
        0xDA, 0xBE, 0xA0, 0x83, 0xF9, 0x58, 0x8F, 0xF5, 0x00, 0x05, 0x00, 0x00,
        0x00, 0x00, 0x00, 0x00, 0xBE, 0xA8, 0xAB, 0x23, 0xFA, 0x58, 0x8D, 0xD1,
        0x10, 0x15, 0x36, 0x60, 0x03, 0x36, 0x60, 0x03, 0xAB, 0x7F, 0x5A, 0x22,
        0x25, 0x50, 0x02, 0x24, 0x10, 0x15, 0x00, 0x00, 0x00, 0x00, 0x00, 0x00,
        0x7F, 0x84, 0x00, 0x00, 0x00, 0x00, 0x00, 0x00, 0x10, 0x15, 0x00, 0x00,
        0x00, 0x00, 0x00, 0x00, 0x7F, 0x84, 0x00, 0x00, 0x00, 0x00, 0x00, 0x00,
        0x00, 0x05, 0x00, 0x00, 0x00, 0x00, 0x00, 0x00, 0x00, 0x05, 0x00, 0x00,
        0x00, 0x00, 0x00, 0x00, 0x00, 0x05, 0x00, 0x00, 0x00, 0x00, 0x00, 0x00,
        0x00, 0x05, 0x00, 0x00, 0x00, 0x00, 0x00, 0x00, 0x00, 0x05, 0x00, 0x00,
        0x00, 0x00, 0x00, 0x00, 0xBE, 0x70, 0x50, 0x03, 0xF1, 0x10, 0x0D, 0xCD,
        0x00, 0x05, 0x00, 0x00, 0x00, 0x00, 0x00, 0x00, 0x70, 0x0B, 0xEB, 0x23,
        0xFA, 0x62, 0x8D, 0xD1, 0x00, 0x05, 0x00, 0x00, 0x00, 0x00, 0x00, 0x00,
        0x00, 0x05, 0x00, 0x00, 0x00, 0x00, 0x00, 0x00, 0x00, 0x05, 0x00, 0x00,
        0x00, 0x00, 0x00, 0x00, 0x00, 0x05, 0x00, 0x00, 0x00, 0x00, 0x00, 0x00,
        0x3E, 0x00, 0x90, 0x03, 0x35, 0x10, 0x03, 0xF1, 0x04, 0x0F, 0xB6, 0x63,
        0x1B, 0xB6, 0x6D, 0xDB, 0x00, 0x05, 0x00, 0x00, 0x00, 0x00, 0x00, 0x00,
        0x74, 0x0E, 0xA6, 0xF0, 0x4E, 0x2F, 0x17, 0x77, 0x00, 0x05, 0x00, 0x00,
        0x00, 0x00, 0x00, 0x00, 0x00, 0x05, 0x00, 0x00, 0x00, 0x00, 0x00, 0x00,
        0x00, 0x05, 0x00, 0x00, 0x00, 0x00, 0x00, 0x00, 0x00, 0x05, 0x00, 0x00,
        0x00, 0x00, 0x00, 0x00, 0x3D, 0x2D, 0xA0, 0x03, 0x3A, 0xA0, 0x83, 0xF5,
        0x57, 0x45, 0xE9, 0x10, 0x53, 0x31, 0x15, 0x53, 0x2C, 0x23, 0xAA, 0x23,
        0x36, 0x58, 0x0D, 0xB5, 0x60, 0x57, 0x26, 0x10, 0x0A, 0x29, 0x11, 0x53,
        0x23, 0x19, 0x18, 0x03, 0xED, 0xC0, 0x0E, 0xEC, 0x65, 0x25, 0x40, 0x0E,
        0xE4, 0x40, 0x0E, 0xE4, 0x18, 0x11, 0xF3, 0x33, 0x3F, 0xAA, 0xAF, 0xFA,
        0x4A, 0x33, 0xEF, 0xF0, 0x0E, 0x2F, 0x15, 0x73, 0x10, 0x15, 0x02, 0x20,
        0x01, 0x12, 0x20, 0x09, 0x5A, 0x49, 0x9D, 0xE0, 0x4E, 0x2F, 0x17, 0x77,
        0x00, 0x05, 0x00, 0x00, 0x00, 0x00, 0x00, 0x00, 0xDB, 0xC1, 0xA0, 0x03,
        0x3A, 0x58, 0x8F, 0xF5, 0x00, 0x05, 0x00, 0x00, 0x00, 0x00, 0x00, 0x00,
        0xBF, 0xAA, 0xAB, 0x23, 0xFA, 0x58, 0x8D, 0xD1, 0x10, 0x15, 0x36, 0x60,
        0x03, 0x36, 0x60, 0x03, 0xAD, 0x7F, 0x52, 0x22, 0x25, 0x50, 0x02, 0x25,
        0x10, 0x15, 0x00, 0x00, 0x00, 0x00, 0x00, 0x00, 0x7F, 0x84, 0x00, 0x00,
        0x00, 0x00, 0x00, 0x00, 0x10, 0x15, 0x00, 0x00, 0x00, 0x00, 0x00, 0x00,
        0x7F, 0x84, 0x00, 0x00, 0x00, 0x00, 0x00, 0x00, 0x00, 0x05, 0x00, 0x00,
        0x00, 0x00, 0x00, 0x00, 0x00, 0x05, 0x00, 0x00, 0x00, 0x00, 0x00, 0x00,
        0x00, 0x05, 0x00, 0x00, 0x00, 0x00, 0x00, 0x00, 0x00, 0x05, 0x00, 0x00,
        0x00, 0x00, 0x00, 0x00, 0x00, 0x05, 0x00, 0x00, 0x00, 0x00, 0x00, 0x00,
        0xBE, 0x8B, 0x10, 0x03, 0xF1, 0x10, 0x0D, 0xCC, 0x00, 0x05, 0x00, 0x00,
        0x00, 0x00, 0x00, 0x00, 0x86, 0x2C, 0xAB, 0x23, 0xFA, 0x58, 0x8D, 0xD1,
        0x00, 0x05, 0x00, 0x00, 0x00, 0x00, 0x00, 0x00, 0x00, 0x05, 0x00, 0x00,
        0x00, 0x00, 0x00, 0x00, 0x00, 0x05, 0x00, 0x00, 0x00, 0x00, 0x00, 0x00,
        0x00, 0x05, 0x00, 0x00, 0x00, 0x00, 0x00, 0x00, 0x3F, 0x0C, 0x50, 0x03,
        0xF1, 0x10, 0x0D, 0xCD, 0x00, 0x05, 0x00, 0x00, 0x00, 0x00, 0x00, 0x00,
        0x07, 0x0C, 0xB6, 0x6D, 0xDB, 0xB6, 0x0D, 0xDB, 0x53, 0x00, 0xEF, 0xF0,
        0x52, 0x31, 0x97, 0x77, 0x00, 0x05, 0x00, 0x00, 0x00, 0x00, 0x00, 0x00,
        0x00, 0x05, 0x00, 0x00, 0x00, 0x00, 0x00, 0x00, 0x00, 0x05, 0x00, 0x00,
        0x00, 0x00, 0x00, 0x00, 0x00, 0x05, 0x00, 0x00, 0x00, 0x00, 0x00, 0x00,
        0x3D, 0x2F, 0xA0, 0x03, 0x3A, 0x98, 0x8F, 0xF5, 0x53, 0x44, 0xE9, 0x90,
        0x0E, 0xE9, 0x10, 0x4F, 0x2E, 0x27, 0x6B, 0x82, 0x3E, 0x68, 0x03, 0x36,
        0x5E, 0x53, 0xA5, 0xE0, 0x4A, 0xEF, 0x94, 0x56, 0x27, 0x1A, 0x5B, 0xA3,
        0xF5, 0x58, 0x8F, 0xF5, 0x60, 0x25, 0x40, 0x0E, 0xE4, 0x40, 0x0E, 0xE4,
        0x19, 0x12, 0xF3, 0x33, 0x3F, 0xEB, 0x2F, 0xFE, 0x44, 0x31, 0xEF, 0xF0,
        0x0E, 0xE9, 0x14, 0x53, 0x10, 0x15, 0x92, 0x20, 0x09, 0x93, 0x34, 0x49,
        0x55, 0x45, 0xE6, 0xF0, 0x52, 0x31, 0x17, 0x97, 0x00, 0x05, 0x00, 0x00,
        0x00, 0x00, 0x00, 0x00, 0xDB, 0xC5, 0x98, 0x83, 0x39, 0x58, 0x8F, 0xF5,
        0x00, 0x05, 0x00, 0x00, 0x00, 0x00, 0x00, 0x00, 0xC3, 0xB1, 0xA2, 0x23,
        0xFA, 0x58, 0x8F, 0xD1, 0x10, 0x15, 0x36, 0x60, 0x03, 0x36, 0x60, 0x03,
        0xB2, 0x7F, 0x52, 0x02, 0x25, 0x50, 0x02, 0x24, 0x10, 0x15, 0x00, 0x00,
        0x00, 0x00, 0x00, 0x00, 0x7F, 0x84, 0x00, 0x00, 0x00, 0x00, 0x00, 0x00,
        0x10, 0x15, 0x00, 0x00, 0x00, 0x00, 0x00, 0x00, 0x7F, 0x84, 0x00, 0x00,
        0x00, 0x00, 0x00, 0x00, 0x00, 0x05, 0x00, 0x00, 0x00, 0x00, 0x00, 0x00,
        0x00, 0x05, 0x00, 0x00, 0x00, 0x00, 0x00, 0x00, 0x00, 0x05, 0x00, 0x00,
        0x00, 0x00, 0x00, 0x00, 0x00, 0x05, 0x00, 0x00, 0x00, 0x00, 0x00, 0x00,
        0x00, 0x05, 0x00, 0x00, 0x00, 0x00, 0x00, 0x00, 0xBE, 0x00, 0x80, 0x06,
        0x48, 0x80, 0xF4, 0x24, 0x00, 0x05, 0x00, 0x00, 0x00, 0x00, 0x00, 0x00,
        0x36, 0x86, 0xA5, 0x10, 0x4E, 0xE9, 0x64, 0xDB, 0x00, 0x05, 0x00, 0x00,
        0x00, 0x00, 0x00, 0x00, 0x00, 0x05, 0x00, 0x00, 0x00, 0x00, 0x00, 0x00,
        0x00, 0x05, 0x00, 0x00, 0x00, 0x00, 0x00, 0x00, 0x00, 0x05, 0x00, 0x00,
        0x00, 0x00, 0x00, 0x00, 0x12, 0x3F, 0x29, 0x91, 0x52, 0x29, 0x35, 0xDB,
        0x00, 0x05, 0x00, 0x00, 0x00, 0x00, 0x00, 0x00, 0x07, 0x0C, 0xB6, 0x6D,
        0xDB, 0xB0, 0x6D, 0xDB, 0x49, 0x00, 0xEF, 0x10, 0x53, 0x79, 0x97, 0x24,
        0x00, 0x05, 0x00, 0x00, 0x00, 0x00, 0x00, 0x00, 0x00, 0x05, 0x00, 0x00,
        0x00, 0x00, 0x00, 0x00, 0x00, 0x05, 0x00, 0x00, 0x00, 0x00, 0x00, 0x00,
        0x00, 0x05, 0x00, 0x00, 0x00, 0x00, 0x00, 0x00, 0x42, 0x30, 0xEB, 0x33,
        0x3A, 0xA3, 0x23, 0x00, 0x3D, 0x53, 0x63, 0x33, 0x36, 0x63, 0x03, 0x00,
        0x42, 0x27, 0x7E, 0xE2, 0x3F, 0xFE, 0x03, 0x00, 0x5C, 0x3D, 0x12, 0x30,
        0x01, 0x93, 0x90, 0x24, 0x56, 0x1B, 0xFF, 0xF3, 0x3F, 0xFF, 0xB3, 0x61,
        0x7F, 0x25, 0x5B, 0xBE, 0x25, 0x5C, 0x62, 0x83, 0x43, 0x12, 0x4F, 0xF2,
        0x24, 0x7F, 0x02, 0x00, 0x4E, 0x31, 0x71, 0x19, 0x97, 0xB9, 0x09, 0x69,
        0x10, 0x42, 0x00, 0x00, 0x00, 0x00, 0x90, 0x24, 0x43, 0x52, 0x62, 0xA3,
        0x35, 0x1A, 0x2B, 0x00, 0x2F, 0x4C, 0xB6, 0x6D, 0xDB, 0xB6, 0x1D, 0x68,
        0xDB, 0x42, 0x80, 0x04, 0x48, 0x80, 0xD4, 0x24, 0x3A, 0x3F, 0xB6, 0x6D,
        0xDB, 0xB6, 0x0D, 0x6D, 0xC3, 0x41, 0x80, 0x04, 0x48, 0x00, 0x94, 0x24,
        0x10, 0x8E, 0x36, 0x60, 0x03, 0x36, 0xB0, 0x65, 0xB2, 0x41, 0x00, 0x09,
        0x90, 0x00, 0x99, 0x30, 0x10, 0x43, 0x00, 0x00, 0x00, 0x00, 0x90, 0x24,
        0x41, 0x7F, 0x49, 0x92, 0x24, 0x49, 0x02, 0x00, 0x10, 0x42, 0x00, 0x00,
        0x00, 0x00, 0x90, 0x24, 0x41, 0x7F, 0x49, 0x92, 0x24, 0x49, 0x02, 0x00,
        0x00, 0x05, 0x00, 0x00, 0x00, 0x00, 0x00, 0x00, 0x00, 0x05, 0x00, 0x00,
        0x00, 0x00, 0x00, 0x00, 0x00, 0x05, 0x00, 0x00, 0x00, 0x00, 0x00, 0x00,
        0x00, 0x05, 0x00, 0x00, 0x00, 0x00, 0x00, 0x00, 0x00, 0x05, 0x00, 0x00,
        0x00, 0x00, 0x00, 0x00, 0x56, 0x00, 0x4E, 0xC2, 0x24, 0x4A, 0x82, 0x26,
        0x00, 0x05, 0x00, 0x00, 0x00, 0x00, 0x00, 0x00, 0x00, 0x05, 0x00, 0x00,
        0x00, 0x00, 0x00, 0x00, 0x00, 0x05, 0x00, 0x00, 0x00, 0x00, 0x00, 0x00,
        0x00, 0x05, 0x00, 0x00, 0x00, 0x00, 0x00, 0x00, 0x00, 0x05, 0x00, 0x00,
        0x00, 0x00, 0x00, 0x00, 0x00, 0x05, 0x00, 0x00, 0x00, 0x00, 0x00, 0x00,
        0x8F, 0x00, 0x4E, 0xC2, 0x24, 0x4A, 0x82, 0x26, 0x00, 0x05, 0x00, 0x00,
        0x00, 0x00, 0x00, 0x00, 0x00, 0x05, 0x00, 0x00, 0x00, 0x00, 0x00, 0x00,
        0x00, 0x05, 0x00, 0x00, 0x00, 0x00, 0x00, 0x00, 0x00, 0x05, 0x00, 0x00,
        0x00, 0x00, 0x00, 0x00, 0x00, 0x05, 0x00, 0x00, 0x00, 0x00, 0x00, 0x00,
        0x00, 0x05, 0x00, 0x00, 0x00, 0x00, 0x00, 0x00, 0x00, 0x05, 0x00, 0x00,
        0x00, 0x00, 0x00, 0x00, 0x40, 0x45, 0xD8, 0xA6, 0x6D, 0xDA, 0xB6, 0x6D,
        0x3D, 0x42, 0x00, 0x00, 0x00, 0x00, 0x00, 0x00, 0x42, 0x47, 0x00, 0x00,
        0x00, 0x00, 0x00, 0x00, 0x3D, 0x42, 0x00, 0x00, 0x00, 0x00, 0x00, 0x00,
        0x9E, 0x42, 0x89, 0x93, 0xEC, 0x89, 0x9A, 0xA0, 0x7F, 0x01, 0x2D, 0xD6,
        0xDE, 0x6D, 0xDE, 0xE6, 0x5D, 0x42, 0x49, 0xE2, 0xFF, 0xAB, 0x8D, 0xB1,
        0x4E, 0x16, 0x80, 0x44, 0x92, 0x77, 0x9B, 0xDF, 0x4A, 0x42, 0x49, 0xF2,
        0x24, 0xA2, 0x0F, 0x48, 0x45, 0x29, 0x00, 0x40, 0x92, 0xB6, 0x9B, 0xFC,
        0x4C, 0x09, 0xE0, 0x16, 0x97, 0x71, 0x9B, 0xBB, 0x7F, 0x3B, 0xF8, 0xFF,
        0x24, 0x4F, 0xF2, 0x24, 0x3C, 0x27, 0x02, 0x40, 0x6E, 0x6E, 0x99, 0xBB,
        0x3B, 0x41, 0x49, 0x42, 0x92, 0x1B, 0x29, 0x40, 0x8E, 0x30, 0x3F, 0xFC,
        0xD7, 0x49, 0x9D, 0xB4, 0x7F, 0x28, 0x36, 0x6C, 0xFF, 0x76, 0x6E, 0xE7,
        0x42, 0x4E, 0x00, 0x30, 0x09, 0xE5, 0x16, 0x72, 0x43, 0x35, 0x80, 0x54,
        0x92, 0x77, 0x9B, 0xDB, 0x42, 0x47, 0x00, 0x00, 0x00, 0x9D, 0xD0, 0xB6,
        0x39, 0x41, 0x49, 0x42, 0x92, 0x24, 0x09, 0x8D, 0x00, 0x05, 0x00, 0x00,
        0x00, 0x00, 0x00, 0x00, 0x00, 0x05, 0x00, 0x00, 0x00, 0x00, 0x00, 0x00,
        0x00, 0x05, 0x00, 0x00, 0x00, 0x00, 0x00, 0x00, 0x00, 0x05, 0x00, 0x00,
        0x00, 0x00, 0x00, 0x00, 0x00, 0x05, 0x00, 0x00, 0x00, 0x00, 0x00, 0x00,
        0x59, 0x00, 0x4C, 0xA2, 0x24, 0x68, 0x02, 0x26, 0x00, 0x05, 0x00, 0x00,
        0x00, 0x00, 0x00, 0x00, 0x00, 0x05, 0x00, 0x00, 0x00, 0x00, 0x00, 0x00,
        0x00, 0x05, 0x00, 0x00, 0x00, 0x00, 0x00, 0x00, 0x00, 0x05, 0x00, 0x00,
        0x00, 0x00, 0x00, 0x00, 0x00, 0x05, 0x00, 0x00, 0x00, 0x00, 0x00, 0x00,
        0x00, 0x05, 0x00, 0x00, 0x00, 0x00, 0x00, 0x00, 0x96, 0x00, 0x4C, 0xA2,
        0x24, 0x68, 0x02, 0x26, 0x00, 0x05, 0x00, 0x00, 0x00, 0x00, 0x00, 0x00,
        0x00, 0x05, 0x00, 0x00, 0x00, 0x00, 0x00, 0x00, 0x00, 0x05, 0x00, 0x00,
        0x00, 0x00, 0x00, 0x00, 0x00, 0x05, 0x00, 0x00, 0x00, 0x00, 0x00, 0x00,
        0x00, 0x05, 0x00, 0x00, 0x00, 0x00, 0x00, 0x00, 0x00, 0x05, 0x00, 0x00,
        0x00, 0x00, 0x00, 0x00, 0x00, 0x05, 0x00, 0x00, 0x00, 0x00, 0x00, 0x00,
        0x41, 0x46, 0x90, 0x04, 0x49, 0x92, 0x04, 0x49, 0x3D, 0x42, 0x00, 0x00,
        0x00, 0x00, 0x00, 0x00, 0x42, 0x47, 0x00, 0x00, 0x00, 0x00, 0x00, 0x00,
        0x3D, 0x42, 0x00, 0x00, 0x00, 0x00, 0x00, 0x00, 0xA4, 0x42, 0xC9, 0x9E,
        0xC8, 0x09, 0x9A, 0x80, 0x3D, 0x00, 0x40, 0x07, 0xBC, 0x40, 0x0C, 0xE4,
        0x65, 0x44, 0x7E, 0x52, 0xFF, 0x6B, 0x8D, 0xB1, 0x39, 0x10, 0x12, 0x50,
        0x6E, 0x77, 0x99, 0xBB, 0x4D, 0x42, 0x4F, 0xC2, 0xFE, 0x1B, 0x09, 0x6D,
        0x3B, 0x23, 0x00, 0x40, 0x6E, 0x76, 0x99, 0xDB, 0x2F, 0x09, 0xA1, 0x90,
        0x4E, 0x31, 0x17, 0x97, 0x45, 0x3B, 0xB2, 0xAD, 0xFF, 0x78, 0x02, 0x27,
        0x37, 0x23, 0x13, 0x50, 0x6E, 0x6E, 0x99, 0xBB, 0x3B, 0x40, 0x24, 0xB9,
        0x91, 0x02, 0x04, 0x09, 0x5D, 0x2D, 0xB6, 0xF8, 0x63, 0x39, 0x96, 0x40,
        0x3E, 0x27, 0x40, 0x05, 0x9C, 0x40, 0x2A, 0xA5, 0x4F, 0x43, 0xFE, 0xB3,
        0xDA, 0x20, 0x8D, 0x91, 0x3D, 0x32, 0x00, 0xC0, 0x09, 0xEE, 0x16, 0x97,
        0x42, 0x47, 0x00, 0xD0, 0x09, 0x6D, 0x9B, 0xB6, 0x39, 0x3E, 0x6D, 0xDB,
        0xB6, 0x10, 0x0B, 0x00, 0x00, 0x05, 0x00, 0x00, 0x00, 0x00, 0x00, 0x00,
        0x00, 0x05, 0x00, 0x00, 0x00, 0x00, 0x00, 0x00, 0x00, 0x05, 0x00, 0x00,
        0x00, 0x00, 0x00, 0x00, 0x00, 0x05, 0x00, 0x00, 0x00, 0x00, 0x00, 0x00,
        0x00, 0x05, 0x00, 0x00, 0x00, 0x00, 0x00, 0x00, 0x5D, 0x00, 0x60, 0x82,
        0x39, 0x50, 0x03, 0xF1, 0x00, 0x05, 0x00, 0x00, 0x00, 0x00, 0x00, 0x00,
        0x00, 0x05, 0x00, 0x00, 0x00, 0x00, 0x00, 0x00, 0x00, 0x05, 0x00, 0x00,
        0x00, 0x00, 0x00, 0x00, 0x00, 0x05, 0x00, 0x00, 0x00, 0x00, 0x00, 0x00,
        0x00, 0x05, 0x00, 0x00, 0x00, 0x00, 0x00, 0x00, 0x00, 0x05, 0x00, 0x00,
        0x00, 0x00, 0x00, 0x00, 0x9C, 0x00, 0x60, 0x82, 0x39, 0x50, 0x03, 0xF1,
        0x00, 0x05, 0x00, 0x00, 0x00, 0x00, 0x00, 0x00, 0x00, 0x05, 0x00, 0x00,
        0x00, 0x00, 0x00, 0x00, 0x00, 0x05, 0x00, 0x00, 0x00, 0x00, 0x00, 0x00,
        0x00, 0x05, 0x00, 0x00, 0x00, 0x00, 0x00, 0x00, 0x00, 0x05, 0x00, 0x00,
        0x00, 0x00, 0x00, 0x00, 0x00, 0x05, 0x00, 0x00, 0x00, 0x00, 0x00, 0x00,
        0x00, 0x05, 0x00, 0x00, 0x00, 0x00, 0x00, 0x00, 0x41, 0x46, 0x90, 0x04,
        0x49, 0x90, 0x04, 0x49, 0x3D, 0x42, 0x00, 0x00, 0x00, 0x00, 0x00, 0x00,
        0x42, 0x47, 0x00, 0x00, 0x00, 0x00, 0x00, 0x00, 0x3D, 0x42, 0x00, 0x00,
        0x00, 0x00, 0x00, 0x00, 0xAB, 0x42, 0x09, 0x98, 0x80, 0x09, 0x96, 0x60,
        0x3D, 0x00, 0x40, 0x0E, 0x24, 0x40, 0x02, 0x24, 0x77, 0x52, 0xF4, 0xB3,
        0xFE, 0x62, 0x8F, 0xD5, 0x1F, 0x06, 0x9D, 0xF0, 0x4E, 0x77, 0x97, 0x97,
        0x57, 0x49, 0x7E, 0xB2, 0xFE, 0x5A, 0x0D, 0x8D, 0x29, 0x16, 0x13, 0x50,
        0x4E, 0x6E, 0x99, 0xBB, 0x1F, 0x09, 0xE9, 0x10, 0x4F, 0x31, 0x15, 0x77,
        0x46, 0x3B, 0x78, 0x02, 0x3F, 0xE8, 0x83, 0xFE, 0x2B, 0x1C, 0x9D, 0xE0,
        0x4E, 0x37, 0x97, 0x9B, 0x3A, 0x3F, 0xDA, 0x24, 0x6C, 0x02, 0x04, 0x01,
        0x5E, 0x26, 0x3F, 0x94, 0x43, 0x09, 0x94, 0x40, 0x3C, 0x26, 0x40, 0x0A,
        0xC4, 0x40, 0x0C, 0xC4, 0x53, 0x4A, 0x74, 0x22, 0x3E, 0x60, 0x83, 0xB1,
        0x38, 0x2E, 0x9D, 0x60, 0x6E, 0x36, 0x17, 0x77, 0x46, 0x4B, 0x02, 0xD0,
        0x01, 0xED, 0xD0, 0xB6, 0x35, 0x3A, 0x6D, 0xCB, 0xB6, 0x58, 0x0B, 0xA8,
        0x00, 0x05, 0x00, 0x00, 0x00, 0x00, 0x00, 0x00, 0x00, 0x05, 0x00, 0x00,
        0x00, 0x00, 0x00, 0x00, 0x00, 0x05, 0x00, 0x00, 0x00, 0x00, 0x00, 0x00,
        0x00, 0x05, 0x00, 0x00, 0x00, 0x00, 0x00, 0x00, 0x00, 0x05, 0x00, 0x00,
        0x00, 0x00, 0x00, 0x00, 0x5E, 0x00, 0x98, 0x03, 0x35, 0x10, 0x0F, 0xD1,
        0x00, 0x05, 0x00, 0x00, 0x00, 0x00, 0x00, 0x00, 0x00, 0x05, 0x00, 0x00,
        0x00, 0x00, 0x00, 0x00, 0x00, 0x05, 0x00, 0x00, 0x00, 0x00, 0x00, 0x00,
        0x00, 0x05, 0x00, 0x00, 0x00, 0x00, 0x00, 0x00, 0x00, 0x05, 0x00, 0x00,
        0x00, 0x00, 0x00, 0x00, 0x00, 0x05, 0x00, 0x00, 0x00, 0x00, 0x00, 0x00,
        0x9C, 0x00, 0x98, 0x03, 0x35, 0x10, 0x0F, 0xD1, 0x00, 0x05, 0x00, 0x00,
        0x00, 0x00, 0x00, 0x00, 0x00, 0x05, 0x00, 0x00, 0x00, 0x00, 0x00, 0x00,
        0x00, 0x05, 0x00, 0x00, 0x00, 0x00, 0x00, 0x00, 0x00, 0x05, 0x00, 0x00,
        0x00, 0x00, 0x00, 0x00, 0x00, 0x05, 0x00, 0x00, 0x00, 0x00, 0x00, 0x00,
        0x00, 0x05, 0x00, 0x00, 0x00, 0x00, 0x00, 0x00, 0x00, 0x05, 0x00, 0x00,
        0x00, 0x00, 0x00, 0x00, 0x41, 0x46, 0x90, 0x04, 0x49, 0x90, 0x04, 0x49,
        0x3D, 0x42, 0x00, 0x00, 0x00, 0x00, 0x00, 0x00, 0x42, 0x47, 0x00, 0x00,
        0x00, 0x00, 0x00, 0x00, 0x3D, 0x42, 0x00, 0x00, 0x00, 0x00, 0x00, 0x00,
        0xAC, 0x42, 0x09, 0x98, 0x60, 0x09, 0x96, 0x60, 0x01, 0x3D, 0x89, 0x91,
        0x18, 0x89, 0x91, 0x18, 0x7B, 0x55, 0xF4, 0xB3, 0xFA, 0x62, 0x8D, 0xD5,
        0x1A, 0x04, 0xA6, 0xF0, 0x4E, 0x37, 0x97, 0x97, 0x4B, 0x5B, 0x14, 0x40,
        0x4E, 0x25, 0x97, 0x92, 0x25, 0x13, 0x94, 0x50, 0x4E, 0x37, 0x99, 0xBB,
        0x1C, 0x09, 0xE9, 0x10, 0x4F, 0x31, 0x15, 0x77, 0x47, 0x3B, 0xF2, 0x03,
        0x3F, 0xF0, 0x8F, 0xFE, 0x28, 0x1A, 0xA5, 0xE0, 0x4E, 0x77, 0x97, 0x97,
        0x3A, 0x3F, 0xC2, 0x26, 0x40, 0x10, 0x20, 0x09, 0x5E, 0x24, 0x3F, 0x94,
        0x43, 0x09, 0x94, 0x40, 0x3C, 0x26, 0x40, 0x0C, 0xC4, 0x40, 0x0C, 0xE4,
        0x53, 0x4A, 0xE2, 0x03, 0x36, 0x18, 0x0B, 0x90, 0x35, 0x2E, 0x1D, 0xE0,
        0x0A, 0x29, 0x11, 0x77, 0x46, 0x4B, 0x1D, 0xD0, 0x0E, 0x6D, 0x9B, 0xB6,
        0x35, 0x3A, 0x6C, 0x8B, 0xB5, 0x80, 0x0A, 0x40, 0x00, 0x05, 0x00, 0x00,
        0x00, 0x00, 0x00, 0x00, 0x00, 0x05, 0x00, 0x00, 0x00, 0x00, 0x00, 0x00,
        0x00, 0x05, 0x00, 0x00, 0x00, 0x00, 0x00, 0x00, 0x00, 0x05, 0x00, 0x00,
        0x00, 0x00, 0x00, 0x00, 0x00, 0x05, 0x00, 0x00, 0x00, 0x00, 0x00, 0x00,
        0x5E, 0x1A, 0x50, 0x03, 0xF1, 0x10, 0x0D, 0xAD, 0x00, 0x05, 0x00, 0x00,
        0x00, 0x00, 0x00, 0x00, 0x1D, 0x00, 0x49, 0xD2, 0x24, 0x4B, 0x02, 0x27,
        0x00, 0x05, 0x00, 0x00, 0x00, 0x00, 0x00, 0x00, 0x00, 0x05, 0x00, 0x00,
        0x00, 0x00, 0x00, 0x00, 0x00, 0x05, 0x00, 0x00, 0x00, 0x00, 0x00, 0x00,
        0x00, 0x05, 0x00, 0x00, 0x00, 0x00, 0x00, 0x00, 0x9E, 0x2C, 0x50, 0x03,
        0xF1, 0x10, 0x0D, 0xAD, 0x00, 0x05, 0x00, 0x00, 0x00, 0x00, 0x00, 0x00,
        0x30, 0x00, 0x49, 0xD2, 0x24, 0x4B, 0x02, 0x27, 0x00, 0x05, 0x00, 0x00,
        0x00, 0x00, 0x00, 0x00, 0x00, 0x05, 0x00, 0x00, 0x00, 0x00, 0x00, 0x00,
        0x00, 0x05, 0x00, 0x00, 0x00, 0x00, 0x00, 0x00, 0x00, 0x05, 0x00, 0x00,
        0x00, 0x00, 0x00, 0x00, 0x00, 0x05, 0x00, 0x00, 0x00, 0x00, 0x00, 0x00,
        0x41, 0x46, 0x90, 0x04, 0x49, 0x90, 0x04, 0x49, 0x3D, 0x42, 0x00, 0x00,
        0x00, 0x00, 0x00, 0x00, 0x42, 0x47, 0x00, 0x00, 0x00, 0x00, 0x00, 0x00,
        0x3D, 0x42, 0x00, 0x00, 0x00, 0x00, 0x00, 0x00, 0xAF, 0x42, 0x09, 0x96,
        0x60, 0x09, 0x96, 0x40, 0x01, 0x3D, 0x89, 0x91, 0xD8, 0x89, 0x9D, 0xD8,
        0x87, 0x61, 0xEB, 0xA3, 0xFA, 0xA2, 0x0F, 0xF6, 0x02, 0x10, 0x5A, 0x83,
        0xB1, 0x10, 0x0B, 0x8D, 0x64, 0x54, 0x7D, 0x32, 0x3F, 0xA2, 0x0F, 0xD1,
        0x1B, 0x0D, 0xA5, 0xE0, 0x72, 0x77, 0x99, 0xBB, 0x17, 0x0A, 0x31, 0x11,
        0x53, 0x31, 0x17, 0x77, 0x47, 0x3B, 0xE8, 0x0F, 0x3A, 0xA0, 0x0F, 0xFA,
        0x22, 0x17, 0xA6, 0xF0, 0x0E, 0x31, 0x97, 0x77, 0x39, 0x3E, 0xDB, 0x44,
        0x6D, 0x1C, 0x46, 0x4E, 0x5E, 0x1F, 0x3F, 0x94, 0x43, 0x09, 0x94, 0x00,
        0x25, 0x3B, 0x09, 0x94, 0x40, 0x09, 0x94, 0x40, 0x57, 0x4F, 0x6C, 0x22,
        0x26, 0xA0, 0x03, 0x32, 0x33, 0x2B, 0x9D, 0x50, 0x4A, 0xAF, 0x94, 0x52,
        0x4A, 0x4F, 0x02, 0x50, 0x00, 0x21, 0x90, 0x0C, 0x31, 0x36, 0x6D, 0xC3,
        0xB6, 0x6A, 0x8B, 0xB5, 0x00, 0x05, 0x00, 0x00, 0x00, 0x00, 0x00, 0x00,
        0x00, 0x05, 0x00, 0x00, 0x00, 0x00, 0x00, 0x00, 0x00, 0x05, 0x00, 0x00,
        0x00, 0x00, 0x00, 0x00, 0x00, 0x05, 0x00, 0x00, 0x00, 0x00, 0x00, 0x00,
        0x00, 0x05, 0x00, 0x00, 0x00, 0x00, 0x00, 0x00, 0x5E, 0x24, 0x50, 0x03,
        0xF1, 0x10, 0x0D, 0xAD, 0x00, 0x05, 0x00, 0x00, 0x00, 0x00, 0x00, 0x00,
        0x24, 0x00, 0x4E, 0xC2, 0x24, 0x72, 0x82, 0x26, 0x00, 0x05, 0x00, 0x00,
        0x00, 0x00, 0x00, 0x00, 0x00, 0x05, 0x00, 0x00, 0x00, 0x00, 0x00, 0x00,
        0x00, 0x05, 0x00, 0x00, 0x00, 0x00, 0x00, 0x00, 0x00, 0x05, 0x00, 0x00,
        0x00, 0x00, 0x00, 0x00, 0x9E, 0x3C, 0x50, 0x03, 0xF1, 0x10, 0x0D, 0xCD,
        0x00, 0x05, 0x00, 0x00, 0x00, 0x00, 0x00, 0x00, 0x3D, 0x00, 0x4E, 0xC2,
        0x24, 0x72, 0x82, 0x26, 0x00, 0x05, 0x00, 0x00, 0x00, 0x00, 0x00, 0x00,
        0x00, 0x05, 0x00, 0x00, 0x00, 0x00, 0x00, 0x00, 0x00, 0x05, 0x00, 0x00,
        0x00, 0x00, 0x00, 0x00, 0x00, 0x05, 0x00, 0x00, 0x00, 0x00, 0x00, 0x00,
        0x00, 0x05, 0x00, 0x00, 0x00, 0x00, 0x00, 0x00, 0x41, 0x46, 0x90, 0x04,
        0x49, 0x90, 0x04, 0x49, 0x3D, 0x42, 0x00, 0x00, 0x00, 0x00, 0x00, 0x00,
        0x42, 0x47, 0x00, 0x00, 0x00, 0x00, 0x00, 0x00, 0x3D, 0x42, 0x00, 0x00,
        0x00, 0x00, 0x00, 0x00, 0x42, 0xAF, 0x40, 0x0A, 0xA4, 0x40, 0x0A, 0xA4,
        0x3D, 0x42, 0x80, 0x0D, 0xD8, 0x80, 0x0D, 0xD8, 0x8A, 0x64, 0xEB, 0xA3,
        0x3A, 0xA0, 0x0F, 0xD6, 0x0E, 0x01, 0xEF, 0x70, 0x53, 0x77, 0x97, 0x97,
        0x66, 0x55, 0xF3, 0x33, 0x3E, 0x5A, 0x0F, 0xAD, 0x18, 0x0B, 0x9D, 0xE0,
        0x4E, 0x2F, 0x17, 0x97, 0x15, 0x0A, 0xF1, 0x10, 0x0F, 0x31, 0x15, 0x57,
        0x47, 0x3B, 0xA0, 0x03, 0xFA, 0xA0, 0x0F, 0xDA, 0x15, 0x21, 0x62, 0xA3,
        0xB1, 0x1A, 0x0B, 0x8D, 0x39, 0x3E, 0xD4, 0xC6, 0x61, 0xE4, 0x24, 0x0E,
        0x5E, 0x1F, 0x39, 0x94, 0x40, 0x09, 0x90, 0x00, 0x25, 0x3B, 0x09, 0x94,
        0x40, 0x09, 0x94, 0x40, 0x57, 0x4F, 0x62, 0x02, 0x3A, 0x20, 0x03, 0xF2,
        0x2A, 0x31, 0x6C, 0x32, 0x26, 0x62, 0x03, 0x32, 0x4A, 0x4F, 0x05, 0x10,
        0x02, 0xC9, 0x90, 0x44, 0x31, 0x36, 0x6C, 0xAB, 0xB6, 0x58, 0x0B, 0xAC,
        0x00, 0x05, 0x00, 0x00, 0x00, 0x00, 0x00, 0x00, 0x00, 0x05, 0x00, 0x00,
        0x00, 0x00, 0x00, 0x00, 0x00, 0x05, 0x00, 0x00, 0x00, 0x00, 0x00, 0x00,
        0x00, 0x05, 0x00, 0x00, 0x00, 0x00, 0x00, 0x00, 0x00, 0x05, 0x00, 0x00,
        0x00, 0x00, 0x00, 0x00, 0x5F, 0x39, 0x10, 0x03, 0xF1, 0x10, 0x0D, 0xCD,
        0x00, 0x05, 0x00, 0x00, 0x00, 0x00, 0x00, 0x00, 0x35, 0x00, 0x73, 0xA2,
        0x3E, 0xA2, 0x83, 0xF5, 0x00, 0x05, 0x00, 0x00, 0x00, 0x00, 0x00, 0x00,
        0x00, 0x05, 0x00, 0x00, 0x00, 0x00, 0x00, 0x00, 0x00, 0x05, 0x00, 0x00,
        0x00, 0x00, 0x00, 0x00, 0x00, 0x05, 0x00, 0x00, 0x00, 0x00, 0x00, 0x00,
        0x9E, 0x5F, 0x50, 0x03, 0xF1, 0x10, 0x0D, 0xCD, 0x00, 0x05, 0x00, 0x00,
        0x00, 0x00, 0x00, 0x00, 0x58, 0x00, 0x73, 0xA2, 0x3E, 0xA2, 0x83, 0xF5,
        0x00, 0x05, 0x00, 0x00, 0x00, 0x00, 0x00, 0x00, 0x00, 0x05, 0x00, 0x00,
        0x00, 0x00, 0x00, 0x00, 0x00, 0x05, 0x00, 0x00, 0x00, 0x00, 0x00, 0x00,
        0x00, 0x05, 0x00, 0x00, 0x00, 0x00, 0x00, 0x00, 0x00, 0x05, 0x00, 0x00,
        0x00, 0x00, 0x00, 0x00, 0x41, 0x46, 0x90, 0x04, 0x49, 0x90, 0x04, 0x49,
        0x3D, 0x42, 0x00, 0x00, 0x00, 0x00, 0x00, 0x00, 0x42, 0x47, 0x00, 0x00,
        0x00, 0x00, 0x00, 0x00, 0x3D, 0x42, 0x00, 0x00, 0x00, 0x00, 0x00, 0x00,
        0x42, 0xB1, 0x40, 0x0A, 0xA4, 0x40, 0x0A, 0xA4, 0x3D, 0x42, 0x80, 0x0D,
        0xD8, 0x80, 0x0D, 0xD8, 0x90, 0x6C, 0xAA, 0x23, 0xFA, 0xA0, 0x8F, 0xD5,
        0x09, 0x00, 0xEF, 0x70, 0x53, 0x31, 0x15, 0x77, 0x6E, 0x5B, 0xAC, 0x33,
        0xF6, 0x62, 0x8D, 0xB1, 0x13, 0x08, 0xA6, 0xF0, 0x52, 0x77, 0x97, 0x97,
        0x13, 0x0A, 0x29, 0x11, 0x53, 0x71, 0x95, 0x57, 0x47, 0x3E, 0x68, 0x82,
        0xFE, 0xA8, 0x8F, 0xFA, 0x1C, 0x13, 0xAE, 0xE0, 0x0E, 0x2F, 0x15, 0x77,
        0x39, 0x3E, 0xE2, 0x40, 0x72, 0x1C, 0x57, 0x91, 0x1C, 0x5F, 0x40, 0x02,
        0x24, 0x40, 0x02, 0x24, 0x3B, 0x25, 0x40, 0x0E, 0xE4, 0x40, 0x0E, 0xE4,
        0x57, 0x50, 0x68, 0x03, 0xD6, 0x50, 0x0B, 0xB4, 0x31, 0x2A, 0x21, 0x11,
        0x52, 0x29, 0x19, 0x93, 0x4B, 0x51, 0x6D, 0xD1, 0x96, 0x6D, 0x9B, 0xB6,
        0x31, 0x36, 0xC0, 0x0A, 0x80, 0x00, 0x04, 0x00, 0x00, 0x05, 0x00, 0x00,
        0x00, 0x00, 0x00, 0x00, 0x17, 0x5D, 0xB6, 0x6D, 0xDB, 0xB6, 0x8D, 0x26,
        0x00, 0x05, 0x00, 0x00, 0x00, 0x00, 0x00, 0x00, 0x5E, 0x63, 0xB6, 0x6D,
        0xDB, 0xB6, 0x0D, 0x40, 0x00, 0x05, 0x00, 0x00, 0x00, 0x00, 0x00, 0x00,
        0x6C, 0x3D, 0x63, 0xB3, 0xF5, 0x5B, 0x8F, 0x69, 0x00, 0x05, 0x00, 0x00,
        0x00, 0x00, 0x00, 0x00, 0x5F, 0x00, 0xF5, 0x43, 0x3F, 0xEC, 0x03, 0x00,
        0x00, 0x05, 0x00, 0x00, 0x00, 0x00, 0x00, 0x00, 0x00, 0x05, 0x00, 0x00,
        0x00, 0x00, 0x00, 0x00, 0x00, 0x05, 0x00, 0x00, 0x00, 0x00, 0x00, 0x00,
        0x00, 0x05, 0x00, 0x00, 0x00, 0x00, 0x00, 0x00, 0x2C, 0x9E, 0x49, 0x99,
        0x94, 0x49, 0x09, 0xDB, 0x14, 0x5C, 0xB6, 0x6D, 0xDB, 0xB6, 0x8D, 0x26,
        0x58, 0x00, 0xEA, 0x23, 0x3A, 0x58, 0x9F, 0x24, 0x5D, 0x62, 0xB6, 0x6D,
        0xDB, 0xB6, 0x0D, 0x69, 0x31, 0x36, 0xB6, 0x6D, 0xDB, 0xB6, 0x0D, 0xDB,
        0x5C, 0x00, 0x49, 0x92, 0x24, 0x49, 0xF2, 0x01, 0x00, 0x05, 0x00, 0x00,
        0x00, 0x00, 0x00, 0x00, 0x5D, 0x62, 0xB6, 0x6D, 0xDB, 0xB6, 0x0D, 0x49,
        0x41, 0x46, 0x90, 0x04, 0x49, 0x90, 0x04, 0x49, 0x3D, 0x42, 0x00, 0x00,
        0x00, 0x00, 0x00, 0x00, 0x42, 0x47, 0x00, 0x00, 0x00, 0x00, 0x00, 0x00,
        0x3D, 0x42, 0x00, 0x00, 0x00, 0x00, 0x00, 0x00, 0xB1, 0x42, 0x09, 0x94,
        0x40, 0x09, 0x94, 0x40, 0x3D, 0x42, 0x80, 0x0D, 0xD8, 0x80, 0x0D, 0xD8,
        0x91, 0x70, 0xEA, 0x23, 0x3A, 0x98, 0x8F, 0xF5, 0x07, 0x00, 0xF7, 0x10,
        0x0F, 0x71, 0x95, 0x77, 0x71, 0x5E, 0xAC, 0xB3, 0xFA, 0x62, 0x8D, 0xD5,
        0x11, 0x07, 0xE6, 0xE0, 0x52, 0x37, 0x17, 0x97, 0x0A, 0x11, 0x58, 0x83,
        0x31, 0x10, 0x03, 0x31, 0x47, 0x3E, 0xE8, 0x8F, 0xFA, 0xA8, 0x8F, 0x36,
        0x1C, 0x13, 0xEE, 0xF0, 0x52, 0x71, 0x17, 0x77, 0x3A, 0x3F, 0xDB, 0x34,
        0x4D, 0xC4, 0xD6, 0x6D, 0x5F, 0x1A, 0x39, 0x90, 0x03, 0x09, 0x90, 0x00,
        0x3B, 0x25, 0x40, 0x0E, 0xE4, 0x40, 0x0E, 0xE4, 0x52, 0x57, 0x99, 0x90,
        0x4A, 0x89, 0x94, 0x48, 0x2A, 0x30, 0x68, 0x03, 0xB6, 0x58, 0x0B, 0xB4,
        0x4E, 0x53, 0x92, 0x20, 0x49, 0x94, 0x14, 0x49, 0x2F, 0x34, 0xDB, 0xB2,
        0x8D, 0xDB, 0x86, 0x6D, 0x00, 0x05, 0x00, 0x00, 0x00, 0x00, 0x00, 0x00,
        0x5D, 0x00, 0x16, 0x10, 0x0A, 0x09, 0x95, 0x98, 0x00, 0x05, 0x00, 0x00,
        0x00, 0x00, 0x00, 0x00, 0x5F, 0x47, 0x00, 0x20, 0x01, 0xDC, 0x14, 0x93,
        0x00, 0x05, 0x00, 0x00, 0x00, 0x00, 0x00, 0x00, 0x6C, 0x1B, 0x90, 0x44,
        0x6E, 0x4A, 0x29, 0xA7, 0x00, 0x05, 0x00, 0x00, 0x00, 0x00, 0x00, 0x00,
        0x5F, 0x47, 0x00, 0x20, 0x01, 0xDC, 0x14, 0x93, 0x00, 0x05, 0x00, 0x00,
        0x00, 0x00, 0x00, 0x00, 0x00, 0x05, 0x00, 0x00, 0x00, 0x00, 0x00, 0x00,
        0x00, 0x05, 0x00, 0x00, 0x00, 0x00, 0x00, 0x00, 0x00, 0x05, 0x00, 0x00,
        0x00, 0x00, 0x00, 0x00, 0x91, 0x00, 0x4E, 0xC2, 0x24, 0x7A, 0x82, 0x26,
        0x5C, 0x00, 0x16, 0x90, 0x0A, 0x09, 0x97, 0x9C, 0x00, 0x05, 0x00, 0x00,
        0x00, 0x00, 0x00, 0x00, 0x5F, 0x42, 0x00, 0x20, 0x01, 0xDC, 0x14, 0x73,
        0x1F, 0x92, 0xB2, 0x4D, 0xDB, 0x85, 0x9D, 0xD9, 0x5C, 0x00, 0x1F, 0x10,
        0x0B, 0x49, 0x97, 0xA4, 0x00, 0x05, 0x00, 0x00, 0x00, 0x00, 0x00, 0x00,
        0x5E, 0x3E, 0x00, 0x20, 0x01, 0x9C, 0x14, 0x73, 0x41, 0x46, 0x90, 0x04,
        0x49, 0x90, 0x04, 0x49, 0x3D, 0x42, 0x00, 0x00, 0x00, 0x00, 0x00, 0x00,
        0x42, 0x47, 0x00, 0x00, 0x00, 0x00, 0x00, 0x00, 0x3D, 0x42, 0x00, 0x00,
        0x00, 0x00, 0x00, 0x00, 0xB2, 0x42, 0x09, 0x94, 0x40, 0x09, 0x94, 0x40,
        0x3D, 0x42, 0x80, 0x0D, 0xD8, 0x80, 0x0D, 0xD8, 0x96, 0x76, 0xE2, 0x23,
        0x3A, 0x98, 0x8F, 0xF5, 0x01, 0x06, 0xC6, 0x6A, 0xA8, 0x86, 0x66, 0x6B,
        0x76, 0x64, 0xF3, 0xA3, 0x3A, 0x98, 0x0F, 0xD5, 0x0C, 0x05, 0xA6, 0xF0,
        0x0E, 0x37, 0x15, 0x73, 0x11, 0x0A, 0x39, 0x91, 0x53, 0x79, 0x97, 0x77,
        0x47, 0x3D, 0x60, 0x0F, 0x32, 0x20, 0x8F, 0xD1, 0x19, 0x11, 0xA6, 0x70,
        0x4A, 0x31, 0x15, 0x53, 0x3A, 0x3F, 0xDD, 0x96, 0x61, 0x19, 0x96, 0x4E,
        0x18, 0x5F, 0x40, 0x02, 0x24, 0x40, 0x02, 0x24, 0x3C, 0x24, 0x40, 0x0E,
        0xE4, 0x40, 0x0E, 0xE4, 0x53, 0x58, 0x2D, 0xD0, 0x02, 0xED, 0x90, 0x12,
        0x2A, 0x2F, 0x40, 0x0B, 0xB4, 0x40, 0x0B, 0xAC, 0x4F, 0x54, 0x05, 0x50,
        0x01, 0x25, 0xD0, 0x02, 0x2E, 0x33, 0x22, 0x09, 0x92, 0x18, 0x09, 0x90,
        0x00, 0x05, 0x00, 0x00, 0x00, 0x00, 0x00, 0x00, 0x58, 0x00, 0xA1, 0x90,
        0x50, 0x89, 0x99, 0xA4, 0x00, 0x05, 0x00, 0x00, 0x00, 0x00, 0x00, 0x00,
        0x5E, 0x38, 0x00, 0x30, 0x09, 0xE5, 0x14, 0x93, 0x00, 0x05, 0x00, 0x00,
        0x00, 0x00, 0x00, 0x00, 0x62, 0x01, 0x9B, 0x04, 0x6F, 0xA0, 0x89, 0xA5,
        0x00, 0x05, 0x00, 0x00, 0x00, 0x00, 0x00, 0x00, 0x5E, 0x38, 0x00, 0x30,
        0x09, 0xE5, 0x14, 0x93, 0x00, 0x05, 0x00, 0x00, 0x00, 0x00, 0x00, 0x00,
        0x00, 0x05, 0x00, 0x00, 0x00, 0x00, 0x00, 0x00, 0x00, 0x05, 0x00, 0x00,
        0x00, 0x00, 0x00, 0x00, 0x00, 0x05, 0x00, 0x00, 0x00, 0x00, 0x00, 0x00,
        0x10, 0x96, 0xB4, 0x5D, 0xD8, 0x99, 0x1D, 0xC2, 0x56, 0x00, 0xA9, 0x90,
        0x50, 0xC9, 0x99, 0xC4, 0x00, 0x05, 0x00, 0x00, 0x00, 0x00, 0x00, 0x00,
        0x5D, 0x32, 0x00, 0x30, 0x09, 0xE5, 0x14, 0x73, 0x1F, 0x97, 0xB4, 0x5D,
        0xD8, 0x99, 0x1D, 0xC2, 0x55, 0x00, 0xA9, 0x90, 0x54, 0x49, 0x9A, 0xE4,
        0x00, 0x05, 0x00, 0x00, 0x00, 0x00, 0x00, 0x00, 0x5D, 0x2B, 0x00, 0x30,
        0x09, 0xE5, 0x14, 0x73, 0x42, 0x0C, 0x00, 0x00, 0x00, 0x00, 0xC0, 0x27,
        0x46, 0x3C, 0xFF, 0xFF, 0xFF, 0xFF, 0x9F, 0x01, 0x0A, 0x42, 0x49, 0x92,
        0x24, 0x49, 0x02, 0x00, 0x3D, 0x47, 0x00, 0x00, 0x00, 0x00, 0x90, 0x24,
        0xB2, 0x0A, 0x36, 0x64, 0x43, 0x36, 0x94, 0xF0, 0x47, 0x00, 0x52, 0x22,
        0x25, 0x52, 0x02, 0x74, 0x96, 0x10, 0x90, 0x06, 0x49, 0x80, 0x94, 0x24,
        0x41, 0x00, 0x49, 0x9E, 0x24, 0x49, 0x22, 0x00, 0x76, 0x0C, 0x90, 0x04,
        0x48, 0x80, 0x94, 0x24, 0x44, 0x05, 0xC9, 0x9F, 0xE4, 0x49, 0x0E, 0x00,
        0x11, 0x0A, 0x39, 0x95, 0x77, 0x79, 0x97, 0x24, 0x47, 0x3D, 0x20, 0x03,
        0xF2, 0x18, 0x0D, 0x00, 0x17, 0x0A, 0x14, 0xC0, 0x09, 0x9C, 0x90, 0x24,
        0x3A, 0x47, 0x13, 0x34, 0x41, 0x9B, 0x90, 0x24, 0x0A, 0x5F, 0x52, 0x22,
        0x25, 0x52, 0x02, 0x50, 0x47, 0x24, 0x5B, 0xBE, 0xE5, 0x5B, 0x0E, 0x74,
        0x0D, 0x58, 0x49, 0x92, 0x24, 0x49, 0x02, 0x00, 0x44, 0x2A, 0xC9, 0x9F,
        0xFC, 0xC9, 0x2F, 0x00, 0x0B, 0x53, 0x49, 0x92, 0x24, 0x49, 0x02, 0x00,
        0x46, 0x2E, 0xF9, 0x9F, 0xFF, 0xC9, 0x0F, 0x00, 0x00, 0x05, 0x00, 0x00,
        0x00, 0x00, 0x00, 0x00, 0x10, 0x24, 0xB6, 0x63, 0x1B, 0xB6, 0x6D, 0xDB,
        0x00, 0x05, 0x00, 0x00, 0x00, 0x00, 0x00, 0x00, 0x50, 0x0C, 0x13, 0xD0,
        0x49, 0xEF, 0x16, 0x73, 0x00, 0x05, 0x00, 0x00, 0x00, 0x00, 0x00, 0x00,
        0x62, 0x00, 0x58, 0x8A, 0xFD, 0x58, 0x03, 0xF5, 0x00, 0x05, 0x00, 0x00,
        0x00, 0x00, 0x00, 0x00, 0x50, 0x0C, 0x13, 0xD0, 0x49, 0xEF, 0x16, 0x73,
        0x00, 0x05, 0x00, 0x00, 0x00, 0x00, 0x00, 0x00, 0x00, 0x05, 0x00, 0x00,
        0x00, 0x00, 0x00, 0x00, 0x00, 0x05, 0x00, 0x00, 0x00, 0x00, 0x00, 0x00,
        0x00, 0x05, 0x00, 0x00, 0x00, 0x00, 0x00, 0x00, 0x9C, 0x00, 0xE0, 0x83,
        0x39, 0x50, 0x0F, 0xD1, 0x08, 0x1A, 0xB6, 0x63, 0x1B, 0xB6, 0x6D, 0xDB,
        0x07, 0x0C, 0xB6, 0x6D, 0xDB, 0xB6, 0x0D, 0xDB, 0x06, 0x4E, 0x6C, 0x32,
        0xB6, 0x1A, 0x0B, 0x8D, 0x9C, 0x00, 0xD8, 0x83, 0x35, 0x10, 0x0F, 0xD1,
        0x10, 0x15, 0xB6, 0x61, 0xDB, 0xB6, 0x6D, 0xDB, 0x0F, 0x14, 0xB6, 0x6D,
        0xDB, 0xB6, 0x0D, 0xDB, 0x4B, 0x00, 0x94, 0x60, 0x4E, 0x29, 0x97, 0x97,
        0x36, 0x0C, 0x7B, 0x22, 0x3F, 0xA8, 0x0F, 0xFA, 0x38, 0x46, 0x6B, 0x82,
        0xB1, 0xD0, 0x08, 0x68, 0x13, 0x0A, 0x7F, 0xD2, 0xD6, 0x63, 0x0B, 0xB1,
        0x47, 0x3E, 0x00, 0x50, 0x4E, 0x6D, 0x1B, 0xB7, 0x9E, 0x0A, 0xC9, 0x9E,
        0xA8, 0x09, 0x9A, 0x80, 0x47, 0x00, 0x40, 0x07, 0xC4, 0x40, 0x0E, 0xE4,
        0x44, 0x10, 0x7F, 0x42, 0xFB, 0x63, 0x8D, 0xB1, 0x41, 0x10, 0x12, 0x50,
        0x6E, 0x77, 0x99, 0xBB, 0x21, 0x0C, 0x7F, 0x52, 0xDB, 0x63, 0x0B, 0x8D,
        0x44, 0x27, 0x00, 0x40, 0x6E, 0x76, 0x9B, 0xDF, 0x0A, 0x0F, 0x00, 0x00,
        0x00, 0x00, 0x00, 0x00, 0x47, 0x4C, 0x00, 0x00, 0x00, 0x00, 0x00, 0x00,
        0x0A, 0x0F, 0x00, 0x00, 0x00, 0x00, 0x00, 0x00, 0x47, 0x4C, 0x00, 0x00,
        0x00, 0x00, 0x00, 0x00, 0x54, 0x0A, 0xC9, 0x9E, 0xA8, 0x09, 0x9A, 0x80,
        0x47, 0x23, 0x40, 0x07, 0xA4, 0x40, 0x0E, 0xE4, 0x27, 0x0D, 0x7F, 0x42,
        0xFF, 0xA3, 0x8D, 0xB1, 0x44, 0x2C, 0x02, 0x50, 0x6E, 0x77, 0x99, 0xBB,
        0x15, 0x0B, 0x7F, 0x52, 0xDB, 0x23, 0x09, 0x8D, 0x37, 0x46, 0x49, 0x42,
        0xB2, 0xDA, 0x06, 0x48, 0x00, 0x05, 0x00, 0x00, 0x00, 0x00, 0x00, 0x00,
        0x10, 0x15, 0xB6, 0x61, 0xDB, 0xB6, 0x6D, 0xDB, 0x00, 0x05, 0x00, 0x00,
        0x00, 0x00, 0x00, 0x00, 0x0C, 0x49, 0x6B, 0x23, 0xB6, 0x18, 0x6B, 0x8D,
        0x00, 0x05, 0x00, 0x00, 0x00, 0x00, 0x00, 0x00, 0x5F, 0x00, 0xD8, 0x8F,
        0x35, 0x50, 0x0F, 0xD1, 0x00, 0x05, 0x00, 0x00, 0x00, 0x00, 0x00, 0x00,
        0x0C, 0x49, 0x6B, 0x23, 0xB6, 0x18, 0x6B, 0x8D, 0x00, 0x05, 0x00, 0x00,
        0x00, 0x00, 0x00, 0x00, 0x00, 0x05, 0x00, 0x00, 0x00, 0x00, 0x00, 0x00,
        0x00, 0x05, 0x00, 0x00, 0x00, 0x00, 0x00, 0x00, 0x00, 0x05, 0x00, 0x00,
        0x00, 0x00, 0x00, 0x00, 0x9D, 0x04, 0x98, 0x03, 0xF5, 0x10, 0x0D, 0xD1,
        0x08, 0x0D, 0xB6, 0x61, 0xDB, 0xB6, 0x6D, 0xDB, 0x02, 0x10, 0xB6, 0x6D,
        0xDB, 0xB3, 0x1D, 0xD8, 0x45, 0x00, 0x9D, 0x70, 0x4E, 0x37, 0x97, 0x97,
        0x9D, 0x09, 0x98, 0x03, 0xF5, 0x10, 0x0D, 0xAD, 0x00, 0x05, 0x00, 0x00,
        0x00, 0x00, 0x00, 0x00, 0x04, 0x1F, 0xB6, 0x6D, 0xDB, 0xB3, 0x1D, 0xD8,
        0x42, 0x00, 0x9E, 0x90, 0x4E, 0x79, 0x97, 0xB8, 0x38, 0x0F, 0xF2, 0xA3,
        0xFE, 0xA8, 0x0F, 0xDA, 0x42, 0x38, 0xA1, 0x10, 0x73, 0xBF, 0xF9, 0xBB,
        0x14, 0x0C, 0xFE, 0xC3, 0xFA, 0x58, 0x0D, 0x8C, 0x45, 0x3D, 0x13, 0xC0,
        0x6D, 0x2F, 0x99, 0xB8, 0xA2, 0x0B, 0x89, 0x9C, 0xA0, 0x09, 0x98, 0x60,
        0x03, 0x46, 0x09, 0x96, 0x58, 0x89, 0x91, 0x18, 0x4E, 0x17, 0xFE, 0x43,
        0xFB, 0x62, 0x8D, 0xB5, 0x34, 0x0B, 0x14, 0x60, 0x6E, 0x77, 0x99, 0xBB,
        0x26, 0x11, 0x7F, 0x52, 0xDB, 0x63, 0x0B, 0x8D, 0x3C, 0x21, 0x12, 0x50,
        0x6E, 0x76, 0x99, 0xDB, 0x0A, 0x0F, 0x00, 0x00, 0x00, 0x00, 0x00, 0x00,
        0x47, 0x4C, 0x00, 0x00, 0x00, 0x00, 0x00, 0x00, 0x0A, 0x0F, 0x00, 0x00,
        0x00, 0x00, 0x00, 0x00, 0x47, 0x4C, 0x00, 0x00, 0x00, 0x00, 0x00, 0x00,
        0x56, 0x0A, 0x89, 0x9A, 0xA8, 0x09, 0x98, 0x60, 0x47, 0x23, 0x40, 0x0A,
        0xE4, 0x40, 0x0E, 0x24, 0x10, 0x2C, 0x13, 0xC0, 0x49, 0xE5, 0x94, 0x72,
        0x3E, 0x29, 0x9C, 0xE0, 0x72, 0x77, 0x99, 0xBB, 0x18, 0x0D, 0xFF, 0xD3,
        0xDA, 0x63, 0x0B, 0x8D, 0x42, 0x34, 0x13, 0x50, 0x72, 0x77, 0x9B, 0xDF,
        0x00, 0x05, 0x00, 0x00, 0x00, 0x00, 0x00, 0x00, 0x00, 0x05, 0x00, 0x00,
        0x00, 0x00, 0x00, 0x00, 0x00, 0x05, 0x00, 0x00, 0x00, 0x00, 0x00, 0x00,
        0x30, 0x00, 0xE9, 0x90, 0x53, 0x49, 0x99, 0xBC, 0x00, 0x05, 0x00, 0x00,
        0x00, 0x00, 0x00, 0x00, 0x5E, 0x1A, 0x50, 0x03, 0xF1, 0x10, 0x0D, 0xAD,
        0x00, 0x05, 0x00, 0x00, 0x00, 0x00, 0x00, 0x00, 0x30, 0x00, 0xE9, 0xE0,
        0x53, 0x4D, 0xC9, 0xBF, 0x00, 0x05, 0x00, 0x00, 0x00, 0x00, 0x00, 0x00,
        0x00, 0x05, 0x00, 0x00, 0x00, 0x00, 0x00, 0x00, 0x00, 0x05, 0x00, 0x00,
        0x00, 0x00, 0x00, 0x00, 0x00, 0x05, 0x00, 0x00, 0x00, 0x00, 0x00, 0x00,
        0x9E, 0x37, 0x50, 0x03, 0xF1, 0x10, 0x0D, 0xAD, 0x00, 0x05, 0x00, 0x00,
        0x00, 0x00, 0x00, 0x00, 0x3B, 0x00, 0x4E, 0xC2, 0x27, 0x72, 0x82, 0x3E,
        0x04, 0x28, 0x16, 0x63, 0xAC, 0xB6, 0x66, 0x43, 0x9E, 0x43, 0x50, 0x03,
        0xF1, 0x10, 0x0D, 0xAD, 0x00, 0x05, 0x00, 0x00, 0x00, 0x00, 0x00, 0x00,
        0x46, 0x00, 0x4D, 0x32, 0x27, 0xEA, 0x03, 0x3A, 0x03, 0x20, 0xF6, 0x62,
        0x83, 0xB6, 0x65, 0xDB, 0x3A, 0x18, 0xE8, 0x83, 0x3A, 0xA0, 0x0F, 0xFA,
        0x39, 0x3E, 0xC0, 0x28, 0x48, 0x02, 0x36, 0x60, 0x1A, 0x10, 0xF5, 0xB3,
        0xFA, 0x60, 0x8D, 0xB1, 0x41, 0x3A, 0xED, 0x64, 0x96, 0x31, 0x9B, 0x97,
        0xAA, 0x0E, 0x09, 0x98, 0x60, 0x09, 0x96, 0x60, 0x01, 0x42, 0x89, 0x91,
        0x18, 0x89, 0x91, 0xD8, 0x65, 0x2C, 0xF4, 0xB3, 0xFA, 0xA2, 0x8F, 0xD5,
        0x1D, 0x04, 0xA6, 0xF0, 0x52, 0x71, 0x97, 0x9B, 0x36, 0x1D, 0xFD, 0xC3,
        0xFA, 0x62, 0x8D, 0xB1, 0x2A, 0x15, 0x9C, 0xE0, 0x72, 0x77, 0x99, 0xBB,
        0x0A, 0x0F, 0x00, 0x00, 0x00, 0x00, 0x00, 0x00, 0x47, 0x4C, 0x00, 0x00,
        0x00, 0x00, 0x00, 0x00, 0x0A, 0x0F, 0x00, 0x00, 0x00, 0x00, 0x00, 0x00,
        0x47, 0x4C, 0x00, 0x00, 0x00, 0x00, 0x00, 0x00, 0x5A, 0x0A, 0x09, 0x98,
        0x60, 0x09, 0x96, 0x60, 0x23, 0x47, 0x09, 0x90, 0x00, 0x09, 0x90, 0x00,
        0x37, 0x1B, 0xF4, 0xB3, 0xFA, 0xA2, 0x8F, 0xD5, 0x32, 0x25, 0xA6, 0xF0,
        0x52, 0x77, 0x97, 0x97, 0x20, 0x13, 0xF5, 0xC3, 0xDA, 0x63, 0x8D, 0xB1,
        0x2E, 0x38, 0x6C, 0xB2, 0xB1, 0xD2, 0x08, 0x69, 0x00, 0x05, 0x00, 0x00,
        0x00, 0x00, 0x00, 0x00, 0x00, 0x05, 0x00, 0x00, 0x00, 0x00, 0x00, 0x00,
        0x00, 0x05, 0x00, 0x00, 0x00, 0x00, 0x00, 0x00, 0x08, 0x27, 0x06, 0x63,
        0xAB, 0x36, 0x66, 0x5B, 0x00, 0x05, 0x00, 0x00, 0x00, 0x00, 0x00, 0x00,
        0x5E, 0x24, 0x50, 0x03, 0xF1, 0x10, 0x0D, 0xAD, 0x00, 0x05, 0x00, 0x00,
        0x00, 0x00, 0x00, 0x00, 0x27, 0x00, 0xF6, 0xC0, 0x74, 0xF3, 0x89, 0xA6,
        0x00, 0x05, 0x00, 0x00, 0x00, 0x00, 0x00, 0x00, 0x00, 0x05, 0x00, 0x00,
        0x00, 0x00, 0x00, 0x00, 0x00, 0x05, 0x00, 0x00, 0x00, 0x00, 0x00, 0x00,
        0x00, 0x05, 0x00, 0x00, 0x00, 0x00, 0x00, 0x00, 0x9E, 0x46, 0x50, 0x03,
        0xF1, 0x10, 0x0D, 0xCD, 0x00, 0x05, 0x00, 0x00, 0x00, 0x00, 0x00, 0x00,
        0x46, 0x00, 0x7D, 0x32, 0x27, 0xEA, 0x03, 0xFA, 0x1E, 0x00, 0x39, 0x91,
        0x78, 0xC9, 0x9B, 0xC4, 0x9E, 0x50, 0x50, 0x03, 0xF1, 0x10, 0x0D, 0xCD,
        0x00, 0x05, 0x00, 0x00, 0x00, 0x00, 0x00, 0x00, 0x50, 0x00, 0x74, 0xB2,
        0x3E, 0xA2, 0x83, 0xF5, 0x03, 0x14, 0x36, 0x62, 0x7B, 0xB6, 0x6D, 0xDB,
        0x3B, 0x1A, 0xE8, 0x83, 0x3A, 0xA0, 0x0F, 0xFA, 0x39, 0x3E, 0x82, 0x24,
        0x60, 0x03, 0x36, 0x08, 0x11, 0x1C, 0x94, 0xD0, 0x49, 0xE5, 0x94, 0x72,
        0x3A, 0x3F, 0x2B, 0x8B, 0x95, 0x10, 0x3B, 0x8C, 0xAA, 0x0F, 0x09, 0x96,
        0x60, 0x09, 0x96, 0x60, 0x01, 0x40, 0x89, 0x91, 0x18, 0x89, 0x9D, 0xD8,
        0x6B, 0x32, 0xF3, 0xA3, 0xFA, 0xA2, 0x8F, 0xD5, 0x18, 0x02, 0xA6, 0xF0,
        0x52, 0x77, 0x97, 0x97, 0x3A, 0x21, 0xF5, 0xB3, 0xFA, 0x62, 0x0D, 0xB1,
        0x25, 0x12, 0x9C, 0xE0, 0x4E, 0x77, 0x19, 0xBB, 0x0A, 0x0F, 0x00, 0x00,
        0x00, 0x00, 0x00, 0x00, 0x47, 0x4C, 0x00, 0x00, 0x00, 0x00, 0x00, 0x00,
        0x0A, 0x0F, 0x00, 0x00, 0x00, 0x00, 0x00, 0x00, 0x47, 0x4C, 0x00, 0x00,
        0x00, 0x00, 0x00, 0x00, 0x5A, 0x0A, 0x09, 0x96, 0x60, 0x09, 0x96, 0x60,
        0x23, 0x47, 0x09, 0x90, 0x00, 0x09, 0x90, 0x00, 0x3A, 0x1E, 0xF4, 0xB3,
        0xFA, 0xA2, 0x8F, 0xD5, 0x30, 0x25, 0xEF, 0xF0, 0x52, 0x79, 0x97, 0x9B,
        0x22, 0x16, 0xFD, 0xC3, 0xFA, 0x62, 0x8D, 0xB1, 0x36, 0x2D, 0x9C, 0xD0,
        0x52, 0x6F, 0x99, 0xB7, 0x00, 0x05, 0x00, 0x00, 0x00, 0x00, 0x00, 0x00,
        0x00, 0x05, 0x00, 0x00, 0x00, 0x00, 0x00, 0x00, 0x00, 0x05, 0x00, 0x00,
        0x00, 0x00, 0x00, 0x00, 0x07, 0x0E, 0xB6, 0x63, 0x1B, 0xB6, 0x6D, 0xDB,
        0x00, 0x05, 0x00, 0x00, 0x00, 0x00, 0x00, 0x00, 0x5F, 0x39, 0x10, 0x03,
        0xF1, 0x10, 0x0D, 0xCD, 0x00, 0x05, 0x00, 0x00, 0x00, 0x00, 0x00, 0x00,
        0x35, 0x00, 0x73, 0xAC, 0xFE, 0xA2, 0x83, 0xF5, 0x00, 0x05, 0x00, 0x00,
        0x00, 0x00, 0x00, 0x00, 0x00, 0x05, 0x00, 0x00, 0x00, 0x00, 0x00, 0x00,
        0x00, 0x05, 0x00, 0x00, 0x00, 0x00, 0x00, 0x00, 0x00, 0x05, 0x00, 0x00,
        0x00, 0x00, 0x00, 0x00, 0x9E, 0x65, 0x50, 0x03, 0xF1, 0x10, 0x0D, 0xCD,
        0x00, 0x05, 0x00, 0x00, 0x00, 0x00, 0x00, 0x00, 0x5F, 0x06, 0xEB, 0x23,
        0x3A, 0xA2, 0x8F, 0xD5, 0x03, 0x08, 0xB6, 0x6B, 0x1B, 0xB6, 0x6D, 0xDB,
        0x9E, 0x6B, 0x10, 0x03, 0xF1, 0x10, 0x0D, 0xCC, 0x00, 0x05, 0x00, 0x00,
        0x00, 0x00, 0x00, 0x00, 0x66, 0x0C, 0xAB, 0x23, 0xFA, 0x58, 0x8D, 0xD1,
        0x00, 0x05, 0x00, 0x00, 0x00, 0x00, 0x00, 0x00, 0x3C, 0x20, 0xE8, 0x03,
        0x3E, 0xA0, 0x03, 0xFA, 0x39, 0x3E, 0x83, 0x40, 0x09, 0x9C, 0xD0, 0x61,
        0x15, 0x20, 0x9C, 0xD0, 0x49, 0xE1, 0x94, 0x6E, 0x39, 0x3E, 0x14, 0xBB,
        0x89, 0xA2, 0x84, 0x51, 0x13, 0xAD, 0x40, 0x0A, 0xA4, 0x40, 0x0A, 0xA4,
        0x3B, 0x40, 0x9D, 0xBD, 0xDA, 0xA2, 0x0D, 0xD9, 0x79, 0x42, 0xEB, 0x23,
        0xFA, 0x60, 0x8F, 0xD5, 0x0E, 0x00, 0xEF, 0x10, 0x53, 0x71, 0x97, 0x9B,
        0x47, 0x2B, 0xF4, 0xB3, 0xFA, 0x62, 0x8D, 0xD1, 0x1A, 0x0C, 0x9D, 0xF0,
        0x4E, 0x79, 0x97, 0xBB, 0x0A, 0x0F, 0x00, 0x00, 0x00, 0x00, 0x00, 0x00,
        0x47, 0x4C, 0x00, 0x00, 0x00, 0x00, 0x00, 0x00, 0x0A, 0x0F, 0x00, 0x00,
        0x00, 0x00, 0x00, 0x00, 0x47, 0x4C, 0x00, 0x00, 0x00, 0x00, 0x00, 0x00,
        0x0A, 0x5B, 0x40, 0x0A, 0xA4, 0x40, 0x0A, 0xA4, 0x23, 0x47, 0x09, 0x90,
        0x00, 0x09, 0x90, 0x00, 0x42, 0x26, 0xEB, 0xA3, 0x3A, 0xA0, 0x0F, 0xD6,
        0x2B, 0x24, 0x37, 0x11, 0x57, 0x79, 0x99, 0x9B, 0x1B, 0x28, 0x9C, 0xD0,
        0x4D, 0xE5, 0x94, 0x72, 0x2A, 0x30, 0x6C, 0x22, 0x36, 0x10, 0x0B, 0x8D,
        0x00, 0x05, 0x00, 0x00, 0x00, 0x00, 0x00, 0x00, 0x00, 0x05, 0x00, 0x00,
        0x00, 0x00, 0x00, 0x00, 0x00, 0x05, 0x00, 0x00, 0x00, 0x00, 0x00, 0x00,
        0x07, 0x0C, 0xB6, 0x61, 0xDB, 0xB6, 0x6D, 0xDB, 0x00, 0x05, 0x00, 0x00,
        0x00, 0x00, 0x00, 0x00, 0x3D, 0x5F, 0x29, 0x91, 0x52, 0x29, 0x65, 0xDB,
        0x00, 0x05, 0x00, 0x00, 0x00, 0x00, 0x00, 0x00, 0x35, 0x00, 0xEA, 0x2F,
        0x3A, 0x58, 0x9F, 0x24, 0x00, 0x05, 0x00, 0x00, 0x00, 0x00, 0x00, 0x00,
        0x00, 0x05, 0x00, 0x00, 0x00, 0x00, 0x00, 0x00, 0x00, 0x05, 0x00, 0x00,
        0x00, 0x00, 0x00, 0x00, 0x00, 0x05, 0x00, 0x00, 0x00, 0x00, 0x00, 0x00,
        0x6C, 0x9E, 0xE9, 0x90, 0x52, 0x09, 0x65, 0xDB, 0x00, 0x05, 0x00, 0x00,
        0x00, 0x00, 0x00, 0x00, 0x5F, 0x00, 0xA2, 0x8F, 0xF5, 0x58, 0x9D, 0x24,
        0x03, 0x08, 0xB6, 0x61, 0xDB, 0xB6, 0x6D, 0xDB, 0x72, 0x9E, 0x29, 0x91,
        0x52, 0x09, 0x65, 0xDB, 0x00, 0x05, 0x00, 0x00, 0x00, 0x00, 0x00, 0x00,
        0x16, 0x66, 0xA5, 0x10, 0x4E, 0xE9, 0x64, 0xDB, 0x00, 0x05, 0x00, 0x00,
        0x00, 0x00, 0x00, 0x00, 0x3C, 0x21, 0xE0, 0x03, 0x3A, 0xA0, 0x0F, 0xF6,
        0x39, 0x3E, 0x94, 0xC0, 0x09, 0x1D, 0xD6, 0x41, 0x21, 0x17, 0xF4, 0x23,
        0x3A, 0xA0, 0x0D, 0xD1, 0x39, 0x3E, 0x9B, 0x28, 0x4A, 0x18, 0x85, 0x51,
        0x13, 0xAD, 0x40, 0x0A, 0xA4, 0x40, 0x0A, 0xA4, 0x3A, 0x3F, 0x8C, 0xBD,
        0xDA, 0x9A, 0x8D, 0xD9, 0x7E, 0x46, 0xEB, 0x23, 0xFA, 0xA2, 0x8F, 0xD5,
        0x0C, 0x00, 0xEF, 0x70, 0x53, 0x79, 0x97, 0x9B, 0x4B, 0x30, 0xF4, 0xB3,
        0xFA, 0x62, 0x8F, 0xB1, 0x0A, 0x18, 0x63, 0xA3, 0xB1, 0x1A, 0x09, 0x8D,
        0x0A, 0x0F, 0x00, 0x00, 0x00, 0x00, 0x00, 0x00, 0x47, 0x4C, 0x00, 0x00,
        0x00, 0x00, 0x00, 0x00, 0x0A, 0x0F, 0x00, 0x00, 0x00, 0x00, 0x00, 0x00,
        0x47, 0x4C, 0x00, 0x00, 0x00, 0x00, 0x00, 0x00, 0x0A, 0x5C, 0x40, 0x0A,
        0xA4, 0x40, 0x0A, 0xA4, 0x23, 0x47, 0x09, 0x90, 0x00, 0x09, 0x90, 0x00,
        0x44, 0x28, 0xEB, 0xA3, 0x3A, 0xA0, 0x8F, 0xF5, 0x24, 0x2A, 0x18, 0x03,
        0xB1, 0xD0, 0x0A, 0x8D, 0x2A, 0x1D, 0xF4, 0xB3, 0xFA, 0x62, 0x8D, 0xB1,
        0x30, 0x28, 0x9D, 0xE0, 0x4E, 0x2E, 0x17, 0x77, 0x00, 0x05, 0x00, 0x00,
        0x00, 0x00, 0x00, 0x00, 0x00, 0x05, 0x00, 0x00, 0x00, 0x00, 0x00, 0x00,
        0x00, 0x05, 0x00, 0x00, 0x00, 0x00, 0x00, 0x00, 0x00, 0x05, 0x00, 0x00,
        0x00, 0x00, 0x00, 0x00, 0x00, 0x05, 0x00, 0x00, 0x00, 0x00, 0x00, 0x00,
        0x00, 0x05, 0x00, 0x00, 0x00, 0x00, 0x00, 0x00, 0x00, 0x05, 0x00, 0x00,
        0x00, 0x00, 0x00, 0x00, 0x00, 0x05, 0x00, 0x00, 0x00, 0x00, 0x00, 0x00,
        0x00, 0x05, 0x00, 0x00, 0x00, 0x00, 0x00, 0x00, 0x00, 0x05, 0x00, 0x00,
        0x00, 0x00, 0x00, 0x00, 0x00, 0x05, 0x00, 0x00, 0x00, 0x00, 0x00, 0x00,
        0x00, 0x05, 0x00, 0x00, 0x00, 0x00, 0x00, 0x00, 0x00, 0x05, 0x00, 0x00,
        0x00, 0x00, 0x00, 0x00, 0x00, 0x05, 0x00, 0x00, 0x00, 0x00, 0x00, 0x00,
        0x00, 0x05, 0x00, 0x00, 0x00, 0x00, 0x00, 0x00, 0x00, 0x05, 0x00, 0x00,
        0x00, 0x00, 0x00, 0x00, 0x00, 0x05, 0x00, 0x00, 0x00, 0x00, 0x00, 0x00,
        0x00, 0x05, 0x00, 0x00, 0x00, 0x00, 0x00, 0x00, 0x00, 0x05, 0x00, 0x00,
        0x00, 0x00, 0x00, 0x00, 0x00, 0x05, 0x00, 0x00, 0x00, 0x00, 0x00, 0x00,
        0x3C, 0x25, 0xA0, 0x03, 0x3A, 0xA0, 0x8F, 0xF5, 0x39, 0x3E, 0x1D, 0x94,
        0x41, 0x91, 0x14, 0x0D, 0x24, 0x19, 0xA3, 0x23, 0xFA, 0x58, 0x8D, 0xD1,
        0x39, 0x3E, 0x18, 0x25, 0x8C, 0xC3, 0x38, 0x60, 0xAF, 0x17, 0x09, 0x94,
        0x40, 0x09, 0x94, 0x40, 0x3A, 0x3F, 0x98, 0x0D, 0xD8, 0x82, 0x3D, 0xD8,
        0x87, 0x53, 0xAA, 0x23, 0xFA, 0xA0, 0x8F, 0xD5, 0x01, 0x07, 0x16, 0x63,
        0xB0, 0x86, 0x6A, 0x8B, 0x55, 0x3A, 0xEC, 0xB3, 0xFA, 0x62, 0x8D, 0xD5,
        0x06, 0x12, 0x63, 0xA3, 0xB1, 0x18, 0x0B, 0x8D, 0x0A, 0x0F, 0x00, 0x00,
        0x00, 0x00, 0x00, 0x00, 0x47, 0x4C, 0x00, 0x00, 0x00, 0x00, 0x00, 0x00,
        0x0A, 0x0F, 0x00, 0x00, 0x00, 0x00, 0x00, 0x00, 0x47, 0x4C, 0x00, 0x00,
        0x00, 0x00, 0x00, 0x00, 0x5C, 0x0A, 0x09, 0x94, 0x40, 0x09, 0x94, 0x40,
        0x23, 0x47, 0x09, 0x90, 0x00, 0x09, 0x90, 0x00, 0x48, 0x2E, 0xA2, 0x23,
        0xFA, 0xA0, 0x8F, 0xD5, 0x23, 0x28, 0x1A, 0x0B, 0x8D, 0xD0, 0x08, 0x6D,
        0x2F, 0x22, 0xEC, 0xB3, 0xFA, 0x60, 0x8D, 0xD5, 0x27, 0x2D, 0x62, 0xA3,
        0xB1, 0x10, 0x0B, 0x8D, 0x00, 0x05, 0x00, 0x00, 0x00, 0x00, 0x00, 0x00,
        0x00, 0x05, 0x00, 0x00, 0x00, 0x00, 0x00, 0x00, 0x00, 0x05, 0x00, 0x00,
        0x00, 0x00, 0x00, 0x00, 0x00, 0x05, 0x00, 0x00, 0x00, 0x00, 0x00, 0x00,
        0x00, 0x05, 0x00, 0x00, 0x00, 0x00, 0x00, 0x00, 0x00, 0x05, 0x00, 0x00,
        0x00, 0x00, 0x00, 0x00, 0x00, 0x05, 0x00, 0x00, 0x00, 0x00, 0x00, 0x00,
        0x00, 0x05, 0x00, 0x00, 0x00, 0x00, 0x00, 0x00, 0x00, 0x05, 0x00, 0x00,
        0x00, 0x00, 0x00, 0x00, 0x00, 0x05, 0x00, 0x00, 0x00, 0x00, 0x00, 0x00,
        0x00, 0x05, 0x00, 0x00, 0x00, 0x00, 0x00, 0x00, 0x00, 0x05, 0x00, 0x00,
        0x00, 0x00, 0x00, 0x00, 0x00, 0x05, 0x00, 0x00, 0x00, 0x00, 0x00, 0x00,
        0x00, 0x05, 0x00, 0x00, 0x00, 0x00, 0x00, 0x00, 0x00, 0x05, 0x00, 0x00,
        0x00, 0x00, 0x00, 0x00, 0x00, 0x05, 0x00, 0x00, 0x00, 0x00, 0x00, 0x00,
        0x00, 0x05, 0x00, 0x00, 0x00, 0x00, 0x00, 0x00, 0x00, 0x05, 0x00, 0x00,
        0x00, 0x00, 0x00, 0x00, 0x00, 0x05, 0x00, 0x00, 0x00, 0x00, 0x00, 0x00,
        0x00, 0x05, 0x00, 0x00, 0x00, 0x00, 0x00, 0x00, 0x3D, 0x26, 0xA0, 0x03,
        0x3A, 0xA0, 0x0F, 0xF6, 0x39, 0x3E, 0x19, 0x14, 0x49, 0xD1, 0x10, 0x11,
        0x1A, 0x25, 0x9D, 0x50, 0x4E, 0xE1, 0x14, 0x4E, 0x39, 0x3E, 0xC2, 0x38,
        0x8C, 0x03, 0x26, 0x61, 0xAF, 0x17, 0x09, 0x94, 0x40, 0x09, 0x94, 0x40,
        0x3A, 0x3F, 0x80, 0x2D, 0xD8, 0x83, 0xBD, 0xD9, 0x88, 0x57, 0xEA, 0x23,
        0x3A, 0xA0, 0x8F, 0xF5, 0x01, 0x06, 0x06, 0x6B, 0xA8, 0xB6, 0x68, 0x8B,
        0x58, 0x3C, 0xEC, 0xB3, 0xFA, 0x62, 0x8F, 0xD5, 0x0F, 0x05, 0xA6, 0x60,
        0x0E, 0x2F, 0x17, 0x73, 0x0A, 0x0F, 0x00, 0x00, 0x00, 0x00, 0x00, 0x00,
        0x47, 0x4C, 0x00, 0x00, 0x00, 0x00, 0x00, 0x00, 0x0A, 0x0F, 0x00, 0x00,
        0x00, 0x00, 0x00, 0x00, 0x47, 0x4C, 0x00, 0x00, 0x00, 0x00, 0x00, 0x00,
        0x5C, 0x0A, 0x09, 0x94, 0x40, 0x09, 0x94, 0x40, 0x23, 0x47, 0x09, 0x90,
        0x00, 0x09, 0x90, 0x00, 0x49, 0x30, 0xEA, 0x03, 0xFA, 0x58, 0x8F, 0xF5,
        0x23, 0x28, 0xD0, 0x08, 0x8D, 0xD0, 0x06, 0x69, 0x23, 0x31, 0x9C, 0x50,
        0x4E, 0xE5, 0x94, 0x72, 0x26, 0x2B, 0x63, 0xA3, 0x35, 0x1A, 0x0B, 0xAD,
        0x00, 0x05, 0x00, 0x00, 0x00, 0x00, 0x00, 0x00, 0x00, 0x05, 0x00, 0x00,
        0x00, 0x00, 0x00, 0x00, 0x00, 0x05, 0x00, 0x00, 0x00, 0x00, 0x00, 0x00,
        0x00, 0x05, 0x00, 0x00, 0x00, 0x00, 0x00, 0x00, 0x00, 0x05, 0x00, 0x00,
        0x00, 0x00, 0x00, 0x00, 0x00, 0x05, 0x00, 0x00, 0x00, 0x00, 0x00, 0x00,
        0x00, 0x05, 0x00, 0x00, 0x00, 0x00, 0x00, 0x00, 0x00, 0x05, 0x00, 0x00,
        0x00, 0x00, 0x00, 0x00, 0x00, 0x05, 0x00, 0x00, 0x00, 0x00, 0x00, 0x00,
        0x00, 0x05, 0x00, 0x00, 0x00, 0x00, 0x00, 0x00, 0x00, 0x05, 0x00, 0x00,
        0x00, 0x00, 0x00, 0x00, 0x00, 0x05, 0x00, 0x00, 0x00, 0x00, 0x00, 0x00,
        0x00, 0x05, 0x00, 0x00, 0x00, 0x00, 0x00, 0x00, 0x00, 0x05, 0x00, 0x00,
        0x00, 0x00, 0x00, 0x00, 0x00, 0x05, 0x00, 0x00, 0x00, 0x00, 0x00, 0x00,
        0x00, 0x05, 0x00, 0x00, 0x00, 0x00, 0x00, 0x00, 0x00, 0x05, 0x00, 0x00,
        0x00, 0x00, 0x00, 0x00, 0x00, 0x05, 0x00, 0x00, 0x00, 0x00, 0x00, 0x00,
        0x00, 0x05, 0x00, 0x00, 0x00, 0x00, 0x00, 0x00, 0x00, 0x05, 0x00, 0x00,
        0x00, 0x00, 0x00, 0x00, 0x3D, 0x29, 0xA0, 0x03, 0x3A, 0xA0, 0x03, 0xF6,
        0x39, 0x3E, 0x11, 0x11, 0x0D, 0xD1, 0x90, 0x4D, 0x27, 0x1D, 0xAA, 0x03,
        0xD6, 0x58, 0x8D, 0xD5, 0x39, 0x3E, 0x12, 0xA6, 0x41, 0x1A, 0x00, 0x09,
        0xB1, 0x19, 0x09, 0x94, 0x40, 0x09, 0x94, 0x40, 0x3B, 0x40, 0x92, 0x0D,
        0xD9, 0x90, 0x0D, 0xD8, 0x8F, 0x61, 0xA2, 0x23, 0x3A, 0xA0, 0x8F, 0xF5,
        0x01, 0x06, 0xB6, 0x68, 0x63, 0x36, 0x64, 0x5B, 0x60, 0x45, 0xEB, 0x23,
        0xFA, 0x62, 0x8F, 0xD1, 0x0C, 0x04, 0xAF, 0xF0, 0x4E, 0x79, 0x95, 0x77,
        0x0A, 0x0F, 0x00, 0x00, 0x00, 0x00, 0x00, 0x00, 0x47, 0x4C, 0x00, 0x00,
        0x00, 0x00, 0x00, 0x00, 0x0A, 0x0F, 0x00, 0x00, 0x00, 0x00, 0x00, 0x00,
        0x47, 0x4C, 0x00, 0x00, 0x00, 0x00, 0x00, 0x00, 0x5D, 0x0A, 0x09, 0x94,
        0x40, 0x09, 0x94, 0x40, 0x23, 0x47, 0x09, 0x90, 0x00, 0x09, 0x90, 0x00,
        0x4C, 0x35, 0xA2, 0x03, 0x3A, 0x58, 0x8F, 0xF5, 0x23, 0x28, 0x90, 0x06,
        0x69, 0x80, 0x06, 0x68, 0x35, 0x28, 0xEB, 0x23, 0x3A, 0xA2, 0x8F, 0xD5,
        0x25, 0x2A, 0x1A, 0xA3, 0x91, 0xD0, 0x08, 0x8D, 0x00, 0x05, 0x00, 0x00,
        0x00, 0x00, 0x00, 0x00, 0x00, 0x05, 0x00, 0x00, 0x00, 0x00, 0x00, 0x00,
        0x00, 0x05, 0x00, 0x00, 0x00, 0x00, 0x00, 0x00, 0x00, 0x05, 0x00, 0x00,
        0x00, 0x00, 0x00, 0x00, 0x00, 0x05, 0x00, 0x00, 0x00, 0x00, 0x00, 0x00,
        0x00, 0x05, 0x00, 0x00, 0x00, 0x00, 0x00, 0x00, 0x00, 0x05, 0x00, 0x00,
        0x00, 0x00, 0x00, 0x00, 0x00, 0x05, 0x00, 0x00, 0x00, 0x00, 0x00, 0x00,
        0x00, 0x05, 0x00, 0x00, 0x00, 0x00, 0x00, 0x00, 0x00, 0x05, 0x00, 0x00,
        0x00, 0x00, 0x00, 0x00, 0x00, 0x05, 0x00, 0x00, 0x00, 0x00, 0x00, 0x00,
        0x00, 0x05, 0x00, 0x00, 0x00, 0x00, 0x00, 0x00, 0x00, 0x05, 0x00, 0x00,
        0x00, 0x00, 0x00, 0x00, 0x00, 0x05, 0x00, 0x00, 0x00, 0x00, 0x00, 0x00,
        0x00, 0x05, 0x00, 0x00, 0x00, 0x00, 0x00, 0x00, 0x00, 0x05, 0x00, 0x00,
        0x00, 0x00, 0x00, 0x00, 0x00, 0x05, 0x00, 0x00, 0x00, 0x00, 0x00, 0x00,
        0x00, 0x05, 0x00, 0x00, 0x00, 0x00, 0x00, 0x00, 0x00, 0x05, 0x00, 0x00,
        0x00, 0x00, 0x00, 0x00, 0x00, 0x05, 0x00, 0x00, 0x00, 0x00, 0x00, 0x00,
        0xAB, 0x2A, 0x7F, 0xF2, 0x27, 0x7F, 0x32, 0x01, 0x39, 0x3E, 0xD1, 0x10,
        0x0D, 0xD9, 0x64, 0xDB, 0x1F, 0xB0, 0x00, 0x00, 0x00, 0x00, 0x90, 0x24,
        0x39, 0x3E, 0x1A, 0xA4, 0x01, 0x90, 0x60, 0xDB, 0xB7, 0x1A, 0x09, 0x94,
        0x40, 0x09, 0x04, 0x00, 0x3B, 0x40, 0x90, 0x0D, 0xD9, 0x80, 0x6D, 0xDB,
        0xB7, 0x63, 0xF5, 0x53, 0x3F, 0xF4, 0x03, 0x00, 0x01, 0x06, 0x36, 0x66,
        0x43, 0xB6, 0x65, 0xDB, 0xB7, 0x47, 0x7F, 0xF2, 0x27, 0xFE, 0x03, 0x00,
        0x04, 0x0A, 0x62, 0x02, 0x31, 0x10, 0x63, 0xDB, 0xA6, 0x0A, 0x49, 0x92,
        0x24, 0x49, 0x72, 0x01, 0x47, 0x4C, 0x00, 0x00, 0x00, 0x00, 0x60, 0xDB,
        0x0A, 0xAE, 0x00, 0x00, 0x00, 0x00, 0x90, 0x24, 0x47, 0x4C, 0x00, 0x00,
        0x00, 0x00, 0x60, 0xDB, 0xB0, 0x0A, 0x09, 0x9B, 0xB0, 0x09, 0x0B, 0x50,
        0x23, 0x47, 0x09, 0x90, 0x00, 0x09, 0x60, 0xDB, 0xB1, 0x36, 0x7F, 0xF2,
        0x27, 0xFF, 0x03, 0x00, 0x23, 0x28, 0x90, 0x06, 0x68, 0x80, 0x66, 0xDB,
        0xB3, 0x28, 0x4F, 0xF2, 0x24, 0x4F, 0x02, 0x00, 0x25, 0x2A, 0x1A, 0x09,
        0x8D, 0xD0, 0x68, 0xDB, 0x00, 0x05, 0x00, 0x00, 0x00, 0x00, 0x00, 0x00,
        0x00, 0x05, 0x00, 0x00, 0x00, 0x00, 0x00, 0x00, 0x00, 0x05, 0x00, 0x00,
        0x00, 0x00, 0x00, 0x00, 0x00, 0x05, 0x00, 0x00, 0x00, 0x00, 0x00, 0x00,
        0x00, 0x05, 0x00, 0x00, 0x00, 0x00, 0x00, 0x00, 0x00, 0x05, 0x00, 0x00,
        0x00, 0x00, 0x00, 0x00, 0x00, 0x05, 0x00, 0x00, 0x00, 0x00, 0x00, 0x00,
        0x00, 0x05, 0x00, 0x00, 0x00, 0x00, 0x00, 0x00, 0x00, 0x05, 0x00, 0x00,
        0x00, 0x00, 0x00, 0x00, 0x00, 0x05, 0x00, 0x00, 0x00, 0x00, 0x00, 0x00,
        0x00, 0x05, 0x00, 0x00, 0x00, 0x00, 0x00, 0x00, 0x00, 0x05, 0x00, 0x00,
        0x00, 0x00, 0x00, 0x00, 0x00, 0x05, 0x00, 0x00, 0x00, 0x00, 0x00, 0x00,
        0x00, 0x05, 0x00, 0x00, 0x00, 0x00, 0x00, 0x00, 0x00, 0x05, 0x00, 0x00,
        0x00, 0x00, 0x00, 0x00, 0x00, 0x05, 0x00, 0x00, 0x00, 0x00, 0x00, 0x00,
        0x00, 0x05, 0x00, 0x00, 0x00, 0x00, 0x00, 0x00, 0x00, 0x05, 0x00, 0x00,
        0x00, 0x00, 0x00, 0x00, 0x00, 0x05, 0x00, 0x00, 0x00, 0x00, 0x00, 0x00,
        0x00, 0x05, 0x00, 0x00, 0x00, 0x00, 0x00, 0x00, 0xAB, 0x49, 0x14, 0x70,
        0x4E, 0x29, 0x17, 0x97, 0x17, 0x00, 0x49, 0xF2, 0x24, 0x7B, 0x02, 0x3F,
        0xB0, 0x88, 0x00, 0xC0, 0x6D, 0x2E, 0x99, 0xDB, 0x00, 0x05, 0x00, 0x00,
        0x00, 0x00, 0x00, 0x00, 0xB7, 0x9A, 0x12, 0x40, 0x02, 0x36, 0x90, 0x03,
        0x00, 0x05, 0x00, 0x00, 0x00, 0x00, 0x00, 0x00, 0xB7, 0xBC, 0x00, 0x00,
        0x00, 0x00, 0x00, 0x00, 0x00, 0x05, 0x00, 0x00, 0x00, 0x00, 0x00, 0x00,
        0xB7, 0xBC, 0x00, 0x00, 0x00, 0x00, 0x00, 0x00, 0x00, 0x05, 0x00, 0x00,
        0x00, 0x00, 0x00, 0x00, 0xA6, 0x09, 0x17, 0x10, 0x4E, 0x31, 0x17, 0x97,
        0x31, 0x00, 0x49, 0xC2, 0x24, 0x7A, 0x02, 0x3F, 0xAE, 0x72, 0x00, 0xC0,
        0x4D, 0x2E, 0x99, 0xBB, 0x00, 0x05, 0x00, 0x00, 0x00, 0x00, 0x00, 0x00,
        0xB0, 0x60, 0xC0, 0x25, 0x85, 0x5B, 0x4C, 0xC6, 0x18, 0x00, 0x49, 0x92,
        0x30, 0x89, 0x9E, 0xC0, 0xB1, 0x83, 0x02, 0xD0, 0x4D, 0x2F, 0x17, 0x97,
        0x02, 0x07, 0xB6, 0x6D, 0xDB, 0xB6, 0x0D, 0xDB, 0xB3, 0x9E, 0x00, 0xC0,
        0x6D, 0x6E, 0x99, 0xDB, 0x00, 0x05, 0x00, 0x00, 0x00, 0x00, 0x00, 0x00,
        0x00, 0x05, 0x00, 0x00, 0x00, 0x00, 0x00, 0x00, 0x00, 0x05, 0x00, 0x00,
        0x00, 0x00, 0x00, 0x00, 0x00, 0x05, 0x00, 0x00, 0x00, 0x00, 0x00, 0x00,
        0x00, 0x05, 0x00, 0x00, 0x00, 0x00, 0x00, 0x00, 0x00, 0x05, 0x00, 0x00,
        0x00, 0x00, 0x00, 0x00, 0x00, 0x05, 0x00, 0x00, 0x00, 0x00, 0x00, 0x00,
        0x00, 0x05, 0x00, 0x00, 0x00, 0x00, 0x00, 0x00, 0x00, 0x05, 0x00, 0x00,
        0x00, 0x00, 0x00, 0x00, 0x00, 0x05, 0x00, 0x00, 0x00, 0x00, 0x00, 0x00,
        0x00, 0x05, 0x00, 0x00, 0x00, 0x00, 0x00, 0x00, 0x00, 0x05, 0x00, 0x00,
        0x00, 0x00, 0x00, 0x00, 0x00, 0x05, 0x00, 0x00, 0x00, 0x00, 0x00, 0x00,
        0x00, 0x05, 0x00, 0x00, 0x00, 0x00, 0x00, 0x00, 0x00, 0x05, 0x00, 0x00,
        0x00, 0x00, 0x00, 0x00, 0x00, 0x05, 0x00, 0x00, 0x00, 0x00, 0x00, 0x00,
        0x00, 0x05, 0x00, 0x00, 0x00, 0x00, 0x00, 0x00, 0x00, 0x05, 0x00, 0x00,
        0x00, 0x00, 0x00, 0x00, 0x00, 0x05, 0x00, 0x00, 0x00, 0x00, 0x00, 0x00,
        0x00, 0x05, 0x00, 0x00, 0x00, 0x00, 0x00, 0x00, 0x00, 0x05, 0x00, 0x00,
        0x00, 0x00, 0x00, 0x00, 0x99, 0x47, 0x9E, 0xF0, 0x4E, 0x31, 0x17, 0x97,
        0x1D, 0x00, 0x4F, 0xC2, 0x27, 0x72, 0x82, 0x3E, 0xA7, 0x7E, 0x12, 0x50,
        0x4E, 0x6E, 0x99, 0xBB, 0x01, 0x06, 0xB6, 0x6D, 0xDB, 0xB6, 0x0D, 0xDB,
        0xB7, 0x93, 0x1C, 0xD0, 0x02, 0x37, 0x90, 0x00, 0x00, 0x05, 0x00, 0x00,
        0x00, 0x00, 0x00, 0x00, 0xB7, 0xBC, 0x00, 0x00, 0x00, 0x00, 0x00, 0x00,
        0x00, 0x05, 0x00, 0x00, 0x00, 0x00, 0x00, 0x00, 0xB7, 0xBC, 0x00, 0x00,
        0x00, 0x00, 0x00, 0x00, 0x00, 0x05, 0x00, 0x00, 0x00, 0x00, 0x00, 0x00,
        0x8B, 0x09, 0xA1, 0x90, 0x4E, 0x31, 0x17, 0x97, 0x36, 0x00, 0x4C, 0xB2,
        0x27, 0xF2, 0x03, 0x3F, 0xA2, 0x65, 0x13, 0x50, 0x4E, 0x2E, 0x99, 0xBB,
        0x01, 0x06, 0xB6, 0x6D, 0xDB, 0xB6, 0x0D, 0xDB, 0xA6, 0x60, 0x40, 0x28,
        0xA5, 0x5B, 0x4C, 0xC6, 0x1B, 0x00, 0x09, 0x93, 0xEC, 0x89, 0x9C, 0xC0,
        0xA9, 0x7D, 0x94, 0x60, 0x4E, 0x2F, 0x17, 0x97, 0x01, 0x06, 0xB6, 0x6D,
        0xDB, 0xB2, 0x3D, 0xD8, 0xAE, 0x98, 0x02, 0xC0, 0x4D, 0x2E, 0x99, 0xBB,
        0x00, 0x05, 0x00, 0x00, 0x00, 0x00, 0x00, 0x00, 0x00, 0x05, 0x00, 0x00,
        0x00, 0x00, 0x00, 0x00, 0x00, 0x05, 0x00, 0x00, 0x00, 0x00, 0x00, 0x00,
        0x00, 0x05, 0x00, 0x00, 0x00, 0x00, 0x00, 0x00, 0x00, 0x05, 0x00, 0x00,
        0x00, 0x00, 0x00, 0x00, 0x00, 0x05, 0x00, 0x00, 0x00, 0x00, 0x00, 0x00,
        0x00, 0x05, 0x00, 0x00, 0x00, 0x00, 0x00, 0x00, 0x00, 0x05, 0x00, 0x00,
        0x00, 0x00, 0x00, 0x00, 0x00, 0x05, 0x00, 0x00, 0x00, 0x00, 0x00, 0x00,
        0x00, 0x05, 0x00, 0x00, 0x00, 0x00, 0x00, 0x00, 0x00, 0x05, 0x00, 0x00,
        0x00, 0x00, 0x00, 0x00, 0x00, 0x05, 0x00, 0x00, 0x00, 0x00, 0x00, 0x00,
        0x00, 0x05, 0x00, 0x00, 0x00, 0x00, 0x00, 0x00, 0x00, 0x05, 0x00, 0x00,
        0x00, 0x00, 0x00, 0x00, 0x00, 0x05, 0x00, 0x00, 0x00, 0x00, 0x00, 0x00,
        0x00, 0x05, 0x00, 0x00, 0x00, 0x00, 0x00, 0x00, 0x00, 0x05, 0x00, 0x00,
        0x00, 0x00, 0x00, 0x00, 0x00, 0x05, 0x00, 0x00, 0x00, 0x00, 0x00, 0x00,
        0x00, 0x05, 0x00, 0x00, 0x00, 0x00, 0x00, 0x00, 0x00, 0x05, 0x00, 0x00,
        0x00, 0x00, 0x00, 0x00, 0x00, 0x05, 0x00, 0x00, 0x00, 0x00, 0x00, 0x00,
        0x77, 0x43, 0xEF, 0x90, 0x4E, 0x31, 0x17, 0x77, 0x27, 0x02, 0xF3, 0xA3,
        0x3E, 0xA8, 0x0F, 0xFA, 0x90, 0x6D, 0x9D, 0xE0, 0x4E, 0x77, 0x17, 0xB7,
        0x01, 0x06, 0xB0, 0x2D, 0xD8, 0x14, 0xDC, 0x09, 0xB7, 0x83, 0x36, 0x60,
        0x03, 0x3F, 0x90, 0x03, 0x01, 0x06, 0xB6, 0x6D, 0xDB, 0xB6, 0x0D, 0xDB,
        0xB7, 0xBC, 0x00, 0x00, 0x00, 0x00, 0x00, 0x00, 0x00, 0x05, 0x00, 0x00,
        0x00, 0x00, 0x00, 0x00, 0xB7, 0xBC, 0x00, 0x00, 0x00, 0x00, 0x00, 0x00,
        0x00, 0x05, 0x00, 0x00, 0x00, 0x00, 0x00, 0x00, 0x57, 0x09, 0xE9, 0x10,
        0x4F, 0x31, 0x17, 0x77, 0x3D, 0x02, 0xF2, 0x83, 0x3E, 0xA8, 0x0F, 0xFA,
        0x80, 0x4B, 0x9D, 0x60, 0x4E, 0x2F, 0x17, 0x97, 0x01, 0x06, 0xB0, 0x2D,
        0xD8, 0x14, 0x1C, 0x0A, 0x8B, 0x60, 0x42, 0x3A, 0xC5, 0x5C, 0xEC, 0xC6,
        0x09, 0x1E, 0x76, 0x61, 0x47, 0x76, 0x64, 0x67, 0x94, 0x73, 0xA6, 0xF0,
        0x4E, 0x37, 0x17, 0x97, 0x09, 0x00, 0x7D, 0x42, 0x3F, 0xAA, 0x0F, 0xD6,
        0xA1, 0x8B, 0x1C, 0x50, 0x4E, 0x2F, 0x97, 0x97, 0x01, 0x06, 0xB6, 0x6D,
        0xDB, 0xB6, 0x0D, 0xDB, 0x27, 0x9B, 0xB6, 0x6D, 0xDB, 0xB6, 0x8D, 0x26,
        0x00, 0x05, 0x00, 0x00, 0x00, 0x00, 0x00, 0x00, 0x9C, 0xA1, 0xB6, 0x6D,
        0xDB, 0xB6, 0x0D, 0x6D, 0x00, 0x05, 0x00, 0x00, 0x00, 0x00, 0x00, 0x00,
        0x2C, 0x9B, 0xB6, 0x6D, 0xDB, 0xB6, 0x8D, 0x26, 0x14, 0x19, 0xB6, 0x6D,
        0xDB, 0xB6, 0x0D, 0xDB, 0x9D, 0xA2, 0xB6, 0x6D, 0xDB, 0xB6, 0x0D, 0x48,
        0x00, 0x05, 0x00, 0x00, 0x00, 0x00, 0x00, 0x00, 0x00, 0x05, 0x00, 0x00,
        0x00, 0x00, 0x00, 0x00, 0x00, 0x05, 0x00, 0x00, 0x00, 0x00, 0x00, 0x00,
        0x00, 0x05, 0x00, 0x00, 0x00, 0x00, 0x00, 0x00, 0x00, 0x05, 0x00, 0x00,
        0x00, 0x00, 0x00, 0x00, 0x7F, 0x9B, 0xB6, 0x6D, 0xDB, 0xB6, 0x3D, 0x30,
        0x00, 0x05, 0x00, 0x00, 0x00, 0x00, 0x00, 0x00, 0x9C, 0xA1, 0xB6, 0x6D,
        0xDB, 0xB6, 0x0D, 0x6D, 0x00, 0x05, 0x00, 0x00, 0x00, 0x00, 0x00, 0x00,
        0x31, 0x9B, 0xB6, 0x6D, 0xDB, 0xB6, 0x8D, 0x26, 0x11, 0x16, 0xB6, 0x6D,
        0xDB, 0xB6, 0x0D, 0xDB, 0x9D, 0xA2, 0xB6, 0x6D, 0xDB, 0xB6, 0x0D, 0x49,
        0x00, 0x05, 0x00, 0x00, 0x00, 0x00, 0x00, 0x00, 0x6F, 0x43, 0xE9, 0x90,
        0x52, 0x31, 0x15, 0x77, 0x29, 0x04, 0xF2, 0xA3, 0x3E, 0xA8, 0x0F, 0xFA,
        0x8A, 0x69, 0x9D, 0xE0, 0x4E, 0x2F, 0x17, 0x97, 0x01, 0x07, 0x82, 0x4D,
        0xC1, 0x9D, 0x90, 0x4E, 0xB7, 0x7E, 0x36, 0x70, 0x03, 0x3F, 0x90, 0x00,
        0x01, 0x06, 0xB6, 0x6D, 0xDB, 0xB0, 0x2D, 0xD8, 0xB7, 0xBC, 0x00, 0x00,
        0x00, 0x00, 0x00, 0x00, 0x00, 0x05, 0x00, 0x00, 0x00, 0x00, 0x00, 0x00,
        0xB7, 0xBC, 0x00, 0x00, 0x00, 0x00, 0x00, 0x00, 0x00, 0x05, 0x00, 0x00,
        0x00, 0x00, 0x00, 0x00, 0x4D, 0x09, 0xE9, 0x10, 0x53, 0x31, 0x17, 0x73,
        0x3F, 0x05, 0xF2, 0x83, 0x3E, 0xA8, 0x0F, 0xFA, 0x77, 0x45, 0x9D, 0x60,
        0x4E, 0x2F, 0x17, 0x97, 0x08, 0x00, 0x7E, 0x42, 0x3F, 0xA2, 0x8F, 0xD5,
        0x83, 0x60, 0x42, 0x4A, 0xC5, 0x65, 0xEC, 0xC6, 0x1F, 0x00, 0x09, 0x9A,
        0xA0, 0x09, 0x98, 0x80, 0x8F, 0x71, 0xA6, 0xF0, 0x4E, 0x31, 0x17, 0x97,
        0x0A, 0x00, 0xF4, 0x33, 0xFB, 0xA0, 0x0D, 0xD6, 0x9D, 0x88, 0x9C, 0x60,
        0x4E, 0x37, 0x97, 0x9B, 0x01, 0x06, 0xB6, 0x6D, 0xDB, 0xB0, 0x0D, 0xD8,
        0x9B, 0x00, 0x16, 0x10, 0x0A, 0x09, 0x95, 0x98, 0x00, 0x05, 0x00, 0x00,
        0x00, 0x00, 0x00, 0x00, 0x9E, 0x76, 0x00, 0x20, 0x01, 0xDC, 0x14, 0x73,
        0x00, 0x05, 0x00, 0x00, 0x00, 0x00, 0x00, 0x00, 0x9B, 0x00, 0x16, 0x10,
        0x0A, 0x39, 0x95, 0x78, 0x54, 0x00, 0x4E, 0xD2, 0x24, 0x4A, 0x02, 0x27,
        0x9E, 0x7A, 0x00, 0x20, 0x00, 0x9C, 0x14, 0x73, 0x00, 0x05, 0x00, 0x00,
        0x00, 0x00, 0x00, 0x00, 0x00, 0x05, 0x00, 0x00, 0x00, 0x00, 0x00, 0x00,
        0x00, 0x05, 0x00, 0x00, 0x00, 0x00, 0x00, 0x00, 0x00, 0x05, 0x00, 0x00,
        0x00, 0x00, 0x00, 0x00, 0x00, 0x05, 0x00, 0x00, 0x00, 0x00, 0x00, 0x00,
        0x9B, 0x24, 0x9A, 0x40, 0x4A, 0x0B, 0x27, 0xBF, 0x00, 0x05, 0x00, 0x00,
        0x00, 0x00, 0x00, 0x00, 0x9E, 0x76, 0x00, 0x20, 0x01, 0xDC, 0x14, 0x73,
        0x00, 0x05, 0x00, 0x00, 0x00, 0x00, 0x00, 0x00, 0x9B, 0x00, 0x16, 0x10,
        0x0A, 0xF9, 0x94, 0x74, 0x52, 0x00, 0x4F, 0xD2, 0x24, 0x4A, 0x82, 0x27,
        0x9E, 0x7E, 0x00, 0x20, 0x01, 0x9C, 0x14, 0x73, 0x00, 0x05, 0x00, 0x00,
        0x00, 0x00, 0x00, 0x00, 0x62, 0x42, 0xF1, 0x10, 0x53, 0x31, 0x15, 0x73,
        0x2E, 0x0B, 0xEA, 0xA3, 0x3E, 0xA0, 0x0F, 0xFA, 0x7A, 0x61, 0xA6, 0xF0,
        0x4E, 0x37, 0x97, 0x77, 0x0C, 0x02, 0xF4, 0xB3, 0xFA, 0x62, 0x8D, 0xD1,
        0xB7, 0x75, 0x3F, 0xF0, 0x03, 0x39, 0x90, 0x00, 0x01, 0x06, 0x82, 0x2D,
        0xD9, 0x93, 0x3D, 0xD9, 0xB7, 0xBC, 0x00, 0x00, 0x00, 0x00, 0x00, 0x00,
        0x00, 0x05, 0x00, 0x00, 0x00, 0x00, 0x00, 0x00, 0xB7, 0xBC, 0x00, 0x00,
        0x00, 0x00, 0x00, 0x00, 0x00, 0x05, 0x00, 0x00, 0x00, 0x00, 0x00, 0x00,
        0x39, 0x09, 0xE9, 0x10, 0x4F, 0x31, 0x15, 0x73, 0x41, 0x0D, 0xE8, 0x83,
        0x3A, 0xA0, 0x0F, 0xFA, 0x61, 0x39, 0xA6, 0xF0, 0x4E, 0x37, 0x17, 0x97,
        0x0E, 0x02, 0xF4, 0xB3, 0x3E, 0xA2, 0x8F, 0xD5, 0x6E, 0x59, 0x83, 0xD7,
        0x79, 0xAE, 0x17, 0x9B, 0x01, 0x20, 0x70, 0x08, 0x84, 0x40, 0x08, 0x84,
        0x84, 0x6D, 0xEF, 0xF0, 0x4E, 0x31, 0x15, 0x77, 0x0E, 0x02, 0xF3, 0xA3,
        0xFA, 0xA0, 0x8F, 0xD5, 0x93, 0x81, 0xA5, 0xE0, 0x4E, 0x37, 0x17, 0x97,
        0x01, 0x06, 0x80, 0x2D, 0xC0, 0x12, 0x3C, 0x09, 0x92, 0x00, 0xA1, 0x90,
        0x50, 0x89, 0x99, 0xA4, 0x00, 0x05, 0x00, 0x00, 0x00, 0x00, 0x00, 0x00,
        0x9C, 0x5E, 0x00, 0x30, 0x09, 0xE5, 0x14, 0x73, 0x00, 0x05, 0x00, 0x00,
        0x00, 0x00, 0x00, 0x00, 0x94, 0x00, 0xA1, 0x90, 0x4F, 0x49, 0x97, 0xBC,
        0x59, 0x00, 0x4D, 0xA2, 0x24, 0x70, 0x02, 0x26, 0x9D, 0x64, 0x02, 0x30,
        0x49, 0xE5, 0x14, 0x73, 0x00, 0x05, 0x00, 0x00, 0x00, 0x00, 0x00, 0x00,
        0x00, 0x05, 0x00, 0x00, 0x00, 0x00, 0x00, 0x00, 0x00, 0x05, 0x00, 0x00,
        0x00, 0x00, 0x00, 0x00, 0x00, 0x05, 0x00, 0x00, 0x00, 0x00, 0x00, 0x00,
        0x00, 0x05, 0x00, 0x00, 0x00, 0x00, 0x00, 0x00, 0x92, 0x02, 0x9B, 0x20,
        0x4F, 0xA8, 0x89, 0xA5, 0x00, 0x05, 0x00, 0x00, 0x00, 0x00, 0x00, 0x00,
        0x9C, 0x5E, 0x00, 0x30, 0x09, 0xE5, 0x14, 0x73, 0x00, 0x05, 0x00, 0x00,
        0x00, 0x00, 0x00, 0x00, 0x95, 0x00, 0x21, 0x90, 0x4F, 0x49, 0x97, 0x9C,
        0x58, 0x00, 0x4D, 0xA2, 0x24, 0x78, 0x82, 0x26, 0x9D, 0x6B, 0x00, 0x30,
        0x09, 0xE5, 0x14, 0x73, 0x00, 0x05, 0x00, 0x00, 0x00, 0x00, 0x00, 0x00,
        0x5E, 0x42, 0xF1, 0x10, 0x4F, 0x31, 0x15, 0x77, 0x2F, 0x0D, 0xEA, 0x03,
        0x3A, 0xA0, 0x0F, 0xFA, 0x77, 0x5D, 0xA6, 0xE0, 0x4E, 0x37, 0x17, 0x97,
        0x0D, 0x03, 0xB4, 0xB3, 0xFA, 0x60, 0x8D, 0xD1, 0xB7, 0x73, 0x3F, 0xF0,
        0x03, 0x39, 0x90, 0x00, 0x02, 0x07, 0x80, 0x2D, 0xD8, 0x82, 0x4D, 0xD9,
        0xB7, 0xBC, 0x00, 0x00, 0x00, 0x00, 0x00, 0x00, 0x00, 0x05, 0x00, 0x00,
        0x00, 0x00, 0x00, 0x00, 0xB7, 0xBC, 0x00, 0x00, 0x00, 0x00, 0x00, 0x00,
        0x00, 0x05, 0x00, 0x00, 0x00, 0x00, 0x00, 0x00, 0x35, 0x09, 0xF1, 0x10,
        0x13, 0x31, 0x15, 0x53, 0x42, 0x0F, 0xE8, 0x83, 0x3A, 0xA0, 0x0F, 0xFA,
        0x5C, 0x36, 0xA6, 0xF0, 0x4E, 0x37, 0x17, 0x97, 0x02, 0x0F, 0x9C, 0xD0,
        0x49, 0xE1, 0x94, 0x4E, 0x69, 0x55, 0x03, 0xD1, 0x51, 0x26, 0x15, 0x53,
        0x21, 0x01, 0x09, 0x98, 0x80, 0x0F, 0xF8, 0x63, 0x81, 0x6C, 0xEF, 0xF0,
        0x4E, 0x31, 0x15, 0x77, 0x03, 0x0F, 0x9D, 0x50, 0x0A, 0xE1, 0x14, 0x4E,
        0x90, 0x7F, 0xA5, 0xE0, 0x4E, 0x2F, 0x97, 0x97, 0x01, 0x06, 0x02, 0x2C,
        0xC1, 0x93, 0x40, 0x49, 0x3C, 0x00, 0x49, 0x90, 0xA4, 0x49, 0x92, 0x24,
        0x00, 0x05, 0x00, 0x00, 0x00, 0x00, 0x00, 0x00, 0x86, 0x14, 0x13, 0xD0,
        0x49, 0xEF, 0x16, 0x73, 0x00, 0x05, 0x00, 0x00, 0x00, 0x00, 0x00, 0x00,
        0x02, 0x46, 0xB6, 0x62, 0x83, 0xB6, 0x65, 0x1B, 0x07, 0x5D, 0x99, 0x1D,
        0xC2, 0xA9, 0x9C, 0x0E, 0x89, 0x22, 0x93, 0xD0, 0x49, 0xEF, 0x16, 0x73,
        0x00, 0x05, 0x00, 0x00, 0x00, 0x00, 0x00, 0x00, 0x00, 0x05, 0x00, 0x00,
        0x00, 0x00, 0x00, 0x00, 0x00, 0x05, 0x00, 0x00, 0x00, 0x00, 0x00, 0x00,
        0x00, 0x05, 0x00, 0x00, 0x00, 0x00, 0x00, 0x00, 0x00, 0x05, 0x00, 0x00,
        0x00, 0x00, 0x00, 0x00, 0x9C, 0x01, 0x62, 0x8A, 0xFD, 0x50, 0x03, 0xF1,
        0x00, 0x05, 0x00, 0x00, 0x00, 0x00, 0x00, 0x00, 0x86, 0x14, 0x13, 0xD0,
        0x49, 0xEF, 0x16, 0x73, 0x00, 0x05, 0x00, 0x00, 0x00, 0x00, 0x00, 0x00,
        0x4F, 0x00, 0x49, 0x91, 0x64, 0x49, 0x9A, 0xE4, 0x5D, 0x00, 0x68, 0x02,
        0x26, 0xD8, 0x03, 0x39, 0x8B, 0x30, 0x13, 0xD0, 0x49, 0xEF, 0x16, 0x73,
        0x00, 0x05, 0x00, 0x00, 0x00, 0x00, 0x00, 0x00, 0x57, 0x42, 0xE9, 0x10,
        0x13, 0x31, 0x15, 0x57, 0x32, 0x12, 0xE2, 0x03, 0x3A, 0xA0, 0x0F, 0xFA,
        0x6C, 0x58, 0xA6, 0x70, 0x4E, 0xE9, 0x14, 0x73, 0x11, 0x06, 0xEB, 0xA3,
        0xFA, 0x60, 0x8F, 0xD5, 0xB7, 0x69, 0x3F, 0xF0, 0x03, 0x39, 0x90, 0x00,
        0x03, 0x08, 0x83, 0xCD, 0xD9, 0x9C, 0x5D, 0xDA, 0xB7, 0xBC, 0x00, 0x00,
        0x00, 0x00, 0x00, 0x00, 0x00, 0x05, 0x00, 0x00, 0x00, 0x00, 0x00, 0x00,
        0xB7, 0xBC, 0x00, 0x00, 0x00, 0x00, 0x00, 0x00, 0x00, 0x05, 0x00, 0x00,
        0x00, 0x00, 0x00, 0x00, 0x2C, 0x09, 0xF1, 0x10, 0x53, 0x31, 0x15, 0x53,
        0x43, 0x16, 0xE8, 0x03, 0x3A, 0xA0, 0x03, 0xFA, 0x4E, 0x2E, 0xA6, 0xF0,
        0x4E, 0x31, 0x15, 0x77, 0x05, 0x16, 0x9C, 0xD0, 0x4D, 0xE5, 0x14, 0x6E,
        0x4A, 0x66, 0x63, 0xA3, 0x35, 0x5A, 0x03, 0x35, 0x21, 0x04, 0x09, 0x98,
        0x60, 0x0F, 0xF6, 0x60, 0x7B, 0x6A, 0xEF, 0x90, 0x4E, 0x31, 0x15, 0x73,
        0x12, 0x06, 0xEB, 0x23, 0x3A, 0xA0, 0x0F, 0xF6, 0x89, 0x7A, 0xA6, 0xF0,
        0x4E, 0x37, 0x97, 0x97, 0x02, 0x07, 0x03, 0x40, 0x01, 0x9C, 0x50, 0x0A,
        0x1C, 0x21, 0xB6, 0x61, 0xDB, 0xB6, 0x6D, 0xDB, 0x00, 0x05, 0x00, 0x00,
        0x00, 0x00, 0x00, 0x00, 0x14, 0x7A, 0x6B, 0x23, 0xB6, 0x18, 0x6B, 0x8D,
        0x00, 0x05, 0x00, 0x00, 0x00, 0x00, 0x00, 0x00, 0x29, 0x00, 0x49, 0x90,
        0xA4, 0x49, 0x9E, 0x24, 0x5D, 0x00, 0xD8, 0x83, 0x39, 0x50, 0x0F, 0xF1,
        0x7E, 0x10, 0x9C, 0x60, 0x4E, 0x2F, 0x17, 0x77, 0x00, 0x05, 0x00, 0x00,
        0x00, 0x00, 0x00, 0x00, 0x00, 0x05, 0x00, 0x00, 0x00, 0x00, 0x00, 0x00,
        0x00, 0x05, 0x00, 0x00, 0x00, 0x00, 0x00, 0x00, 0x00, 0x05, 0x00, 0x00,
        0x00, 0x00, 0x00, 0x00, 0x00, 0x05, 0x00, 0x00, 0x00, 0x00, 0x00, 0x00,
        0x9C, 0x01, 0xD8, 0x0F, 0x35, 0x10, 0x0F, 0xD1, 0x00, 0x05, 0x00, 0x00,
        0x00, 0x00, 0x00, 0x00, 0x14, 0x7A, 0x6B, 0x23, 0xB6, 0x18, 0x6B, 0x8D,
        0x00, 0x05, 0x00, 0x00, 0x00, 0x00, 0x00, 0x00, 0x04, 0x36, 0x36, 0x62,
        0x9B, 0xB6, 0x65, 0xDB, 0x5D, 0x00, 0x60, 0x82, 0x3D, 0x90, 0x03, 0x35,
        0x82, 0x1F, 0x9C, 0x50, 0x4E, 0x2F, 0x17, 0x77, 0x00, 0x05, 0x00, 0x00,
        0x00, 0x00, 0x00, 0x00, 0x56, 0x42, 0x29, 0x11, 0x13, 0x31, 0x15, 0x53,
        0x33, 0x13, 0xA0, 0x03, 0x3A, 0xA0, 0x0F, 0xFA, 0x57, 0x6A, 0x62, 0xA3,
        0x35, 0x18, 0x0B, 0xB1, 0x13, 0x07, 0xF3, 0xB3, 0xFA, 0xA2, 0x8F, 0xD5,
        0xB7, 0x68, 0x3F, 0x90, 0x03, 0x09, 0x90, 0x00, 0x05, 0x0A, 0x82, 0x2D,
        0xD8, 0x93, 0xCD, 0xD9, 0xB7, 0xBC, 0x00, 0x00, 0x00, 0x00, 0x00, 0x00,
        0x00, 0x05, 0x00, 0x00, 0x00, 0x00, 0x00, 0x00, 0xB7, 0xBC, 0x00, 0x00,
        0x00, 0x00, 0x00, 0x00, 0x00, 0x05, 0x00, 0x00, 0x00, 0x00, 0x00, 0x00,
        0x29, 0x09, 0xF1, 0x10, 0x13, 0x31, 0x15, 0x53, 0x44, 0x18, 0xE0, 0x03,
        0x3A, 0xA0, 0x03, 0xFA, 0x4B, 0x2B, 0xE6, 0xF0, 0x4E, 0x37, 0x15, 0x73,
        0x16, 0x07, 0xF3, 0x33, 0xFA, 0xA0, 0x8F, 0xD5, 0x65, 0x47, 0xA6, 0xE0,
        0x0A, 0xB7, 0x10, 0x0B, 0x22, 0x04, 0x09, 0xF8, 0x80, 0x0F, 0xF6, 0x63,
        0x79, 0x69, 0xEF, 0x90, 0x12, 0x31, 0x15, 0x53, 0x13, 0x06, 0xAB, 0xA3,
        0xFA, 0x60, 0x0F, 0xD6, 0x87, 0x79, 0xE6, 0xF0, 0x52, 0x31, 0x97, 0x97,
        0x02, 0x07, 0x14, 0xC0, 0x09, 0xA5, 0x10, 0x4E, 0x00, 0x05, 0x00, 0x00,
        0x00, 0x00, 0x00, 0x00, 0x00, 0x05, 0x00, 0x00, 0x00, 0x00, 0x00, 0x00,
        0x0D, 0x50, 0x5E, 0x63, 0xAC, 0xB6, 0x68, 0x63, 0x00, 0x05, 0x00, 0x00,
        0x00, 0x00, 0x00, 0x00, 0x00, 0x05, 0x00, 0x00, 0x00, 0x00, 0x00, 0x00,
        0x5E, 0x0E, 0x50, 0x03, 0xF1, 0x10, 0x0D, 0xAD, 0x58, 0x00, 0xA7, 0x70,
        0x53, 0x79, 0x97, 0x9B, 0x12, 0x00, 0x49, 0xE2, 0x24, 0x4C, 0x02, 0x27,
        0x00, 0x05, 0x00, 0x00, 0x00, 0x00, 0x00, 0x00, 0x00, 0x05, 0x00, 0x00,
        0x00, 0x00, 0x00, 0x00, 0x00, 0x05, 0x00, 0x00, 0x00, 0x00, 0x00, 0x00,
        0x00, 0x05, 0x00, 0x00, 0x00, 0x00, 0x00, 0x00, 0x9E, 0x2C, 0x50, 0x03,
        0xF1, 0x10, 0x0D, 0xAD, 0x00, 0x05, 0x00, 0x00, 0x00, 0x00, 0x00, 0x00,
        0x0D, 0x50, 0x5E, 0x03, 0xAC, 0xB3, 0x48, 0x60, 0x00, 0x05, 0x00, 0x00,
        0x00, 0x00, 0x00, 0x00, 0x00, 0x05, 0x00, 0x00, 0x00, 0x00, 0x00, 0x00,
        0x5E, 0x03, 0x50, 0x03, 0xF1, 0x10, 0x0D, 0xAD, 0x60, 0x00, 0xA6, 0xF0,
        0x4E, 0x31, 0x97, 0x97, 0x07, 0x0C, 0xB6, 0x6D, 0xDB, 0xB6, 0x0D, 0xDB,
        0x52, 0x42, 0x31, 0x91, 0x53, 0x39, 0x97, 0x73, 0x34, 0x18, 0xE0, 0x03,
        0x3A, 0xA0, 0x03, 0xFA, 0x65, 0x55, 0xB7, 0x10, 0x53, 0x79, 0x95, 0x7B,
        0x0A, 0x16, 0x9D, 0x50, 0x0A, 0xE1, 0x94, 0x4E, 0xB7, 0x64, 0x39, 0x90,
        0x00, 0x09, 0x90, 0x00, 0x07, 0x0C, 0x82, 0x3D, 0xD8, 0x9C, 0xDD, 0xD9,
        0xB7, 0xBC, 0x00, 0x00, 0x00, 0x00, 0x00, 0x00, 0x00, 0x05, 0x00, 0x00,
        0x00, 0x00, 0x00, 0x00, 0xB7, 0xBC, 0x00, 0x00, 0x00, 0x00, 0x00, 0x00,
        0x00, 0x05, 0x00, 0x00, 0x00, 0x00, 0x00, 0x00, 0x24, 0x0A, 0xF1, 0x10,
        0x53, 0x31, 0x15, 0x53, 0x44, 0x1D, 0xA0, 0x03, 0x3A, 0xA0, 0x0F, 0xFA,
        0x26, 0x41, 0x62, 0xA3, 0x31, 0x1A, 0x8B, 0xB1, 0x1A, 0x0B, 0xEB, 0xA3,
        0x3A, 0xA0, 0x83, 0xD5, 0x65, 0x41, 0xAF, 0x70, 0x0B, 0xB9, 0x90, 0x0B,
        0x22, 0x07, 0x0F, 0xF6, 0x60, 0x3F, 0xF6, 0x63, 0x76, 0x68, 0x31, 0x11,
        0x53, 0x31, 0x97, 0x77, 0x15, 0x09, 0xEA, 0x23, 0x3A, 0xA0, 0x8F, 0xF9,
        0x82, 0x76, 0xE6, 0xF0, 0x4E, 0x31, 0x17, 0x73, 0x03, 0x09, 0x9D, 0x50,
        0x0E, 0xE5, 0x94, 0x72, 0x00, 0x05, 0x00, 0x00, 0x00, 0x00, 0x00, 0x00,
        0x00, 0x05, 0x00, 0x00, 0x00, 0x00, 0x00, 0x00, 0x41, 0x00, 0xF1, 0x90,
        0x54, 0xC9, 0x99, 0xA4, 0x00, 0x05, 0x00, 0x00, 0x00, 0x00, 0x00, 0x00,
        0x00, 0x05, 0x00, 0x00, 0x00, 0x00, 0x00, 0x00, 0x5E, 0x1A, 0x50, 0x03,
        0xF1, 0x10, 0x0D, 0xCD, 0x4B, 0x00, 0xEF, 0x10, 0x53, 0x79, 0x97, 0xB8,
        0x04, 0x1A, 0xB0, 0x2D, 0xDB, 0x84, 0x1D, 0xD9, 0x00, 0x05, 0x00, 0x00,
        0x00, 0x00, 0x00, 0x00, 0x00, 0x05, 0x00, 0x00, 0x00, 0x00, 0x00, 0x00,
        0x00, 0x05, 0x00, 0x00, 0x00, 0x00, 0x00, 0x00, 0x00, 0x05, 0x00, 0x00,
        0x00, 0x00, 0x00, 0x00, 0x9E, 0x3C, 0x50, 0x03, 0xF1, 0x10, 0x0D, 0xCD,
        0x00, 0x05, 0x00, 0x00, 0x00, 0x00, 0x00, 0x00, 0x41, 0x00, 0xF6, 0xC0,
        0x54, 0xF3, 0x89, 0xA6, 0x00, 0x05, 0x00, 0x00, 0x00, 0x00, 0x00, 0x00,
        0x00, 0x05, 0x00, 0x00, 0x00, 0x00, 0x00, 0x00, 0x5E, 0x10, 0x50, 0x03,
        0xF1, 0x10, 0x0D, 0xAD, 0x04, 0x54, 0x62, 0x83, 0xB1, 0xD6, 0x6A, 0x8C,
        0x07, 0x10, 0xB6, 0x6D, 0xDB, 0xB0, 0x1D, 0xDB, 0x5C, 0x42, 0xB9, 0x99,
        0xBB, 0xB9, 0x4B, 0x01, 0x34, 0x19, 0xA0, 0x03, 0x3A, 0xA0, 0x4F, 0xB6,
        0x63, 0x55, 0xF1, 0x90, 0x17, 0xB9, 0x45, 0x92, 0x26, 0x0B, 0xF6, 0x53,
        0x3F, 0xF5, 0x03, 0x00, 0xB7, 0x5E, 0x3F, 0xF0, 0x03, 0x39, 0x90, 0xF0,
        0x24, 0x00, 0x7E, 0x62, 0x27, 0x76, 0x02, 0x74, 0x63, 0xB7, 0x49, 0x92,
        0x24, 0x49, 0x02, 0x00, 0x1D, 0x22, 0xB6, 0x6D, 0xDB, 0xB6, 0x0D, 0x91,
        0x62, 0xB7, 0x49, 0x92, 0x24, 0x49, 0x02, 0x00, 0x21, 0x26, 0xB6, 0x6D,
        0xDB, 0xB6, 0x0D, 0x48, 0x58, 0x0A, 0xF9, 0x9D, 0xDF, 0xF9, 0x7D, 0x01,
        0x44, 0x1E, 0xA0, 0x03, 0x3A, 0xA0, 0xFF, 0xFF, 0x5C, 0x26, 0xBF, 0x9B,
        0xBB, 0xB9, 0x0B, 0x00, 0x23, 0x0C, 0xF4, 0xC3, 0x3E, 0xAC, 0x0F, 0x00,
        0x64, 0x41, 0xB7, 0x90, 0x0B, 0xB9, 0x30, 0x49, 0x23, 0x07, 0x0F, 0xF8,
        0x60, 0x3F, 0x06, 0x00, 0x74, 0x60, 0xA5, 0x50, 0x0A, 0xE5, 0x94, 0x24,
        0x23, 0x09, 0xF5, 0x53, 0x3F, 0xF5, 0x0F, 0x00, 0x80, 0x60, 0x13, 0x30,
        0x09, 0x93, 0x90, 0x24, 0x23, 0x03, 0x7F, 0xF2, 0x27, 0xFF, 0x03, 0x00,
        0x00, 0x05, 0x00, 0x00, 0x00, 0x00, 0x00, 0x00, 0x00, 0x05, 0x00, 0x00,
        0x00, 0x00, 0x00, 0x00, 0x0B, 0x18, 0xB6, 0x63, 0x1B, 0xB6, 0x6D, 0xDB,
        0x00, 0x05, 0x00, 0x00, 0x00, 0x00, 0x00, 0x00, 0x00, 0x05, 0x00, 0x00,
        0x00, 0x00, 0x00, 0x00, 0x5F, 0x32, 0x50, 0x03, 0xF1, 0x10, 0x0D, 0xCD,
        0x25, 0x00, 0x79, 0x91, 0x78, 0xC9, 0x9B, 0xC4, 0x2D, 0x00, 0x7C, 0x32,
        0x27, 0xEA, 0x03, 0x3A, 0x00, 0x05, 0x00, 0x00, 0x00, 0x00, 0x00, 0x00,
        0x00, 0x05, 0x00, 0x00, 0x00, 0x00, 0x00, 0x00, 0x00, 0x05, 0x00, 0x00,
        0x00, 0x00, 0x00, 0x00, 0x00, 0x05, 0x00, 0x00, 0x00, 0x00, 0x00, 0x00,
        0x9E, 0x5F, 0x50, 0x03, 0xF1, 0x10, 0x0D, 0xCD, 0x00, 0x05, 0x00, 0x00,
        0x00, 0x00, 0x00, 0x00, 0x58, 0x00, 0x73, 0xAC, 0xFE, 0xA2, 0x83, 0xF5,
        0x00, 0x05, 0x00, 0x00, 0x00, 0x00, 0x00, 0x00, 0x00, 0x05, 0x00, 0x00,
        0x00, 0x00, 0x00, 0x00, 0x5F, 0x2C, 0x50, 0x03, 0xF1, 0x10, 0x0D, 0xCD,
        0x03, 0x33, 0x16, 0x63, 0xAF, 0xB6, 0x68, 0x63, 0x26, 0x00, 0x4D, 0xB2,
        0x24, 0x72, 0x82, 0x26, 0x5C, 0x44, 0x15, 0x70, 0x4A, 0xE9, 0x94, 0x92,
        0x36, 0x26, 0x4E, 0xB2, 0xFE, 0x62, 0x8D, 0xB1, 0x5E, 0x56, 0x00, 0x40,
        0x49, 0x77, 0x95, 0xFF, 0x25, 0x2A, 0x02, 0xB0, 0x6D, 0xE9, 0x96, 0xA4,
        0xAA, 0x59, 0xC9, 0x9C, 0xA8, 0x09, 0x98, 0x80, 0x28, 0x00, 0x92, 0x09,
        0xC4, 0x40, 0x0E, 0xE4, 0x7D, 0x63, 0x7F, 0x42, 0xFB, 0x63, 0x8D, 0xB1,
        0x20, 0x08, 0x02, 0x50, 0x6E, 0x77, 0x99, 0xBB, 0x6C, 0x62, 0x7F, 0x52,
        0xDB, 0x63, 0x0B, 0x8D, 0x22, 0x13, 0x00, 0x40, 0x6E, 0x76, 0x9B, 0xDF,
        0x58, 0x0A, 0x17, 0x10, 0x4E, 0x31, 0x17, 0x97, 0x3C, 0x23, 0x49, 0xC2,
        0x24, 0x7A, 0x02, 0x3F, 0x5C, 0x3E, 0x00, 0xC0, 0x4D, 0x2E, 0x99, 0xBB,
        0x23, 0x28, 0x00, 0x00, 0x00, 0x00, 0x00, 0x00, 0x60, 0x4D, 0x12, 0x40,
        0x02, 0x36, 0x90, 0x03, 0x23, 0x28, 0x00, 0x00, 0x00, 0x00, 0x00, 0x00,
        0x60, 0x65, 0x00, 0x00, 0x00, 0x00, 0x00, 0x00, 0x23, 0x28, 0x00, 0x00,
        0x00, 0x00, 0x00, 0x00, 0x60, 0x65, 0x00, 0x00, 0x00, 0x00, 0x00, 0x00,
        0x23, 0x28, 0x00, 0x00, 0x00, 0x00, 0x00, 0x00, 0x00, 0x05, 0x00, 0x00,
        0x00, 0x00, 0x00, 0x00, 0x00, 0x05, 0x00, 0x00, 0x00, 0x00, 0x00, 0x00,
        0x0B, 0x10, 0xB6, 0x61, 0xDB, 0xB6, 0x6D, 0xDB, 0x00, 0x05, 0x00, 0x00,
        0x00, 0x00, 0x00, 0x00, 0x31, 0x9B, 0xB6, 0x6D, 0xDB, 0xB6, 0x8D, 0x26,
        0x11, 0x5F, 0x49, 0x99, 0x94, 0x49, 0x09, 0xDB, 0x9E, 0x00, 0x49, 0x9E,
        0xE4, 0x49, 0x02, 0x00, 0x2D, 0x00, 0x73, 0xA2, 0x3E, 0xA0, 0x93, 0x24,
        0x00, 0x05, 0x00, 0x00, 0x00, 0x00, 0x00, 0x00, 0x00, 0x05, 0x00, 0x00,
        0x00, 0x00, 0x00, 0x00, 0x00, 0x05, 0x00, 0x00, 0x00, 0x00, 0x00, 0x00,
        0x00, 0x05, 0x00, 0x00, 0x00, 0x00, 0x00, 0x00, 0x9E, 0x00, 0x80, 0x06,
        0x68, 0x80, 0xE6, 0x24, 0x5C, 0x00, 0x49, 0x92, 0x24, 0x49, 0xF2, 0x01,
        0x58, 0x00, 0xEA, 0x2F, 0x3A, 0x58, 0x9F, 0x24, 0x5D, 0x62, 0xB6, 0x6D,
        0xDB, 0xB6, 0x0D, 0x49, 0x00, 0x05, 0x00, 0x00, 0x00, 0x00, 0x00, 0x00,
        0x32, 0x5F, 0x29, 0x91, 0x52, 0x29, 0x65, 0xDB, 0x29, 0x00, 0x09, 0x91,
        0x78, 0xC9, 0x99, 0x24, 0x26, 0x00, 0x4B, 0x22, 0x27, 0x68, 0x92, 0x24,
        0x59, 0x43, 0x1E, 0x70, 0x0A, 0xE9, 0x96, 0x72, 0x38, 0x28, 0x74, 0xB2,
        0xFA, 0x62, 0x0D, 0xB2, 0x5C, 0x53, 0x02, 0x50, 0x0E, 0x6D, 0x9B, 0xB6,
        0x27, 0x2C, 0x00, 0xC0, 0x01, 0x24, 0x17, 0x92, 0xAC, 0x57, 0x89, 0x9A,
        0x80, 0x09, 0x98, 0x60, 0x2A, 0x00, 0x40, 0x0C, 0xE4, 0x40, 0x02, 0x24,
        0x82, 0x67, 0xFE, 0xC3, 0xFA, 0x62, 0x8D, 0xB1, 0x1A, 0x05, 0x94, 0x60,
        0x6E, 0x77, 0x99, 0xBB, 0x6E, 0x64, 0xFE, 0xC3, 0xDA, 0x22, 0x0B, 0x8D,
        0x10, 0x1E, 0x6D, 0x42, 0xB2, 0xDA, 0x08, 0x69, 0x4A, 0x09, 0xA1, 0x90,
        0x4E, 0x31, 0x17, 0x97, 0x3F, 0x23, 0x4C, 0xB2, 0x27, 0x72, 0x02, 0x3F,
        0x56, 0x37, 0x13, 0x50, 0x4E, 0x2E, 0x99, 0xB7, 0x23, 0x28, 0x00, 0x00,
        0x00, 0x00, 0x20, 0x00, 0x60, 0x48, 0x1C, 0xD0, 0x02, 0x36, 0x90, 0x03,
        0x23, 0x28, 0x00, 0x00, 0x00, 0x00, 0x00, 0x00, 0x60, 0x65, 0x00, 0x00,
        0x00, 0x00, 0x00, 0x00, 0x23, 0x28, 0x00, 0x00, 0x00, 0x00, 0x00, 0x00,
        0x60, 0x65, 0x00, 0x00, 0x00, 0x00, 0x00, 0x00, 0x23, 0x28, 0x00, 0x00,
        0x00, 0x00, 0x00, 0x00, 0x00, 0x05, 0x00, 0x00, 0x00, 0x00, 0x00, 0x00,
        0x00, 0x05, 0x00, 0x00, 0x00, 0x00, 0x00, 0x00, 0x00, 0x05, 0x00, 0x00,
        0x00, 0x00, 0x00, 0x00, 0x00, 0x05, 0x00, 0x00, 0x00, 0x00, 0x00, 0x00,
        0x9B, 0x00, 0x16, 0x10, 0x0A, 0xF9, 0x94, 0x74, 0x52, 0x00, 0x4F, 0xD2,
        0x24, 0x4A, 0x82, 0x27, 0x9E, 0x7E, 0x00, 0x20, 0x01, 0x9C, 0x14, 0x73,
        0x00, 0x05, 0x00, 0x00, 0x00, 0x00, 0x00, 0x00, 0x00, 0x05, 0x00, 0x00,
        0x00, 0x00, 0x00, 0x00, 0x00, 0x05, 0x00, 0x00, 0x00, 0x00, 0x00, 0x00,
        0x00, 0x05, 0x00, 0x00, 0x00, 0x00, 0x00, 0x00, 0x00, 0x05, 0x00, 0x00,
        0x00, 0x00, 0x00, 0x00, 0x1F, 0x92, 0xB2, 0x4D, 0xDB, 0x85, 0x9D, 0xD9,
        0x5C, 0x00, 0x1F, 0x10, 0x0B, 0x49, 0x97, 0xA4, 0x00, 0x05, 0x00, 0x00,
        0x00, 0x00, 0x00, 0x00, 0x5E, 0x3E, 0x00, 0x20, 0x01, 0x9C, 0x14, 0x73,
        0x00, 0x05, 0x00, 0x00, 0x00, 0x00, 0x00, 0x00, 0x00, 0x05, 0x00, 0x00,
        0x00, 0x00, 0x00, 0x00, 0x00, 0x05, 0x00, 0x00, 0x00, 0x00, 0x00, 0x00,
        0x00, 0x05, 0x00, 0x00, 0x00, 0x00, 0x00, 0x00, 0x53, 0x42, 0xE1, 0x90,
        0x4E, 0x29, 0x17, 0x77, 0x3A, 0x2E, 0xF2, 0x03, 0x3A, 0xA0, 0x0F, 0xD6,
        0x4F, 0x57, 0x4C, 0x42, 0x36, 0x23, 0x0B, 0x92, 0x2A, 0x2F, 0x03, 0x50,
        0x02, 0x2D, 0x91, 0x96, 0xB0, 0x55, 0x09, 0x96, 0x60, 0x09, 0x96, 0x40,
        0x01, 0x2B, 0x89, 0x91, 0x18, 0x89, 0x9D, 0xD8, 0x8E, 0x71, 0xF4, 0xB3,
        0xFA, 0xA2, 0x8F, 0xD5, 0x0E, 0x02, 0xA6, 0xF0, 0x52, 0x71, 0x97, 0x9B,
        0x6A, 0x76, 0x13, 0xC0, 0x49, 0xE5, 0x96, 0x92, 0x15, 0x0A, 0x9C, 0xD0,
        0x6E, 0x77, 0x97, 0xBB, 0x30, 0x09, 0xE9, 0x90, 0x4E, 0x31, 0x17, 0x77,
        0x42, 0x25, 0x72, 0x02, 0x3F, 0xE8, 0x83, 0xFA, 0x45, 0x2B, 0x9D, 0x60,
        0x4E, 0x37, 0x97, 0x97, 0x23, 0x28, 0x02, 0x30, 0x09, 0x9B, 0xC4, 0x4D,
        0x60, 0x3C, 0x2E, 0x60, 0x03, 0x3F, 0x90, 0x03, 0x23, 0x28, 0x00, 0x00,
        0x00, 0x00, 0x20, 0x00, 0x60, 0x65, 0x00, 0x00, 0x00, 0x00, 0x00, 0x00,
        0x23, 0x28, 0x00, 0x00, 0x00, 0x00, 0x00, 0x00, 0x60, 0x65, 0x00, 0x00,
        0x00, 0x00, 0x00, 0x00, 0x23, 0x28, 0x00, 0x00, 0x00, 0x00, 0x00, 0x00,
        0x00, 0x05, 0x00, 0x00, 0x00, 0x00, 0x00, 0x00, 0x00, 0x05, 0x00, 0x00,
        0x00, 0x00, 0x00, 0x00, 0x00, 0x05, 0x00, 0x00, 0x00, 0x00, 0x00, 0x00,
        0x00, 0x05, 0x00, 0x00, 0x00, 0x00, 0x00, 0x00, 0x95, 0x00, 0x21, 0x90,
        0x4F, 0x49, 0x97, 0x9C, 0x58, 0x00, 0x4D, 0xA2, 0x24, 0x78, 0x82, 0x26,
        0x9D, 0x6B, 0x00, 0x30, 0x09, 0xE5, 0x14, 0x73, 0x00, 0x05, 0x00, 0x00,
        0x00, 0x00, 0x00, 0x00, 0x00, 0x05, 0x00, 0x00, 0x00, 0x00, 0x00, 0x00,
        0x00, 0x05, 0x00, 0x00, 0x00, 0x00, 0x00, 0x00, 0x00, 0x05, 0x00, 0x00,
        0x00, 0x00, 0x00, 0x00, 0x00, 0x05, 0x00, 0x00, 0x00, 0x00, 0x00, 0x00,
        0x1F, 0x97, 0xB4, 0x5D, 0xD8, 0x99, 0x1D, 0xC2, 0x55, 0x00, 0xA9, 0x90,
        0x54, 0x49, 0x9A, 0xE4, 0x00, 0x05, 0x00, 0x00, 0x00, 0x00, 0x00, 0x00,
        0x5D, 0x2B, 0x00, 0x30, 0x09, 0xE5, 0x14, 0x73, 0x00, 0x05, 0x00, 0x00,
        0x00, 0x00, 0x00, 0x00, 0x00, 0x05, 0x00, 0x00, 0x00, 0x00, 0x00, 0x00,
        0x00, 0x05, 0x00, 0x00, 0x00, 0x00, 0x00, 0x00, 0x00, 0x05, 0x00, 0x00,
        0x00, 0x00, 0x00, 0x00, 0x50, 0x42, 0xA1, 0x90, 0x0E, 0x31, 0x11, 0x53,
        0x3B, 0x2E, 0xAA, 0x23, 0xFA, 0x60, 0x0D, 0xD6, 0x57, 0x4F, 0xA4, 0x50,
        0x52, 0x21, 0x19, 0x93, 0x31, 0x2A, 0x6C, 0x42, 0x36, 0x23, 0x0B, 0x92,
        0xB1, 0x53, 0x09, 0x96, 0x60, 0x09, 0x94, 0x40, 0x2E, 0x00, 0x52, 0x22,
        0x25, 0x50, 0x02, 0x24, 0x91, 0x74, 0xF3, 0xA3, 0xFA, 0xA2, 0x8F, 0xD5,
        0x01, 0x0C, 0x62, 0x83, 0xB1, 0xD0, 0x08, 0x8D, 0x6C, 0x79, 0x13, 0xC0,
        0x49, 0xE5, 0x96, 0x72, 0x12, 0x09, 0x1C, 0xD0, 0x0E, 0x6F, 0x19, 0xB7,
        0x2B, 0x09, 0xE9, 0x90, 0x4E, 0x31, 0x15, 0x73, 0x43, 0x26, 0xF2, 0x83,
        0x3E, 0xA8, 0x0F, 0xFA, 0x40, 0x28, 0x9D, 0x60, 0x4E, 0x37, 0x17, 0x97,
        0x23, 0x28, 0x93, 0xB0, 0x49, 0xDC, 0x54, 0x6E, 0x60, 0x39, 0x36, 0x70,
        0x03, 0x3F, 0x90, 0x03, 0x23, 0x28, 0x00, 0x00, 0x00, 0x02, 0x20, 0x01,
        0x60, 0x65, 0x00, 0x00, 0x00, 0x00, 0x00, 0x00, 0x23, 0x28, 0x00, 0x00,
        0x00, 0x00, 0x00, 0x00, 0x60, 0x65, 0x00, 0x00, 0x00, 0x00, 0x00, 0x00,
        0x23, 0x28, 0x00, 0x00, 0x00, 0x00, 0x00, 0x00, 0x00, 0x05, 0x00, 0x00,
        0x00, 0x00, 0x00, 0x00, 0x00, 0x05, 0x00, 0x00, 0x00, 0x00, 0x00, 0x00,
        0x00, 0x05, 0x00, 0x00, 0x00, 0x00, 0x00, 0x00, 0x00, 0x05, 0x00, 0x00,
        0x00, 0x00, 0x00, 0x00, 0x4F, 0x00, 0x49, 0x91, 0x64, 0x49, 0x9A, 0xE4,
        0x5D, 0x00, 0x68, 0x02, 0x26, 0xD8, 0x03, 0x39, 0x8B, 0x30, 0x13, 0xD0,
        0x49, 0xEF, 0x16, 0x73, 0x00, 0x05, 0x00, 0x00, 0x00, 0x00, 0x00, 0x00,
        0x00, 0x05, 0x00, 0x00, 0x00, 0x00, 0x00, 0x00, 0x00, 0x05, 0x00, 0x00,
        0x00, 0x00, 0x00, 0x00, 0x00, 0x05, 0x00, 0x00, 0x00, 0x00, 0x00, 0x00,
        0x00, 0x05, 0x00, 0x00, 0x00, 0x00, 0x00, 0x00, 0x9C, 0x00, 0xD8, 0x83,
        0x35, 0x10, 0x0F, 0xD1, 0x10, 0x15, 0xB6, 0x61, 0xDB, 0xB6, 0x6D, 0xDB,
        0x0F, 0x14, 0xB6, 0x6D, 0xDB, 0xB6, 0x0D, 0xDB, 0x4B, 0x00, 0x94, 0x60,
        0x4E, 0x29, 0x97, 0x97, 0x00, 0x05, 0x00, 0x00, 0x00, 0x00, 0x00, 0x00,
        0x00, 0x05, 0x00, 0x00, 0x00, 0x00, 0x00, 0x00, 0x00, 0x05, 0x00, 0x00,
        0x00, 0x00, 0x00, 0x00, 0x00, 0x05, 0x00, 0x00, 0x00, 0x00, 0x00, 0x00,
        0x4E, 0x42, 0xF1, 0x10, 0x4F, 0xF1, 0x16, 0x73, 0x31, 0x3C, 0x99, 0x10,
        0x0E, 0xE1, 0x94, 0x6E, 0x4E, 0x53, 0x62, 0x22, 0x25, 0xD2, 0x02, 0xA9,
        0x2E, 0x33, 0x04, 0xC0, 0x01, 0x24, 0x40, 0x12, 0x53, 0xB2, 0x40, 0x0A,
        0xA4, 0x40, 0x0A, 0xA4, 0x2B, 0x30, 0x84, 0x4D, 0xDA, 0xA4, 0x4D, 0xDA,
        0x98, 0x7C, 0xEB, 0x23, 0xFA, 0xA0, 0x8F, 0xD5, 0x07, 0x00, 0xEF, 0x10,
        0x53, 0x71, 0x97, 0x9B, 0x71, 0x7F, 0x9C, 0x50, 0x4E, 0xE5, 0x96, 0x72,
        0x0D, 0x06, 0x9D, 0xF0, 0x4E, 0x79, 0x97, 0xBB, 0x22, 0x09, 0xE9, 0x10,
        0x0F, 0x31, 0x15, 0x73, 0x44, 0x2A, 0xE8, 0x83, 0x3A, 0xA0, 0x0F, 0xFA,
        0x35, 0x21, 0xA5, 0xE0, 0x4E, 0x2F, 0x17, 0x77, 0x2C, 0x25, 0x7E, 0x52,
        0x3F, 0xEB, 0xA3, 0xFA, 0x60, 0x31, 0x37, 0xF0, 0x03, 0x39, 0x90, 0x00,
        0x23, 0x28, 0x12, 0x20, 0x01, 0x13, 0xB0, 0x01, 0x60, 0x65, 0x00, 0x00,
        0x00, 0x00, 0x00, 0x00, 0x23, 0x28, 0x00, 0x00, 0x00, 0x00, 0x00, 0x00,
        0x60, 0x65, 0x00, 0x00, 0x00, 0x00, 0x00, 0x00, 0x23, 0x28, 0x00, 0x00,
        0x00, 0x00, 0x00, 0x00, 0x00, 0x05, 0x00, 0x00, 0x00, 0x00, 0x00, 0x00,
        0x00, 0x05, 0x00, 0x00, 0x00, 0x00, 0x00, 0x00, 0x00, 0x05, 0x00, 0x00,
        0x00, 0x00, 0x00, 0x00, 0x00, 0x05, 0x00, 0x00, 0x00, 0x00, 0x00, 0x00,
        0x04, 0x36, 0x36, 0x62, 0x9B, 0xB6, 0x65, 0xDB, 0x5D, 0x00, 0x60, 0x82,
        0x3D, 0x90, 0x03, 0x35, 0x82, 0x1F, 0x9C, 0x50, 0x4E, 0x2F, 0x17, 0x77,
        0x00, 0x05, 0x00, 0x00, 0x00, 0x00, 0x00, 0x00, 0x00, 0x05, 0x00, 0x00,
        0x00, 0x00, 0x00, 0x00, 0x00, 0x05, 0x00, 0x00, 0x00, 0x00, 0x00, 0x00,
        0x00, 0x05, 0x00, 0x00, 0x00, 0x00, 0x00, 0x00, 0x00, 0x05, 0x00, 0x00,
        0x00, 0x00, 0x00, 0x00, 0x9D, 0x09, 0x98, 0x03, 0xF5, 0x10, 0x0D, 0xAD,
        0x00, 0x05, 0x00, 0x00, 0x00, 0x00, 0x00, 0x00, 0x04, 0x1F, 0xB6, 0x6D,
        0xDB, 0xB3, 0x1D, 0xD8, 0x42, 0x00, 0x9E, 0x90, 0x4E, 0x79, 0x97, 0xB8,
        0x00, 0x05, 0x00, 0x00, 0x00, 0x00, 0x00, 0x00, 0x00, 0x05, 0x00, 0x00,
        0x00, 0x00, 0x00, 0x00, 0x00, 0x05, 0x00, 0x00, 0x00, 0x00, 0x00, 0x00,
        0x00, 0x05, 0x00, 0x00, 0x00, 0x00, 0x00, 0x00, 0x4C, 0x42, 0xA9, 0x90,
        0x4A, 0xE9, 0x94, 0x52, 0x31, 0x3D, 0xE5, 0x10, 0x4E, 0xE1, 0x16, 0x6E,
        0x53, 0x4B, 0x24, 0x40, 0x0E, 0x25, 0x11, 0x92, 0x2E, 0x33, 0x1C, 0x40,
        0x02, 0x24, 0x51, 0x52, 0xB2, 0x53, 0x09, 0x94, 0x40, 0x09, 0x94, 0x40,
        0x2E, 0x33, 0x80, 0x0D, 0xD8, 0x80, 0x0D, 0xD8, 0x9A, 0x7F, 0xEB, 0x23,
        0xFA, 0xA0, 0x8F, 0xD5, 0x01, 0x06, 0x16, 0x63, 0xAD, 0x86, 0x68, 0x68,
        0x81, 0x73, 0xF4, 0xB3, 0xFA, 0x62, 0x8F, 0xD5, 0x0C, 0x05, 0xA6, 0x70,
        0x53, 0x77, 0x99, 0x9B, 0x20, 0x09, 0xE9, 0x10, 0x13, 0x31, 0x15, 0x53,
        0x44, 0x2B, 0xE8, 0x03, 0xFA, 0xA0, 0x0F, 0xFA, 0x33, 0x20, 0xA6, 0xF0,
        0x4E, 0x31, 0x17, 0x77, 0x2C, 0x25, 0xF5, 0xB3, 0x3E, 0xAA, 0xAF, 0xF5,
        0x60, 0x2F, 0x3F, 0xF0, 0x03, 0x39, 0x90, 0x03, 0x23, 0x28, 0x12, 0x30,
        0x01, 0x1B, 0xC0, 0x01, 0x60, 0x65, 0x00, 0x00, 0x00, 0x00, 0x00, 0x00,
        0x23, 0x28, 0x00, 0x00, 0x00, 0x00, 0x00, 0x00, 0x60, 0x65, 0x00, 0x00,
        0x00, 0x00, 0x00, 0x00, 0x23, 0x28, 0x00, 0x00, 0x00, 0x00, 0x00, 0x00,
        0x00, 0x05, 0x00, 0x00, 0x00, 0x00, 0x00, 0x00, 0x00, 0x05, 0x00, 0x00,
        0x00, 0x00, 0x00, 0x00, 0x00, 0x05, 0x00, 0x00, 0x00, 0x00, 0x00, 0x00,
        0x00, 0x05, 0x00, 0x00, 0x00, 0x00, 0x00, 0x00, 0x00, 0x05, 0x00, 0x00,
        0x00, 0x00, 0x00, 0x00, 0x5E, 0x03, 0x50, 0x03, 0xF1, 0x10, 0x0D, 0xAD,
        0x60, 0x00, 0xA6, 0xF0, 0x4E, 0x31, 0x97, 0x97, 0x07, 0x0C, 0xB6, 0x6D,
        0xDB, 0xB6, 0x0D, 0xDB, 0x00, 0x05, 0x00, 0x00, 0x00, 0x00, 0x00, 0x00,
        0x00, 0x05, 0x00, 0x00, 0x00, 0x00, 0x00, 0x00, 0x00, 0x05, 0x00, 0x00,
        0x00, 0x00, 0x00, 0x00, 0x00, 0x05, 0x00, 0x00, 0x00, 0x00, 0x00, 0x00,
        0x9E, 0x43, 0x50, 0x03, 0xF1, 0x10, 0x0D, 0xAD, 0x00, 0x05, 0x00, 0x00,
        0x00, 0x00, 0x00, 0x00, 0x46, 0x00, 0x4D, 0x32, 0x27, 0xEA, 0x03, 0x3A,
        0x03, 0x20, 0xF6, 0x62, 0x83, 0xB6, 0x65, 0xDB, 0x00, 0x05, 0x00, 0x00,
        0x00, 0x00, 0x00, 0x00, 0x00, 0x05, 0x00, 0x00, 0x00, 0x00, 0x00, 0x00,
        0x00, 0x05, 0x00, 0x00, 0x00, 0x00, 0x00, 0x00, 0x00, 0x05, 0x00, 0x00,
        0x00, 0x00, 0x00, 0x00, 0x4A, 0x42, 0xE1, 0x90, 0x12, 0x31, 0x11, 0x13,
        0x3D, 0x35, 0x60, 0x02, 0x3E, 0xA0, 0x03, 0x36, 0x4A, 0x4F, 0x4A, 0x82,
        0x24, 0x60, 0x02, 0x25, 0x2F, 0x35, 0xDC, 0xD0, 0x6D, 0xD9, 0x16, 0x6E,
        0xB3, 0x4F, 0x09, 0x94, 0x40, 0x09, 0x94, 0x40, 0x2E, 0x33, 0x80, 0x0D,
        0xD8, 0x83, 0x4D, 0xD9, 0x9F, 0x85, 0xEA, 0x23, 0xFA, 0xA0, 0x8F, 0xF5,
        0x01, 0x06, 0x86, 0x66, 0x4B, 0x36, 0x64, 0x43, 0x86, 0x78, 0xF4, 0xB3,
        0x3A, 0x62, 0x8F, 0xD5, 0x03, 0x09, 0x63, 0xA3, 0xB1, 0x18, 0x0B, 0x8D,
        0x1B, 0x0A, 0xF1, 0x10, 0x13, 0x31, 0x15, 0x53, 0x45, 0x2E, 0xA0, 0x03,
        0xFA, 0xA0, 0x0F, 0xF6, 0x2C, 0x1C, 0xE6, 0xF0, 0x52, 0x31, 0x17, 0x77,
        0x2E, 0x26, 0xA3, 0x03, 0xFA, 0x58, 0x8D, 0xD1, 0x60, 0x2A, 0x3F, 0x90,
        0x03, 0x39, 0x90, 0x00, 0x23, 0x28, 0x1C, 0xC0, 0x01, 0x25, 0x50, 0x02,
        0x60, 0x65, 0x00, 0x00, 0x00, 0x00, 0x00, 0x00, 0x23, 0x28, 0x00, 0x00,
        0x00, 0x00, 0x00, 0x00, 0x60, 0x65, 0x00, 0x00, 0x00, 0x00, 0x00, 0x00,
        0x23, 0x28, 0x00, 0x00, 0x00, 0x00, 0x00, 0x00, 0x00, 0x05, 0x00, 0x00,
        0x00, 0x00, 0x00, 0x00, 0x00, 0x05, 0x00, 0x00, 0x00, 0x00, 0x00, 0x00,
        0x00, 0x05, 0x00, 0x00, 0x00, 0x00, 0x00, 0x00, 0x00, 0x05, 0x00, 0x00,
        0x00, 0x00, 0x00, 0x00, 0x00, 0x05, 0x00, 0x00, 0x00, 0x00, 0x00, 0x00,
        0x5E, 0x10, 0x50, 0x03, 0xF1, 0x10, 0x0D, 0xAD, 0x04, 0x54, 0x62, 0x83,
        0xB1, 0xD6, 0x6A, 0x8C, 0x07, 0x10, 0xB6, 0x6D, 0xDB, 0xB0, 0x1D, 0xDB,
        0x00, 0x05, 0x00, 0x00, 0x00, 0x00, 0x00, 0x00, 0x00, 0x05, 0x00, 0x00,
        0x00, 0x00, 0x00, 0x00, 0x00, 0x05, 0x00, 0x00, 0x00, 0x00, 0x00, 0x00,
        0x00, 0x05, 0x00, 0x00, 0x00, 0x00, 0x00, 0x00, 0x9E, 0x50, 0x50, 0x03,
        0xF1, 0x10, 0x0D, 0xCD, 0x00, 0x05, 0x00, 0x00, 0x00, 0x00, 0x00, 0x00,
        0x50, 0x00, 0x74, 0xB2, 0x3E, 0xA2, 0x83, 0xF5, 0x03, 0x14, 0x36, 0x62,
        0x7B, 0xB6, 0x6D, 0xDB, 0x00, 0x05, 0x00, 0x00, 0x00, 0x00, 0x00, 0x00,
        0x00, 0x05, 0x00, 0x00, 0x00, 0x00, 0x00, 0x00, 0x00, 0x05, 0x00, 0x00,
        0x00, 0x00, 0x00, 0x00, 0x00, 0x05, 0x00, 0x00, 0x00, 0x00, 0x00, 0x00,
        0x4A, 0x42, 0x29, 0x11, 0x13, 0x31, 0x91, 0x13, 0x3D, 0x35, 0xE0, 0x03,
        0x3A, 0x60, 0x03, 0x32, 0x4A, 0x4F, 0x48, 0x02, 0x26, 0x50, 0x02, 0x24,
        0x31, 0x36, 0x03, 0x50, 0x00, 0x15, 0xD0, 0x01, 0xB3, 0x4F, 0x09, 0x94,
        0x40, 0x09, 0x94, 0x40, 0x2E, 0x33, 0x80, 0x3D, 0xD8, 0x94, 0x4D, 0xDA,
        0xA0, 0x87, 0xEA, 0x23, 0x3A, 0xA0, 0x8F, 0xF5, 0x01, 0x06, 0xB6, 0x64,
        0x43, 0x36, 0x64, 0x43, 0x79, 0x87, 0x9C, 0x50, 0x4E, 0xE1, 0x94, 0x72,
        0x02, 0x07, 0x63, 0x23, 0x36, 0x1A, 0x0B, 0xB1, 0x1A, 0x0A, 0x31, 0x11,
        0x53, 0x31, 0x15, 0x53, 0x45, 0x30, 0xE8, 0x03, 0x3A, 0xA0, 0x03, 0xFA,
        0x2A, 0x1B, 0xEF, 0xF0, 0x4E, 0x31, 0x15, 0x77, 0x2E, 0x27, 0xEA, 0x23,
        0xFA, 0x60, 0x0F, 0xD1, 0x60, 0x28, 0x3F, 0x90, 0x03, 0x39, 0x90, 0x00,
        0x23, 0x28, 0x1C, 0x50, 0x02, 0x25, 0x90, 0x02, 0x60, 0x65, 0x00, 0x00,
        0x00, 0x00, 0x00, 0x00, 0x23, 0x28, 0x00, 0x00, 0x00, 0x00, 0x00, 0x00,
        0x60, 0x65, 0x00, 0x00, 0x00, 0x00, 0x00, 0x00, 0x23, 0x28, 0x00, 0x00,
        0x00, 0x00, 0x00, 0x00, 0x00, 0x05, 0x00, 0x00, 0x00, 0x00, 0x00, 0x00,
        0x00, 0x05, 0x00, 0x00, 0x00, 0x00, 0x00, 0x00, 0x00, 0x05, 0x00, 0x00,
        0x00, 0x00, 0x00, 0x00, 0x00, 0x05, 0x00, 0x00, 0x00, 0x00, 0x00, 0x00,
        0x00, 0x05, 0x00, 0x00, 0x00, 0x00, 0x00, 0x00, 0x5F, 0x2C, 0x50, 0x03,
        0xF1, 0x10, 0x0D, 0xCD, 0x03, 0x33, 0x16, 0x63, 0xAF, 0xB6, 0x68, 0x63,
        0x26, 0x00, 0x4D, 0xB2, 0x24, 0x72, 0x82, 0x26, 0x00, 0x05, 0x00, 0x00,
        0x00, 0x00, 0x00, 0x00, 0x00, 0x05, 0x00, 0x00, 0x00, 0x00, 0x00, 0x00,
        0x00, 0x05, 0x00, 0x00, 0x00, 0x00, 0x00, 0x00, 0x00, 0x05, 0x00, 0x00,
        0x00, 0x00, 0x00, 0x00, 0x9E, 0x6B, 0x10, 0x03, 0xF1, 0x10, 0x0D, 0xCC,
        0x00, 0x05, 0x00, 0x00, 0x00, 0x00, 0x00, 0x00, 0x66, 0x0C, 0xAB, 0x23,
        0xFA, 0x58, 0x8D, 0xD1, 0x00, 0x05, 0x00, 0x00, 0x00, 0x00, 0x00, 0x00,
        0x00, 0x05, 0x00, 0x00, 0x00, 0x00, 0x00, 0x00, 0x00, 0x05, 0x00, 0x00,
        0x00, 0x00, 0x00, 0x00, 0x00, 0x05, 0x00, 0x00, 0x00, 0x00, 0x00, 0x00,
        0x00, 0x05, 0x00, 0x00, 0x00, 0x00, 0x00, 0x00, 0x49, 0x42, 0x39, 0x91,
        0x53, 0x09, 0x99, 0x90, 0x3D, 0x35, 0x20, 0x03, 0x32, 0x20, 0x8F, 0xD1,
        0x4A, 0x4F, 0x40, 0x02, 0x30, 0x80, 0x02, 0x20, 0x31, 0x36, 0x1D, 0xD0,
        0x02, 0xAD, 0xD0, 0x12, 0xB4, 0x4F, 0x09, 0x94, 0x40, 0x09, 0x94, 0x40,
        0x31, 0x36, 0x80, 0x0D, 0xD8, 0x80, 0x0D, 0xD8, 0xA3, 0x8C, 0xA2, 0x03,
        0x3A, 0x60, 0x8F, 0xF5, 0x01, 0x06, 0x36, 0x64, 0x1B, 0xB6, 0x61, 0x1B,
        0x7E, 0x8B, 0x9D, 0x50, 0x0E, 0xE1, 0x94, 0x72, 0x02, 0x07, 0x10, 0x0B,
        0x8D, 0x80, 0x08, 0x68, 0x17, 0x0A, 0x31, 0x11, 0x13, 0x31, 0x11, 0x53,
        0x46, 0x32, 0xA0, 0x03, 0x3A, 0xA0, 0x03, 0xFA, 0x25, 0x18, 0xE6, 0xF0,
        0x0E, 0x2F, 0x15, 0x73, 0x29, 0x30, 0xE5, 0x10, 0x4E, 0xE9, 0x94, 0x72,
        0x60, 0x25, 0x39, 0x90, 0x03, 0x09, 0x90, 0x00, 0x23, 0x2A, 0x25, 0x50,
        0x02, 0x2D, 0x90, 0x02, 0x60, 0x65, 0x00, 0x00, 0x00, 0x00, 0x00, 0x00,
        0x23, 0x28, 0x00, 0x00, 0x00, 0x00, 0x00, 0x00, 0x60, 0x65, 0x00, 0x00,
        0x00, 0x00, 0x00, 0x00, 0x23, 0x28, 0x00, 0x00, 0x00, 0x00, 0x00, 0x00,
        0x00, 0x05, 0x00, 0x00, 0x00, 0x00, 0x00, 0x00, 0x00, 0x05, 0x00, 0x00,
        0x00, 0x00, 0x00, 0x00, 0x00, 0x05, 0x00, 0x00, 0x00, 0x00, 0x00, 0x00,
        0x00, 0x05, 0x00, 0x00, 0x00, 0x00, 0x00, 0x00, 0x00, 0x05, 0x00, 0x00,
        0x00, 0x00, 0x00, 0x00, 0x27, 0x5F, 0x09, 0x95, 0x50, 0x49, 0x07, 0xDB,
        0x29, 0x00, 0x09, 0x91, 0x78, 0xC9, 0x99, 0x24, 0x26, 0x00, 0x4B, 0x22,
        0x27, 0x68, 0x92, 0x24, 0x00, 0x05, 0x00, 0x00, 0x00, 0x00, 0x00, 0x00,
        0x00, 0x05, 0x00, 0x00, 0x00, 0x00, 0x00, 0x00, 0x00, 0x05, 0x00, 0x00,
        0x00, 0x00, 0x00, 0x00, 0x00, 0x05, 0x00, 0x00, 0x00, 0x00, 0x00, 0x00,
        0x9E, 0x00, 0x80, 0x06, 0x68, 0x80, 0xF6, 0x24, 0x00, 0x05, 0x00, 0x00,
        0x00, 0x00, 0x00, 0x00, 0x16, 0x66, 0xA5, 0x10, 0x4E, 0xE9, 0x64, 0xDB,
        0x00, 0x05, 0x00, 0x00, 0x00, 0x00, 0x00, 0x00, 0x00, 0x05, 0x00, 0x00,
        0x00, 0x00, 0x00, 0x00, 0x00, 0x05, 0x00, 0x00, 0x00, 0x00, 0x00, 0x00,
        0x00, 0x05, 0x00, 0x00, 0x00, 0x00, 0x00, 0x00, 0x00, 0x05, 0x00, 0x00,
        0x00, 0x00, 0x00, 0x00, 0x48, 0x40, 0xAE, 0x60, 0x4B, 0xB6, 0x14, 0xDB,
        0x3D, 0x35, 0x20, 0x03, 0xF2, 0x18, 0x0D, 0x00, 0x4F, 0x42, 0xA4, 0x40,
        0x0E, 0x24, 0x91, 0x24, 0x31, 0x3D, 0x1B, 0xB0, 0x01, 0x9B, 0x90, 0x24,
        0x32, 0xB4, 0x52, 0x22, 0x25, 0x52, 0x22, 0x01, 0x31, 0x74, 0x80, 0x0D,
        0xD8, 0x80, 0x2D, 0x65, 0xA3, 0x3C, 0x90, 0x04, 0x49, 0x90, 0x94, 0x24,
        0x49, 0x00, 0x49, 0x92, 0x24, 0x49, 0x02, 0x40, 0x8B, 0x3D, 0x80, 0x04,
        0x48, 0x00, 0x94, 0x24, 0x02, 0x43, 0x00, 0x00, 0x00, 0x00, 0x90, 0x24,
        0x41, 0x0A, 0xF9, 0x9D, 0xDC, 0xC9, 0x0F, 0x6E, 0x46, 0x09, 0xD0, 0x06,
        0x6D, 0xD0, 0x96, 0x49, 0x3A, 0x18, 0xB9, 0x9B, 0xDB, 0xB9, 0x2D, 0x00,
        0x2A, 0x3D, 0x13, 0x30, 0x01, 0x93, 0x90, 0x24, 0x73, 0x25, 0xC9, 0x96,
        0x6C, 0xC9, 0x66, 0xC3, 0x23, 0x3D, 0x12, 0x20, 0x01, 0x12, 0x90, 0xB8,
        0x3C, 0x60, 0x49, 0x92, 0x24, 0x49, 0x02, 0x00, 0x23, 0x3D, 0x00, 0x00,
        0x00, 0x00, 0x90, 0x24, 0x3D, 0x60, 0x49, 0x92, 0x24, 0x49, 0x02, 0x00,
        0x23, 0x3D, 0x00, 0x00, 0x00, 0x00, 0x90, 0x24, 0x00, 0x05, 0x00, 0x00,
        0x00, 0x00, 0x00, 0x00, 0x00, 0x05, 0x00, 0x00, 0x00, 0x00, 0x00, 0x00,
        0x00, 0x05, 0x00, 0x00, 0x00, 0x00, 0x00, 0x00, 0x00, 0x05, 0x00, 0x00,
        0x00, 0x00, 0x00, 0x00, 0x00, 0x05, 0x00, 0x00, 0x00, 0x00, 0x00, 0x00,
        0x8F, 0x00, 0x4E, 0xC2, 0x24, 0x4A, 0x82, 0x26, 0x00, 0x05, 0x00, 0x00,
        0x00, 0x00, 0x00, 0x00, 0x00, 0x05, 0x00, 0x00, 0x00, 0x00, 0x00, 0x00,
        0x00, 0x05, 0x00, 0x00, 0x00, 0x00, 0x00, 0x00, 0x00, 0x05, 0x00, 0x00,
        0x00, 0x00, 0x00, 0x00, 0x00, 0x05, 0x00, 0x00, 0x00, 0x00, 0x00, 0x00,
        0x00, 0x05, 0x00, 0x00, 0x00, 0x00, 0x00, 0x00, 0x56, 0x00, 0x4E, 0xC2,
        0x24, 0x4A, 0x82, 0x26, 0x00, 0x05, 0x00, 0x00, 0x00, 0x00, 0x00, 0x00,
        0x00, 0x05, 0x00, 0x00, 0x00, 0x00, 0x00, 0x00, 0x00, 0x05, 0x00, 0x00,
        0x00, 0x00, 0x00, 0x00, 0x00, 0x05, 0x00, 0x00, 0x00, 0x00, 0x00, 0x00,
        0x00, 0x05, 0x00, 0x00, 0x00, 0x00, 0x00, 0x00, 0x00, 0x05, 0x00, 0x00,
        0x00, 0x00, 0x00, 0x00, 0x00, 0x05, 0x00, 0x00, 0x00, 0x00, 0x00, 0x00,
        0x40, 0x45, 0xD8, 0xA6, 0x6D, 0xDA, 0xB6, 0x6D, 0x3D, 0x42, 0x00, 0x00,
        0x00, 0x00, 0x00, 0x00, 0x42, 0x47, 0x00, 0x00, 0x00, 0x00, 0x00, 0x00,
        0x3D, 0x42, 0x00, 0x00, 0x00, 0x00, 0x00, 0x00, 0x43, 0x32, 0x40, 0x0A,
        0xAC, 0x80, 0x0A, 0x80, 0x74, 0x11, 0x2D, 0xD8, 0xDA, 0x6D, 0xDE, 0xE6,
        0x39, 0x3E, 0x6C, 0x0B, 0x8D, 0xD0, 0x04, 0x60, 0x49, 0x25, 0x80, 0x44,
        0x92, 0x76, 0x9B, 0xDB, 0x3A, 0x3F, 0x24, 0xC9, 0xB6, 0xD0, 0x2A, 0x00,
        0x32, 0x43, 0x49, 0x42, 0x92, 0xDA, 0x06, 0x48, 0x41, 0x00, 0xE0, 0x14,
        0x97, 0xB9, 0x9B, 0xDC, 0x9D, 0x09, 0xB1, 0xAD, 0xB6, 0x60, 0x8B, 0xB1,
        0x3A, 0x19, 0x02, 0x50, 0x6E, 0x76, 0x99, 0xDB, 0x4D, 0x3D, 0x49, 0xD2,
        0xDA, 0x63, 0x0B, 0x69, 0x73, 0x27, 0x36, 0xFC, 0xE7, 0x79, 0x9E, 0xE4,
        0x38, 0x59, 0x92, 0xB1, 0x71, 0x5B, 0xB8, 0xA5, 0x3D, 0x32, 0x00, 0xC0,
        0x09, 0xEE, 0x16, 0x97, 0x4B, 0x3B, 0xC9, 0xCF, 0xB6, 0x22, 0x09, 0x6D,
        0x39, 0x3E, 0x6D, 0xDB, 0xB6, 0x10, 0x0B, 0x00, 0x46, 0x3D, 0x49, 0xD2,
        0xB6, 0x24, 0x09, 0x8D, 0x00, 0x05, 0x00, 0x00, 0x00, 0x00, 0x00, 0x00,
        0x00, 0x05, 0x00, 0x00, 0x00, 0x00, 0x00, 0x00, 0x00, 0x05, 0x00, 0x00,
        0x00, 0x00, 0x00, 0x00, 0x00, 0x05, 0x00, 0x00, 0x00, 0x00, 0x00, 0x00,
        0x00, 0x05, 0x00, 0x00, 0x00, 0x00, 0x00, 0x00, 0x96, 0x00, 0x4C, 0xA2,
        0x24, 0x68, 0x02, 0x26, 0x00, 0x05, 0x00, 0x00, 0x00, 0x00, 0x00, 0x00,
        0x00, 0x05, 0x00, 0x00, 0x00, 0x00, 0x00, 0x00, 0x00, 0x05, 0x00, 0x00,
        0x00, 0x00, 0x00, 0x00, 0x00, 0x05, 0x00, 0x00, 0x00, 0x00, 0x00, 0x00,
        0x00, 0x05, 0x00, 0x00, 0x00, 0x00, 0x00, 0x00, 0x00, 0x05, 0x00, 0x00,
        0x00, 0x00, 0x00, 0x00, 0x59, 0x00, 0x4C, 0xA2, 0x24, 0x68, 0x02, 0x26,
        0x00, 0x05, 0x00, 0x00, 0x00, 0x00, 0x00, 0x00, 0x00, 0x05, 0x00, 0x00,
        0x00, 0x00, 0x00, 0x00, 0x00, 0x05, 0x00, 0x00, 0x00, 0x00, 0x00, 0x00,
        0x00, 0x05, 0x00, 0x00, 0x00, 0x00, 0x00, 0x00, 0x00, 0x05, 0x00, 0x00,
        0x00, 0x00, 0x00, 0x00, 0x00, 0x05, 0x00, 0x00, 0x00, 0x00, 0x00, 0x00,
        0x00, 0x05, 0x00, 0x00, 0x00, 0x00, 0x00, 0x00, 0x41, 0x46, 0x90, 0x04,
        0x49, 0x92, 0x04, 0x49, 0x3D, 0x42, 0x00, 0x00, 0x00, 0x00, 0x00, 0x00,
        0x42, 0x47, 0x00, 0x00, 0x00, 0x00, 0x00, 0x00, 0x3D, 0x42, 0x00, 0x00,
        0x00, 0x00, 0x00, 0x00, 0x44, 0x38, 0x52, 0x23, 0xED, 0x12, 0x2C, 0xC1,
        0x3D, 0x0F, 0x00, 0x05, 0xBC, 0x40, 0x0C, 0xC4, 0x39, 0x3E, 0xD0, 0x08,
        0x4D, 0x00, 0x26, 0x01, 0x3B, 0x20, 0x02, 0x50, 0x6E, 0x6F, 0x99, 0xBB,
        0x3A, 0x3F, 0x6C, 0x0B, 0xAD, 0x02, 0x20, 0x09, 0x3D, 0x2D, 0x00, 0x40,
        0x6E, 0x6E, 0x99, 0xDB, 0x24, 0x00, 0xA9, 0x90, 0x73, 0xB9, 0x99, 0xB8,
        0xA3, 0x44, 0x7C, 0x22, 0xFF, 0xA8, 0x0F, 0xDA, 0x31, 0x14, 0x13, 0x50,
        0x6E, 0x77, 0x99, 0xBB, 0x54, 0x42, 0x49, 0x62, 0xFF, 0x64, 0x8D, 0x91,
        0x34, 0x22, 0x00, 0xC1, 0x59, 0xAE, 0x97, 0x9B, 0x5A, 0x42, 0x09, 0x9F,
        0xA8, 0x3F, 0x68, 0x63, 0x31, 0x3C, 0x6C, 0x32, 0xB6, 0xD8, 0x08, 0x6D,
        0x41, 0x4E, 0x02, 0xC0, 0x49, 0xE5, 0x96, 0x72, 0x38, 0x3D, 0x49, 0xA2,
        0x35, 0x92, 0x04, 0x49, 0x41, 0x46, 0x00, 0x20, 0x49, 0xE1, 0x94, 0x24,
        0x00, 0x05, 0x00, 0x00, 0x00, 0x00, 0x00, 0x00, 0x00, 0x05, 0x00, 0x00,
        0x00, 0x00, 0x00, 0x00, 0x00, 0x05, 0x00, 0x00, 0x00, 0x00, 0x00, 0x00,
        0x00, 0x05, 0x00, 0x00, 0x00, 0x00, 0x00, 0x00, 0x00, 0x05, 0x00, 0x00,
        0x00, 0x00, 0x00, 0x00, 0x9C, 0x00, 0x60, 0x82, 0x39, 0x50, 0x03, 0xF1,
        0x00, 0x05, 0x00, 0x00, 0x00, 0x00, 0x00, 0x00, 0x00, 0x05, 0x00, 0x00,
        0x00, 0x00, 0x00, 0x00, 0x00, 0x05, 0x00, 0x00, 0x00, 0x00, 0x00, 0x00,
        0x00, 0x05, 0x00, 0x00, 0x00, 0x00, 0x00, 0x00, 0x00, 0x05, 0x00, 0x00,
        0x00, 0x00, 0x00, 0x00, 0x00, 0x05, 0x00, 0x00, 0x00, 0x00, 0x00, 0x00,
        0x5D, 0x00, 0x60, 0x82, 0x39, 0x50, 0x03, 0xF1, 0x00, 0x05, 0x00, 0x00,
        0x00, 0x00, 0x00, 0x00, 0x00, 0x05, 0x00, 0x00, 0x00, 0x00, 0x00, 0x00,
        0x00, 0x05, 0x00, 0x00, 0x00, 0x00, 0x00, 0x00, 0x00, 0x05, 0x00, 0x00,
        0x00, 0x00, 0x00, 0x00, 0x00, 0x05, 0x00, 0x00, 0x00, 0x00, 0x00, 0x00,
        0x00, 0x05, 0x00, 0x00, 0x00, 0x00, 0x00, 0x00, 0x00, 0x05, 0x00, 0x00,
        0x00, 0x00, 0x00, 0x00, 0x41, 0x46, 0x90, 0x04, 0x49, 0x90, 0x04, 0x49,
        0x3D, 0x42, 0x00, 0x00, 0x00, 0x00, 0x00, 0x00, 0x42, 0x47, 0x00, 0x00,
        0x00, 0x00, 0x00, 0x00, 0x3D, 0x42, 0x00, 0x00, 0x00, 0x00, 0x00, 0x00,
        0x3C, 0x46, 0x64, 0x41, 0x06, 0x64, 0x40, 0x46, 0x3D, 0x0C, 0x40, 0x0C,
        0xE4, 0x40, 0x0E, 0xE4, 0x39, 0x3E, 0x12, 0x30, 0x48, 0x1B, 0xC4, 0x01,
        0x2C, 0x18, 0x9D, 0x60, 0x4E, 0x37, 0x17, 0x97, 0x39, 0x3E, 0xDB, 0x04,
        0x71, 0x02, 0x28, 0x01, 0x25, 0x32, 0x6C, 0x32, 0xB6, 0xDA, 0x08, 0x6D,
        0x01, 0x0E, 0x06, 0x63, 0xAF, 0xB6, 0x68, 0x63, 0xAB, 0x59, 0xEA, 0x83,
        0xFE, 0xA0, 0x0F, 0xF6, 0x1F, 0x0B, 0x9D, 0xE0, 0x4E, 0x77, 0x97, 0x97,
        0x62, 0x4B, 0x7D, 0xC2, 0xFA, 0x63, 0x8D, 0xB1, 0x2D, 0x18, 0xE5, 0xE0,
        0x0E, 0xF7, 0x94, 0x4F, 0x5C, 0x49, 0x89, 0xFA, 0x83, 0x3E, 0x56, 0x63,
        0x35, 0x2E, 0x1D, 0xE0, 0x0A, 0x29, 0x11, 0x77, 0x53, 0x46, 0xB4, 0xB3,
        0xDA, 0x5B, 0x8D, 0xD1, 0x35, 0x3A, 0x6C, 0x8B, 0xB5, 0x80, 0x0A, 0x40,
        0x46, 0x4B, 0x00, 0x20, 0x00, 0x1D, 0xD0, 0x12, 0x00, 0x05, 0x00, 0x00,
        0x00, 0x00, 0x00, 0x00, 0x00, 0x05, 0x00, 0x00, 0x00, 0x00, 0x00, 0x00,
        0x00, 0x05, 0x00, 0x00, 0x00, 0x00, 0x00, 0x00, 0x00, 0x05, 0x00, 0x00,
        0x00, 0x00, 0x00, 0x00, 0x00, 0x05, 0x00, 0x00, 0x00, 0x00, 0x00, 0x00,
        0x9C, 0x00, 0x98, 0x03, 0x35, 0x10, 0x0F, 0xD1, 0x00, 0x05, 0x00, 0x00,
        0x00, 0x00, 0x00, 0x00, 0x00, 0x05, 0x00, 0x00, 0x00, 0x00, 0x00, 0x00,
        0x00, 0x05, 0x00, 0x00, 0x00, 0x00, 0x00, 0x00, 0x00, 0x05, 0x00, 0x00,
        0x00, 0x00, 0x00, 0x00, 0x00, 0x05, 0x00, 0x00, 0x00, 0x00, 0x00, 0x00,
        0x00, 0x05, 0x00, 0x00, 0x00, 0x00, 0x00, 0x00, 0x5E, 0x00, 0x98, 0x03,
        0x35, 0x10, 0x0F, 0xD1, 0x00, 0x05, 0x00, 0x00, 0x00, 0x00, 0x00, 0x00,
        0x00, 0x05, 0x00, 0x00, 0x00, 0x00, 0x00, 0x00, 0x00, 0x05, 0x00, 0x00,
        0x00, 0x00, 0x00, 0x00, 0x00, 0x05, 0x00, 0x00, 0x00, 0x00, 0x00, 0x00,
        0x00, 0x05, 0x00, 0x00, 0x00, 0x00, 0x00, 0x00, 0x00, 0x05, 0x00, 0x00,
        0x00, 0x00, 0x00, 0x00, 0x00, 0x05, 0x00, 0x00, 0x00, 0x00, 0x00, 0x00,
        0x41, 0x46, 0x90, 0x04, 0x49, 0x90, 0x04, 0x49, 0x3D, 0x42, 0x00, 0x00,
        0x00, 0x00, 0x00, 0x00, 0x42, 0x47, 0x00, 0x00, 0x00, 0x00, 0x00, 0x00,
        0x3D, 0x42, 0x00, 0x00, 0x00, 0x00, 0x00, 0x00, 0x46, 0x3D, 0x24, 0x42,
        0x22, 0x24, 0x4C, 0xA2, 0x3D, 0x0C, 0x40, 0x0E, 0xE4, 0x40, 0x0E, 0xE4,
        0x39, 0x3E, 0x83, 0xB4, 0x41, 0x1C, 0xD0, 0x0D, 0x28, 0x16, 0x9D, 0xE0,
        0x4E, 0x37, 0x17, 0x97, 0x39, 0x3E, 0x10, 0x27, 0x80, 0x12, 0x20, 0x09,
        0x23, 0x2F, 0x6C, 0x32, 0xB2, 0x1A, 0x09, 0x6D, 0x02, 0x0B, 0xF6, 0x62,
        0x8B, 0x36, 0x66, 0x63, 0xAC, 0x5F, 0xE8, 0x83, 0xFA, 0xA0, 0x0F, 0xF6,
        0x1B, 0x09, 0xA5, 0xE0, 0x52, 0x37, 0x97, 0x9B, 0x66, 0x4D, 0xF5, 0xC3,
        0xFA, 0x62, 0x8D, 0xB1, 0x2C, 0x15, 0xED, 0xE0, 0x0E, 0xF7, 0x90, 0x0F,
        0x5D, 0x4B, 0x89, 0xF8, 0x80, 0x3D, 0xC6, 0x62, 0x35, 0x2E, 0xAE, 0x90,
        0x12, 0x71, 0x97, 0xB7, 0x53, 0x4A, 0x74, 0x32, 0x3E, 0x60, 0x83, 0xB1,
        0x34, 0x39, 0x62, 0x22, 0x2D, 0x92, 0x06, 0x49, 0x46, 0x4B, 0x02, 0xD0,
        0x01, 0x2D, 0xD1, 0xB6, 0x00, 0x05, 0x00, 0x00, 0x00, 0x00, 0x00, 0x00,
        0x00, 0x05, 0x00, 0x00, 0x00, 0x00, 0x00, 0x00, 0x00, 0x05, 0x00, 0x00,
        0x00, 0x00, 0x00, 0x00, 0x00, 0x05, 0x00, 0x00, 0x00, 0x00, 0x00, 0x00,
        0x00, 0x05, 0x00, 0x00, 0x00, 0x00, 0x00, 0x00, 0x9E, 0x2C, 0x50, 0x03,
        0xF1, 0x10, 0x0D, 0xAD, 0x00, 0x05, 0x00, 0x00, 0x00, 0x00, 0x00, 0x00,
        0x30, 0x00, 0x49, 0xD2, 0x24, 0x4B, 0x02, 0x27, 0x00, 0x05, 0x00, 0x00,
        0x00, 0x00, 0x00, 0x00, 0x00, 0x05, 0x00, 0x00, 0x00, 0x00, 0x00, 0x00,
        0x00, 0x05, 0x00, 0x00, 0x00, 0x00, 0x00, 0x00, 0x00, 0x05, 0x00, 0x00,
        0x00, 0x00, 0x00, 0x00, 0x5E, 0x1A, 0x50, 0x03, 0xF1, 0x10, 0x0D, 0xAD,
        0x00, 0x05, 0x00, 0x00, 0x00, 0x00, 0x00, 0x00, 0x1D, 0x00, 0x49, 0xD2,
        0x24, 0x4B, 0x02, 0x27, 0x00, 0x05, 0x00, 0x00, 0x00, 0x00, 0x00, 0x00,
        0x00, 0x05, 0x00, 0x00, 0x00, 0x00, 0x00, 0x00, 0x00, 0x05, 0x00, 0x00,
        0x00, 0x00, 0x00, 0x00, 0x00, 0x05, 0x00, 0x00, 0x00, 0x00, 0x00, 0x00,
        0x00, 0x05, 0x00, 0x00, 0x00, 0x00, 0x00, 0x00, 0x41, 0x46, 0x90, 0x04,
        0x49, 0x90, 0x04, 0x49, 0x3D, 0x42, 0x00, 0x00, 0x00, 0x00, 0x00, 0x00,
        0x42, 0x47, 0x00, 0x00, 0x00, 0x00, 0x00, 0x00, 0x3D, 0x42, 0x00, 0x00,
        0x00, 0x00, 0x00, 0x00, 0x47, 0x40, 0xB6, 0x62, 0xE3, 0x36, 0x6E, 0xC3,
        0x3D, 0x0B, 0x40, 0x0E, 0xE4, 0x40, 0x0E, 0xE4, 0x39, 0x3E, 0xDD, 0x50,
        0x51, 0xA5, 0x56, 0x8A, 0x21, 0x13, 0xEF, 0xF0, 0x52, 0x71, 0x97, 0x97,
        0x39, 0x3E, 0x92, 0x80, 0x49, 0xC0, 0x34, 0x68, 0x28, 0x1F, 0x1D, 0xE0,
        0x0E, 0x31, 0x99, 0x9B, 0x01, 0x06, 0xB6, 0x6A, 0x83, 0xB6, 0x67, 0x5B,
        0xAE, 0x6D, 0xA0, 0x03, 0xFA, 0xA0, 0x8F, 0xF5, 0x05, 0x12, 0x63, 0xA3,
        0xB1, 0x18, 0x0B, 0x8D, 0x70, 0x57, 0xF4, 0x33, 0xFA, 0x62, 0x8F, 0xD1,
        0x2A, 0x0F, 0xB6, 0x70, 0x0B, 0xB9, 0x90, 0x0B, 0x5D, 0x53, 0x0E, 0x5A,
        0xA3, 0x34, 0x3A, 0x82, 0x2A, 0x31, 0x6C, 0x32, 0x26, 0x62, 0x03, 0x32,
        0x56, 0x4D, 0xAB, 0x33, 0xDA, 0x9A, 0x8D, 0xD5, 0x31, 0x36, 0x6C, 0xAB,
        0xB6, 0x58, 0x0B, 0xAC, 0x4A, 0x4F, 0x00, 0x20, 0x00, 0x05, 0x10, 0x02,
        0x00, 0x05, 0x00, 0x00, 0x00, 0x00, 0x00, 0x00, 0x00, 0x05, 0x00, 0x00,
        0x00, 0x00, 0x00, 0x00, 0x00, 0x05, 0x00, 0x00, 0x00, 0x00, 0x00, 0x00,
        0x00, 0x05, 0x00, 0x00, 0x00, 0x00, 0x00, 0x00, 0x00, 0x05, 0x00, 0x00,
        0x00, 0x00, 0x00, 0x00, 0x9E, 0x3C, 0x50, 0x03, 0xF1, 0x10, 0x0D, 0xCD,
        0x00, 0x05, 0x00, 0x00, 0x00, 0x00, 0x00, 0x00, 0x3D, 0x00, 0x4E, 0xC2,
        0x24, 0x72, 0x82, 0x26, 0x00, 0x05, 0x00, 0x00, 0x00, 0x00, 0x00, 0x00,
        0x00, 0x05, 0x00, 0x00, 0x00, 0x00, 0x00, 0x00, 0x00, 0x05, 0x00, 0x00,
        0x00, 0x00, 0x00, 0x00, 0x00, 0x05, 0x00, 0x00, 0x00, 0x00, 0x00, 0x00,
        0x5E, 0x24, 0x50, 0x03, 0xF1, 0x10, 0x0D, 0xAD, 0x00, 0x05, 0x00, 0x00,
        0x00, 0x00, 0x00, 0x00, 0x24, 0x00, 0x4E, 0xC2, 0x24, 0x72, 0x82, 0x26,
        0x00, 0x05, 0x00, 0x00, 0x00, 0x00, 0x00, 0x00, 0x00, 0x05, 0x00, 0x00,
        0x00, 0x00, 0x00, 0x00, 0x00, 0x05, 0x00, 0x00, 0x00, 0x00, 0x00, 0x00,
        0x00, 0x05, 0x00, 0x00, 0x00, 0x00, 0x00, 0x00, 0x00, 0x05, 0x00, 0x00,
        0x00, 0x00, 0x00, 0x00, 0x41, 0x46, 0x90, 0x04, 0x49, 0x90, 0x04, 0x49,
        0x3D, 0x42, 0x00, 0x00, 0x00, 0x00, 0x00, 0x00, 0x42, 0x47, 0x00, 0x00,
        0x00, 0x00, 0x00, 0x00, 0x3D, 0x42, 0x00, 0x00, 0x00, 0x00, 0x00, 0x00,
        0x41, 0x47, 0x52, 0x20, 0x05, 0x52, 0x24, 0x45, 0x3D, 0x0B, 0x40, 0x0E,
        0xE4, 0x40, 0x0E, 0x24, 0x3A, 0x3F, 0xC4, 0xC0, 0x41, 0x1C, 0xD6, 0x42,
        0x1F, 0x12, 0xE6, 0xF0, 0x52, 0x37, 0x17, 0x97, 0x39, 0x3E, 0x98, 0x04,
        0x4C, 0x83, 0x36, 0x60, 0x27, 0x1C, 0x9D, 0xE0, 0x6E, 0x6E, 0x17, 0x97,
        0x01, 0x06, 0x36, 0x68, 0x7B, 0xB6, 0x65, 0x5B, 0xAF, 0x72, 0xE0, 0x03,
        0x3A, 0xA0, 0x8F, 0xF5, 0x10, 0x04, 0xE6, 0xF0, 0x4E, 0x37, 0x97, 0x97,
        0x74, 0x59, 0xEC, 0xB3, 0xFA, 0x62, 0x0D, 0xB6, 0x2A, 0x0E, 0xB7, 0x90,
        0x0B, 0xB9, 0x90, 0x08, 0x5E, 0x55, 0x0E, 0xDC, 0xC3, 0x2C, 0x0A, 0xA2,
        0x31, 0x2A, 0x26, 0x70, 0x0E, 0x21, 0x11, 0x52, 0x57, 0x4F, 0x6C, 0x32,
        0x26, 0xA0, 0x03, 0x32, 0x31, 0x36, 0x6A, 0x8B, 0xB5, 0xC0, 0x0A, 0x80,
        0x4A, 0x4F, 0x02, 0x50, 0x00, 0x21, 0x90, 0x0C, 0x00, 0x05, 0x00, 0x00,
        0x00, 0x00, 0x00, 0x00, 0x00, 0x05, 0x00, 0x00, 0x00, 0x00, 0x00, 0x00,
        0x00, 0x05, 0x00, 0x00, 0x00, 0x00, 0x00, 0x00, 0x00, 0x05, 0x00, 0x00,
        0x00, 0x00, 0x00, 0x00, 0x00, 0x05, 0x00, 0x00, 0x00, 0x00, 0x00, 0x00,
        0x9E, 0x5F, 0x50, 0x03, 0xF1, 0x10, 0x0D, 0xCD, 0x00, 0x05, 0x00, 0x00,
        0x00, 0x00, 0x00, 0x00, 0x58, 0x00, 0x73, 0xA2, 0x3E, 0xA2, 0x83, 0xF5,
        0x00, 0x05, 0x00, 0x00, 0x00, 0x00, 0x00, 0x00, 0x00, 0x05, 0x00, 0x00,
        0x00, 0x00, 0x00, 0x00, 0x00, 0x05, 0x00, 0x00, 0x00, 0x00, 0x00, 0x00,
        0x00, 0x05, 0x00, 0x00, 0x00, 0x00, 0x00, 0x00, 0x5F, 0x39, 0x10, 0x03,
        0xF1, 0x10, 0x0D, 0xCD, 0x00, 0x05, 0x00, 0x00, 0x00, 0x00, 0x00, 0x00,
        0x35, 0x00, 0x73, 0xA2, 0x3E, 0xA2, 0x83, 0xF5, 0x00, 0x05, 0x00, 0x00,
        0x00, 0x00, 0x00, 0x00, 0x00, 0x05, 0x00, 0x00, 0x00, 0x00, 0x00, 0x00,
        0x00, 0x05, 0x00, 0x00, 0x00, 0x00, 0x00, 0x00, 0x00, 0x05, 0x00, 0x00,
        0x00, 0x00, 0x00, 0x00, 0x00, 0x05, 0x00, 0x00, 0x00, 0x00, 0x00, 0x00,
        0x41, 0x46, 0x90, 0x04, 0x49, 0x90, 0x04, 0x49, 0x3D, 0x42, 0x00, 0x00,
        0x00, 0x00, 0x00, 0x00, 0x42, 0x47, 0x00, 0x00, 0x00, 0x00, 0x00, 0x00,
        0x3D, 0x42, 0x00, 0x00, 0x00, 0x00, 0x00, 0x00, 0x42, 0x47, 0x40, 0x00,
        0x04, 0x40, 0x00, 0x04, 0x3D, 0x0A, 0x40, 0x0E, 0xE4, 0x40, 0x02, 0x24,
        0x41, 0x3A, 0x64, 0x3E, 0x3A, 0xAA, 0xA3, 0x36, 0x1A, 0x10, 0xA6, 0xF0,
        0x0E, 0x37, 0x11, 0x73, 0x39, 0x3E, 0x03, 0xC6, 0x01, 0x9C, 0x30, 0x0E,
        0x22, 0x19, 0x1D, 0x50, 0x0E, 0xEF, 0x94, 0x76, 0x01, 0x06, 0xB6, 0x65,
        0x1B, 0xB6, 0x61, 0xDB, 0xB0, 0x7C, 0xA0, 0x03, 0x3A, 0x98, 0x8F, 0xF5,
        0x0B, 0x02, 0xAE, 0xF0, 0x0E, 0x29, 0x15, 0x77, 0x7A, 0x63, 0xF3, 0xA3,
        0xFA, 0x98, 0x8F, 0xD5, 0x28, 0x0A, 0xBF, 0x90, 0x0B, 0xB9, 0x90, 0x08,
        0x65, 0x59, 0xBD, 0x33, 0x3B, 0xA2, 0x0F, 0xD5, 0x2A, 0x30, 0x68, 0x03,
        0xB6, 0x58, 0x0B, 0xB4, 0x57, 0x4F, 0x20, 0x03, 0xF2, 0x18, 0x0B, 0x91,
        0x2F, 0x34, 0xDB, 0xB2, 0x8D, 0xDB, 0x86, 0x6D, 0x4A, 0x4F, 0xC9, 0x90,
        0x44, 0x49, 0x9A, 0x24, 0x00, 0x05, 0x00, 0x00, 0x00, 0x00, 0x00, 0x00,
        0x27, 0x9B, 0xB6, 0x6D, 0xDB, 0xB6, 0x8D, 0x26, 0x00, 0x05, 0x00, 0x00,
        0x00, 0x00, 0x00, 0x00, 0x9C, 0xA1, 0xB6, 0x6D, 0xDB, 0xB6, 0x0D, 0x6D,
        0x00, 0x05, 0x00, 0x00, 0x00, 0x00, 0x00, 0x00, 0x9E, 0x66, 0x10, 0x03,
        0xF1, 0x10, 0xBF, 0x0E, 0x00, 0x05, 0x00, 0x00, 0x00, 0x00, 0x00, 0x00,
        0x9E, 0x00, 0xF5, 0x43, 0x3F, 0xAC, 0x03, 0x00, 0x00, 0x05, 0x00, 0x00,
        0x00, 0x00, 0x00, 0x00, 0x00, 0x05, 0x00, 0x00, 0x00, 0x00, 0x00, 0x00,
        0x00, 0x05, 0x00, 0x00, 0x00, 0x00, 0x00, 0x00, 0x00, 0x05, 0x00, 0x00,
        0x00, 0x00, 0x00, 0x00, 0x14, 0x5F, 0x49, 0x99, 0x94, 0x49, 0x09, 0xDB,
        0x2C, 0x9B, 0xB6, 0x6D, 0xDB, 0xB6, 0x8D, 0x26, 0x35, 0x00, 0xEA, 0x23,
        0x3A, 0x58, 0x9F, 0x24, 0x9D, 0xA2, 0xB6, 0x6D, 0xDB, 0xB6, 0x0D, 0x48,
        0x11, 0x16, 0xB6, 0x6D, 0xDB, 0xB6, 0x0D, 0xDB, 0x31, 0x9B, 0xB6, 0x6D,
        0xDB, 0xB6, 0x8D, 0x26, 0x00, 0x05, 0x00, 0x00, 0x00, 0x00, 0x00, 0x00,
        0x9D, 0xA2, 0xB6, 0x6D, 0xDB, 0xB6, 0x0D, 0x49, 0x41, 0x46, 0x90, 0x04,
        0x49, 0x90, 0x04, 0x49, 0x3D, 0x42, 0x00, 0x00, 0x00, 0x00, 0x00, 0x00,
        0x42, 0x47, 0x00, 0x00, 0x00, 0x00, 0x00, 0x00, 0x3D, 0x42, 0x00, 0x00,
        0x00, 0x00, 0x00, 0x00, 0x42, 0x47, 0x40, 0x00, 0x04, 0x40, 0x00, 0x04,
        0x3D, 0x0A, 0x40, 0x0E, 0x24, 0x40, 0x02, 0x24, 0x41, 0x3A, 0xA3, 0xA3,
        0x3A, 0x6A, 0x83, 0xD2, 0x19, 0x0F, 0xA6, 0xE0, 0x0E, 0x2F, 0x15, 0x53,
        0x39, 0x3E, 0x1C, 0xC0, 0x09, 0xE3, 0x20, 0x4E, 0x21, 0x19, 0x9D, 0xF0,
        0x0A, 0x29, 0x95, 0x57, 0x01, 0x06, 0xB6, 0x61, 0x1B, 0xB6, 0x6D, 0xDB,
        0xB1, 0x7E, 0xA0, 0x03, 0x3A, 0x58, 0x8F, 0xF5, 0x0A, 0x02, 0xA7, 0x90,
        0x0E, 0x31, 0x95, 0x77, 0x7C, 0x65, 0xEB, 0x23, 0x3A, 0x98, 0x8F, 0xD5,
        0x27, 0x09, 0x3F, 0x90, 0x03, 0x39, 0x90, 0x00, 0x66, 0x59, 0xB3, 0x33,
        0xFA, 0x58, 0x0D, 0xD5, 0x2A, 0x2F, 0x60, 0x8B, 0xB5, 0x40, 0x0B, 0xB4,
        0x57, 0x50, 0x68, 0x03, 0xD6, 0x58, 0x0B, 0xB4, 0x2E, 0x33, 0x24, 0x4B,
        0x92, 0x22, 0x09, 0x92, 0x4B, 0x51, 0x6D, 0xD1, 0x96, 0x6D, 0x9B, 0xB6,
        0x00, 0x05, 0x00, 0x00, 0x00, 0x00, 0x00, 0x00, 0x9B, 0x00, 0x16, 0x10,
        0x0A, 0x09, 0x95, 0x98, 0x00, 0x05, 0x00, 0x00, 0x00, 0x00, 0x00, 0x00,
        0x9E, 0x76, 0x00, 0x20, 0x01, 0xDC, 0x14, 0x73, 0x00, 0x05, 0x00, 0x00,
        0x00, 0x00, 0x00, 0x00, 0x9B, 0x24, 0x9A, 0x40, 0x4A, 0x0B, 0x27, 0xBF,
        0x00, 0x05, 0x00, 0x00, 0x00, 0x00, 0x00, 0x00, 0x9E, 0x76, 0x00, 0x20,
        0x01, 0xDC, 0x14, 0x73, 0x00, 0x05, 0x00, 0x00, 0x00, 0x00, 0x00, 0x00,
        0x00, 0x05, 0x00, 0x00, 0x00, 0x00, 0x00, 0x00, 0x00, 0x05, 0x00, 0x00,
        0x00, 0x00, 0x00, 0x00, 0x00, 0x05, 0x00, 0x00, 0x00, 0x00, 0x00, 0x00,
        0x54, 0x00, 0x4E, 0xD2, 0x24, 0x4A, 0x02, 0x27, 0x9B, 0x00, 0x16, 0x10,
        0x0A, 0x39, 0x95, 0x78, 0x00, 0x05, 0x00, 0x00, 0x00, 0x00, 0x00, 0x00,
        0x9E, 0x7A, 0x00, 0x20, 0x00, 0x9C, 0x14, 0x73, 0x52, 0x00, 0x4F, 0xD2,
        0x24, 0x4A, 0x82, 0x27, 0x9B, 0x00, 0x16, 0x10, 0x0A, 0xF9, 0x94, 0x74,
        0x00, 0x05, 0x00, 0x00, 0x00, 0x00, 0x00, 0x00, 0x9E, 0x7E, 0x00, 0x20,
        0x01, 0x9C, 0x14, 0x73, 0x41, 0x46, 0x90, 0x04, 0x49, 0x90, 0x04, 0x49,
        0x3D, 0x42, 0x00, 0x00, 0x00, 0x00, 0x00, 0x00, 0x42, 0x47, 0x00, 0x00,
        0x00, 0x00, 0x00, 0x00, 0x3D, 0x42, 0x00, 0x00, 0x00, 0x00, 0x00, 0x00,
        0x42, 0x47, 0x40, 0x00, 0x44, 0x40, 0x04, 0x64, 0x0A, 0x3D, 0x09, 0x90,
        0x00, 0x09, 0x90, 0x00, 0x43, 0x3C, 0xBB, 0xA3, 0x37, 0xF2, 0x23, 0xDE,
        0x0E, 0x17, 0x5A, 0xA3, 0x31, 0x1A, 0x8B, 0xB1, 0x3A, 0x3F, 0x98, 0x00,
        0x4D, 0xD0, 0x34, 0x6C, 0x1F, 0x17, 0xEE, 0x70, 0x4F, 0x71, 0x97, 0x7B,
        0x00, 0x05, 0x00, 0x00, 0x00, 0x00, 0x00, 0x00, 0xB2, 0x87, 0xA0, 0x03,
        0x3A, 0x98, 0x8F, 0xF9, 0x08, 0x01, 0x37, 0x75, 0x73, 0x79, 0x97, 0x9B,
        0x82, 0x6A, 0xA3, 0x23, 0x36, 0x60, 0x8F, 0xD1, 0x27, 0x07, 0x39, 0x90,
        0x0B, 0x89, 0x90, 0x08, 0x6B, 0x5C, 0xE3, 0xA3, 0x3D, 0xDA, 0x03, 0x3D,
        0x2A, 0x2F, 0x40, 0x0B, 0xB4, 0xC0, 0x0A, 0xA8, 0x53, 0x58, 0x2D, 0xD0,
        0x02, 0x2D, 0xD0, 0x0A, 0x2E, 0x33, 0x20, 0x89, 0x91, 0x00, 0x09, 0x90,
        0x4F, 0x54, 0x03, 0x50, 0x00, 0x15, 0x50, 0x02, 0x00, 0x05, 0x00, 0x00,
        0x00, 0x00, 0x00, 0x00, 0x92, 0x00, 0xA1, 0x90, 0x50, 0x89, 0x99, 0xA4,
        0x00, 0x05, 0x00, 0x00, 0x00, 0x00, 0x00, 0x00, 0x9C, 0x5E, 0x00, 0x30,
        0x09, 0xE5, 0x14, 0x73, 0x00, 0x05, 0x00, 0x00, 0x00, 0x00, 0x00, 0x00,
        0x92, 0x02, 0x9B, 0x20, 0x4F, 0xA8, 0x89, 0xA5, 0x00, 0x05, 0x00, 0x00,
        0x00, 0x00, 0x00, 0x00, 0x9C, 0x5E, 0x00, 0x30, 0x09, 0xE5, 0x14, 0x73,
        0x00, 0x05, 0x00, 0x00, 0x00, 0x00, 0x00, 0x00, 0x00, 0x05, 0x00, 0x00,
        0x00, 0x00, 0x00, 0x00, 0x00, 0x05, 0x00, 0x00, 0x00, 0x00, 0x00, 0x00,
        0x00, 0x05, 0x00, 0x00, 0x00, 0x00, 0x00, 0x00, 0x59, 0x00, 0x4D, 0xA2,
        0x24, 0x70, 0x02, 0x26, 0x94, 0x00, 0xA1, 0x90, 0x4F, 0x49, 0x97, 0xBC,
        0x00, 0x05, 0x00, 0x00, 0x00, 0x00, 0x00, 0x00, 0x9D, 0x64, 0x02, 0x30,
        0x49, 0xE5, 0x14, 0x73, 0x58, 0x00, 0x4D, 0xA2, 0x24, 0x78, 0x82, 0x26,
        0x95, 0x00, 0x21, 0x90, 0x4F, 0x49, 0x97, 0x9C, 0x00, 0x05, 0x00, 0x00,
        0x00, 0x00, 0x00, 0x00, 0x9D, 0x6B, 0x00, 0x30, 0x09, 0xE5, 0x14, 0x73,
        0x01, 0x42, 0x49, 0x92, 0x24, 0x49, 0x32, 0xD8, 0xAB, 0x3D, 0x49, 0x92,
        0x24, 0x49, 0x32, 0x01, 0x42, 0x47, 0x00, 0x00, 0x00, 0x00, 0x60, 0xDB,
        0x3D, 0xB1, 0x00, 0x00, 0x00, 0x00, 0x90, 0x24, 0x1C, 0x47, 0x6D, 0xD2,
        0x26, 0x6D, 0x62, 0xC3, 0xB2, 0x0A, 0x76, 0x62, 0x27, 0x76, 0x02, 0x50,
        0x3C, 0x42, 0x11, 0x91, 0x09, 0xA9, 0x66, 0xDB, 0x0E, 0xAD, 0x00, 0x00,
        0x00, 0x00, 0x90, 0x24, 0x3A, 0x3F, 0xD0, 0x04, 0x4D, 0xC3, 0x66, 0xDB,
        0x17, 0xB0, 0x00, 0x00, 0x00, 0x00, 0x90, 0x24, 0x00, 0x05, 0x00, 0x00,
        0x00, 0x00, 0x00, 0x00, 0xB7, 0x89, 0xA2, 0x23, 0x3A, 0xA2, 0x03, 0x00,
        0x01, 0x06, 0x5A, 0x03, 0x31, 0xD0, 0x6A, 0xDB, 0xB7, 0x6B, 0xFE, 0xE3,
        0x3F, 0xF6, 0x0F, 0x00, 0x07, 0x27, 0x40, 0x02, 0x24, 0x40, 0x62, 0xCB,
        0xB7, 0x5C, 0x7F, 0xF2, 0x27, 0x7F, 0x02, 0x50, 0x2A, 0x2F, 0x40, 0x0B,
        0xAC, 0x80, 0x6A, 0xDB, 0x53, 0xB2, 0x00, 0x00, 0x00, 0x00, 0x90, 0x24,
        0x2E, 0x33, 0x18, 0x09, 0x90, 0x00, 0x69, 0xDB, 0x4F, 0xB4, 0x00, 0x00,
        0x00, 0x00, 0x90, 0x24, 0x00, 0x05, 0x00, 0x00, 0x00, 0x00, 0x00, 0x00,
        0x3C, 0x00, 0x49, 0x90, 0xA4, 0x49, 0x92, 0x24, 0x00, 0x05, 0x00, 0x00,
        0x00, 0x00, 0x00, 0x00, 0x86, 0x14, 0x13, 0xD0, 0x49, 0xEF, 0x16, 0x73,
        0x00, 0x05, 0x00, 0x00, 0x00, 0x00, 0x00, 0x00, 0x9C, 0x01, 0x62, 0x8A,
        0xFD, 0x50, 0x03, 0xF1, 0x00, 0x05, 0x00, 0x00, 0x00, 0x00, 0x00, 0x00,
        0x86, 0x14, 0x13, 0xD0, 0x49, 0xEF, 0x16, 0x73, 0x00, 0x05, 0x00, 0x00,
        0x00, 0x00, 0x00, 0x00, 0x00, 0x05, 0x00, 0x00, 0x00, 0x00, 0x00, 0x00,
        0x00, 0x05, 0x00, 0x00, 0x00, 0x00, 0x00, 0x00, 0x00, 0x05, 0x00, 0x00,
        0x00, 0x00, 0x00, 0x00, 0x07, 0x5D, 0x99, 0x1D, 0xC2, 0xA9, 0x9C, 0x0E,
        0x02, 0x46, 0xB6, 0x62, 0x83, 0xB6, 0x65, 0x1B, 0x00, 0x05, 0x00, 0x00,
        0x00, 0x00, 0x00, 0x00, 0x89, 0x22, 0x93, 0xD0, 0x49, 0xEF, 0x16, 0x73,
        0x5D, 0x00, 0x68, 0x02, 0x26, 0xD8, 0x03, 0x39, 0x4F, 0x00, 0x49, 0x91,
        0x64, 0x49, 0x9A, 0xE4, 0x00, 0x05, 0x00, 0x00, 0x00, 0x00, 0x00, 0x00,
        0x8B, 0x30, 0x13, 0xD0, 0x49, 0xEF, 0x16, 0x73, 0x30, 0x00, 0x4C, 0xA2,
        0x27, 0xF0, 0x83, 0x3E, 0xAB, 0x4E, 0x14, 0x70, 0x4E, 0x29, 0x17, 0x97,
        0x02, 0x07, 0xB6, 0x6D, 0xDB, 0xB6, 0x0D, 0xDB, 0xB1, 0x89, 0x02, 0xC0,
        0x6D, 0x2E, 0x99, 0xDB, 0x36, 0x00, 0x09, 0x93, 0xEC, 0x89, 0x9C, 0xC0,
        0xB2, 0x1E, 0x00, 0x05, 0x9C, 0x52, 0x2C, 0xC5, 0x01, 0x07, 0xB6, 0x6D,
        0xDB, 0x84, 0x1D, 0xC1, 0x5A, 0xAD, 0x4D, 0x42, 0xB6, 0x1A, 0x09, 0x6D,
        0x00, 0x05, 0x00, 0x00, 0x00, 0x00, 0x00, 0x00, 0xB0, 0x88, 0x00, 0xC0,
        0x6D, 0x6E, 0x99, 0xDB, 0x00, 0x05, 0x00, 0x00, 0x00, 0x00, 0x00, 0x00,
        0xB7, 0xBC, 0x00, 0x00, 0x00, 0x00, 0x00, 0x00, 0x00, 0x05, 0x00, 0x00,
        0x00, 0x00, 0x00, 0x00, 0xB7, 0xBC, 0x00, 0x00, 0x00, 0x00, 0x00, 0x00,
        0x1B, 0x00, 0x09, 0x93, 0xEC, 0x89, 0x9C, 0xC0, 0xB7, 0x6B, 0x00, 0x05,
        0x9C, 0x40, 0x0C, 0xC4, 0x01, 0x06, 0xB6, 0x6D, 0xDB, 0xB2, 0x3D, 0xD8,
        0x89, 0xB2, 0x4D, 0x32, 0xB6, 0x1A, 0x09, 0x6D, 0x00, 0x05, 0x00, 0x00,
        0x00, 0x00, 0x00, 0x00, 0xB4, 0x9F, 0x02, 0xC0, 0x6D, 0x6E, 0x99, 0xDB,
        0x00, 0x05, 0x00, 0x00, 0x00, 0x00, 0x00, 0x00, 0x1C, 0x21, 0xB6, 0x61,
        0xDB, 0xB6, 0x6D, 0xDB, 0x00, 0x05, 0x00, 0x00, 0x00, 0x00, 0x00, 0x00,
        0x14, 0x7A, 0x6B, 0x23, 0xB6, 0x18, 0x6B, 0x8D, 0x00, 0x05, 0x00, 0x00,
        0x00, 0x00, 0x00, 0x00, 0x9C, 0x01, 0xD8, 0x0F, 0x35, 0x10, 0x0F, 0xD1,
        0x00, 0x05, 0x00, 0x00, 0x00, 0x00, 0x00, 0x00, 0x14, 0x7A, 0x6B, 0x23,
        0xB6, 0x18, 0x6B, 0x8D, 0x00, 0x05, 0x00, 0x00, 0x00, 0x00, 0x00, 0x00,
        0x00, 0x05, 0x00, 0x00, 0x00, 0x00, 0x00, 0x00, 0x00, 0x05, 0x00, 0x00,
        0x00, 0x00, 0x00, 0x00, 0x00, 0x05, 0x00, 0x00, 0x00, 0x00, 0x00, 0x00,
        0x5D, 0x00, 0xD8, 0x83, 0x39, 0x50, 0x0F, 0xF1, 0x29, 0x00, 0x49, 0x90,
        0xA4, 0x49, 0x9E, 0x24, 0x00, 0x05, 0x00, 0x00, 0x00, 0x00, 0x00, 0x00,
        0x7E, 0x10, 0x9C, 0x60, 0x4E, 0x2F, 0x17, 0x77, 0x5D, 0x00, 0x60, 0x82,
        0x3D, 0x90, 0x03, 0x35, 0x04, 0x36, 0x36, 0x62, 0x9B, 0xB6, 0x65, 0xDB,
        0x00, 0x05, 0x00, 0x00, 0x00, 0x00, 0x00, 0x00, 0x82, 0x1F, 0x9C, 0x50,
        0x4E, 0x2F, 0x17, 0x77, 0x33, 0x00, 0x7B, 0x22, 0x3F, 0xE8, 0x83, 0xFA,
        0x99, 0x4B, 0x9E, 0xF0, 0x4E, 0x31, 0x17, 0x97, 0x01, 0x06, 0xB6, 0x6D,
        0xDB, 0xB2, 0x3D, 0xC1, 0xA7, 0x7F, 0x12, 0x50, 0x4E, 0x6E, 0x99, 0xBB,
        0x3A, 0x00, 0xC9, 0x9E, 0xC8, 0x09, 0x9C, 0xA0, 0xAA, 0x19, 0x80, 0x09,
        0xBC, 0x52, 0x2C, 0xC5, 0x01, 0x0B, 0xB6, 0x2D, 0xD8, 0x04, 0x9C, 0x01,
        0x9D, 0x4E, 0x13, 0x50, 0x4E, 0x2F, 0x17, 0x97, 0x00, 0x05, 0x00, 0x00,
        0x00, 0x00, 0x00, 0x00, 0xA7, 0x7E, 0x12, 0x40, 0x6E, 0x6E, 0x99, 0xBB,
        0x00, 0x05, 0x00, 0x00, 0x00, 0x00, 0x00, 0x00, 0xB7, 0xBC, 0x00, 0x00,
        0x00, 0x00, 0x00, 0x00, 0x00, 0x05, 0x00, 0x00, 0x00, 0x00, 0x00, 0x00,
        0xB7, 0xBC, 0x00, 0x00, 0x00, 0x00, 0x00, 0x00, 0x1D, 0x00, 0xC9, 0x9E,
        0xE8, 0x09, 0x9C, 0xA0, 0xB7, 0x68, 0x80, 0x09, 0xBC, 0x40, 0x0C, 0xE4,
        0x01, 0x06, 0xB6, 0x2D, 0xDB, 0x83, 0x5D, 0xC1, 0xAA, 0x82, 0x13, 0x50,
        0x4E, 0x2F, 0x17, 0x97, 0x00, 0x05, 0x00, 0x00, 0x00, 0x00, 0x00, 0x00,
        0xAF, 0x9A, 0x12, 0x40, 0x6E, 0x6E, 0x99, 0xBB, 0x00, 0x05, 0x00, 0x00,
        0x00, 0x00, 0x00, 0x00, 0x00, 0x05, 0x00, 0x00, 0x00, 0x00, 0x00, 0x00,
        0x00, 0x05, 0x00, 0x00, 0x00, 0x00, 0x00, 0x00, 0x0D, 0x50, 0x5E, 0x63,
        0xAC, 0xB6, 0x68, 0x63, 0x00, 0x05, 0x00, 0x00, 0x00, 0x00, 0x00, 0x00,
        0x9E, 0x2C, 0x50, 0x03, 0xF1, 0x10, 0x0D, 0xAD, 0x00, 0x05, 0x00, 0x00,
        0x00, 0x00, 0x00, 0x00, 0x0D, 0x50, 0x5E, 0x03, 0xAC, 0xB3, 0x48, 0x60,
        0x00, 0x05, 0x00, 0x00, 0x00, 0x00, 0x00, 0x00, 0x00, 0x05, 0x00, 0x00,
        0x00, 0x00, 0x00, 0x00, 0x00, 0x05, 0x00, 0x00, 0x00, 0x00, 0x00, 0x00,
        0x00, 0x05, 0x00, 0x00, 0x00, 0x00, 0x00, 0x00, 0x5E, 0x0E, 0x50, 0x03,
        0xF1, 0x10, 0x0D, 0xAD, 0x00, 0x05, 0x00, 0x00, 0x00, 0x00, 0x00, 0x00,
        0x12, 0x00, 0x49, 0xE2, 0x24, 0x4C, 0x02, 0x27, 0x58, 0x00, 0xA7, 0x70,
        0x53, 0x79, 0x97, 0x9B, 0x5E, 0x03, 0x50, 0x03, 0xF1, 0x10, 0x0D, 0xAD,
        0x00, 0x05, 0x00, 0x00, 0x00, 0x00, 0x00, 0x00, 0x07, 0x0C, 0xB6, 0x6D,
        0xDB, 0xB6, 0x0D, 0xDB, 0x60, 0x00, 0xA6, 0xF0, 0x4E, 0x31, 0x97, 0x97,
        0x37, 0x06, 0xF2, 0x83, 0x3E, 0xA8, 0x0F, 0xFA, 0x77, 0x46, 0xEF, 0x90,
        0x52, 0x31, 0x17, 0x77, 0x09, 0x00, 0xF5, 0xC3, 0xFA, 0xA2, 0x8D, 0xD5,
        0x90, 0x6E, 0x9C, 0x60, 0x4E, 0x77, 0x17, 0xB7, 0x3F, 0x00, 0x89, 0x9A,
        0xA0, 0x09, 0x98, 0x80, 0x95, 0x13, 0x40, 0x0C, 0xC4, 0x42, 0x2E, 0xE5,
        0x15, 0x01, 0x74, 0x32, 0x3F, 0xAA, 0x0F, 0xD6, 0x76, 0x38, 0xA5, 0xE0,
        0x4E, 0x37, 0x17, 0x97, 0x01, 0x06, 0xB6, 0x0D, 0xDB, 0x82, 0x3D, 0xC1,
        0x8D, 0x65, 0x9C, 0x50, 0x4E, 0x77, 0x99, 0xBB, 0x00, 0x05, 0x00, 0x00,
        0x00, 0x00, 0x00, 0x00, 0xB7, 0xBC, 0x00, 0x00, 0x00, 0x00, 0x00, 0x00,
        0x00, 0x05, 0x00, 0x00, 0x00, 0x00, 0x00, 0x00, 0xB7, 0xBC, 0x00, 0x00,
        0x00, 0x00, 0x00, 0x00, 0x1F, 0x00, 0x09, 0x9A, 0xA0, 0x09, 0x98, 0x80,
        0xB7, 0x65, 0x40, 0x0C, 0xE4, 0x40, 0x0E, 0xE4, 0x0A, 0x00, 0xF4, 0x33,
        0xFB, 0xA0, 0x0D, 0xD6, 0x96, 0x77, 0x9D, 0xE0, 0x4E, 0x37, 0x17, 0x97,
        0x01, 0x06, 0xB6, 0x6D, 0xDB, 0xB0, 0x0D, 0xD8, 0xA2, 0x8E, 0x9C, 0x50,
        0x4E, 0x2F, 0x99, 0xBB, 0x00, 0x05, 0x00, 0x00, 0x00, 0x00, 0x00, 0x00,
        0x00, 0x05, 0x00, 0x00, 0x00, 0x00, 0x00, 0x00, 0x00, 0x05, 0x00, 0x00,
        0x00, 0x00, 0x00, 0x00, 0x41, 0x00, 0xF1, 0x90, 0x54, 0xC9, 0x99, 0xA4,
        0x00, 0x05, 0x00, 0x00, 0x00, 0x00, 0x00, 0x00, 0x9E, 0x3C, 0x50, 0x03,
        0xF1, 0x10, 0x0D, 0xCD, 0x00, 0x05, 0x00, 0x00, 0x00, 0x00, 0x00, 0x00,
        0x41, 0x00, 0xF6, 0xC0, 0x54, 0xF3, 0x89, 0xA6, 0x00, 0x05, 0x00, 0x00,
        0x00, 0x00, 0x00, 0x00, 0x00, 0x05, 0x00, 0x00, 0x00, 0x00, 0x00, 0x00,
        0x00, 0x05, 0x00, 0x00, 0x00, 0x00, 0x00, 0x00, 0x00, 0x05, 0x00, 0x00,
        0x00, 0x00, 0x00, 0x00, 0x5E, 0x1A, 0x50, 0x03, 0xF1, 0x10, 0x0D, 0xCD,
        0x00, 0x05, 0x00, 0x00, 0x00, 0x00, 0x00, 0x00, 0x04, 0x1A, 0xB0, 0x2D,
        0xDB, 0x84, 0x1D, 0xD9, 0x4B, 0x00, 0xEF, 0x10, 0x53, 0x79, 0x97, 0xB8,
        0x5E, 0x10, 0x50, 0x03, 0xF1, 0x10, 0x0D, 0xAD, 0x00, 0x05, 0x00, 0x00,
        0x00, 0x00, 0x00, 0x00, 0x07, 0x10, 0xB6, 0x6D, 0xDB, 0xB0, 0x1D, 0xDB,
        0x04, 0x54, 0x62, 0x83, 0xB1, 0xD6, 0x6A, 0x8C, 0x38, 0x08, 0xEA, 0x83,
        0x3E, 0xA0, 0x0F, 0xFA, 0x71, 0x45, 0xEF, 0x10, 0x53, 0x31, 0x17, 0x77,
        0x0B, 0x01, 0xF5, 0xC3, 0xFE, 0xA2, 0x0F, 0xD6, 0x8A, 0x69, 0x9D, 0xE0,
        0x4E, 0x2F, 0x17, 0x97, 0x40, 0x00, 0x09, 0x9A, 0x80, 0x09, 0x98, 0x80,
        0x90, 0x11, 0x40, 0x0C, 0xE4, 0x42, 0x2E, 0xE5, 0x18, 0x02, 0xF4, 0xB3,
        0xFE, 0xA2, 0x0F, 0xD6, 0x6B, 0x33, 0xA6, 0xF0, 0x4E, 0x37, 0x17, 0x97,
        0x01, 0x06, 0xB0, 0x2D, 0xD8, 0x13, 0x4C, 0x09, 0x86, 0x5E, 0x9C, 0x60,
        0x4E, 0x77, 0x99, 0xBB, 0x00, 0x05, 0x00, 0x00, 0x00, 0x00, 0x00, 0x00,
        0xB7, 0xBC, 0x00, 0x00, 0x00, 0x00, 0x00, 0x00, 0x00, 0x05, 0x00, 0x00,
        0x00, 0x00, 0x00, 0x00, 0xB7, 0xBC, 0x00, 0x00, 0x00, 0x00, 0x00, 0x00,
        0x0E, 0x20, 0x76, 0x61, 0x47, 0x76, 0x64, 0x47, 0xB7, 0x64, 0x40, 0x0E,
        0xE4, 0x40, 0x0E, 0xE4, 0x0C, 0x01, 0xFC, 0xB3, 0xFE, 0xAA, 0x0F, 0xF6,
        0x91, 0x75, 0xA6, 0xF0, 0x4E, 0x31, 0x97, 0x97, 0x01, 0x06, 0xB6, 0x0D,
        0xDB, 0x80, 0x2D, 0xC0, 0x9E, 0x8A, 0x9C, 0x50, 0x4E, 0x2E, 0x17, 0x97,
        0x00, 0x05, 0x00, 0x00, 0x00, 0x00, 0x00, 0x00, 0x00, 0x05, 0x00, 0x00,
        0x00, 0x00, 0x00, 0x00, 0x00, 0x05, 0x00, 0x00, 0x00, 0x00, 0x00, 0x00,
        0x0B, 0x18, 0xB6, 0x63, 0x1B, 0xB6, 0x6D, 0xDB, 0x00, 0x05, 0x00, 0x00,
        0x00, 0x00, 0x00, 0x00, 0x9E, 0x5F, 0x50, 0x03, 0xF1, 0x10, 0x0D, 0xCD,
        0x00, 0x05, 0x00, 0x00, 0x00, 0x00, 0x00, 0x00, 0x58, 0x00, 0x73, 0xAC,
        0xFE, 0xA2, 0x83, 0xF5, 0x00, 0x05, 0x00, 0x00, 0x00, 0x00, 0x00, 0x00,
        0x00, 0x05, 0x00, 0x00, 0x00, 0x00, 0x00, 0x00, 0x00, 0x05, 0x00, 0x00,
        0x00, 0x00, 0x00, 0x00, 0x00, 0x05, 0x00, 0x00, 0x00, 0x00, 0x00, 0x00,
        0x5F, 0x32, 0x50, 0x03, 0xF1, 0x10, 0x0D, 0xCD, 0x00, 0x05, 0x00, 0x00,
        0x00, 0x00, 0x00, 0x00, 0x2D, 0x00, 0x7C, 0x32, 0x27, 0xEA, 0x03, 0x3A,
        0x25, 0x00, 0x79, 0x91, 0x78, 0xC9, 0x9B, 0xC4, 0x5F, 0x2C, 0x50, 0x03,
        0xF1, 0x10, 0x0D, 0xCD, 0x00, 0x05, 0x00, 0x00, 0x00, 0x00, 0x00, 0x00,
        0x26, 0x00, 0x4D, 0xB2, 0x24, 0x72, 0x82, 0x26, 0x03, 0x33, 0x16, 0x63,
        0xAF, 0xB6, 0x68, 0x63, 0x39, 0x0F, 0xE8, 0x83, 0x3A, 0xA0, 0x0F, 0xFA,
        0x63, 0x43, 0xE9, 0x10, 0x53, 0x31, 0x15, 0x73, 0x03, 0x0F, 0x9C, 0x50,
        0x4A, 0xE1, 0x94, 0x72, 0x7A, 0x62, 0xA6, 0xF0, 0x4E, 0x37, 0x97, 0x77,
        0x02, 0x42, 0x40, 0x08, 0x84, 0x40, 0x08, 0x84, 0x84, 0x0F, 0x40, 0x2E,
        0xE4, 0x52, 0x2E, 0xE5, 0x1F, 0x07, 0xF3, 0xA3, 0x3A, 0xA0, 0x0F, 0xDA,
        0x56, 0x29, 0xE6, 0xF0, 0x4E, 0x31, 0x17, 0x77, 0x08, 0x01, 0xFD, 0xC3,
        0x3E, 0x62, 0x0F, 0xB6, 0x71, 0x4F, 0x9D, 0xE0, 0x4E, 0x37, 0x17, 0x97,
        0x00, 0x05, 0x00, 0x00, 0x00, 0x00, 0x00, 0x00, 0xB7, 0xBC, 0x00, 0x00,
        0x00, 0x00, 0x00, 0x00, 0x00, 0x05, 0x00, 0x00, 0x00, 0x00, 0x00, 0x00,
        0xB7, 0xBC, 0x00, 0x00, 0x00, 0x00, 0x00, 0x00, 0x13, 0x21, 0x76, 0x60,
        0x07, 0x76, 0x64, 0x47, 0xB7, 0x63, 0x40, 0x0E, 0xE4, 0x40, 0x0E, 0xE4,
        0x03, 0x0F, 0x9D, 0x50, 0x0A, 0xE1, 0x14, 0x4E, 0x86, 0x70, 0xA6, 0xF0,
        0x4E, 0x31, 0x15, 0x77, 0x01, 0x06, 0x02, 0x2C, 0xC1, 0x93, 0x40, 0x49,
        0x94, 0x83, 0x9D, 0xE0, 0x4E, 0x37, 0x97, 0x97, 0x00, 0x05, 0x00, 0x00,
        0x00, 0x00, 0x00, 0x00, 0x00, 0x05, 0x00, 0x00, 0x00, 0x00, 0x00, 0x00,
        0x00, 0x05, 0x00, 0x00, 0x00, 0x00, 0x00, 0x00, 0x0B, 0x10, 0xB6, 0x61,
        0xDB, 0xB6, 0x6D, 0xDB, 0x00, 0x05, 0x00, 0x00, 0x00, 0x00, 0x00, 0x00,
        0x66, 0x9E, 0x29, 0x91, 0x50, 0x09, 0x65, 0xDB, 0x00, 0x05, 0x00, 0x00,
        0x00, 0x00, 0x00, 0x00, 0x58, 0x00, 0xEA, 0x2F, 0x3A, 0x58, 0x9F, 0x24,
        0x00, 0x05, 0x00, 0x00, 0x00, 0x00, 0x00, 0x00, 0x00, 0x05, 0x00, 0x00,
        0x00, 0x00, 0x00, 0x00, 0x00, 0x05, 0x00, 0x00, 0x00, 0x00, 0x00, 0x00,
        0x00, 0x05, 0x00, 0x00, 0x00, 0x00, 0x00, 0x00, 0x38, 0x5F, 0xE9, 0x90,
        0x52, 0x09, 0x65, 0xDB, 0x00, 0x05, 0x00, 0x00, 0x00, 0x00, 0x00, 0x00,
        0x2D, 0x00, 0x73, 0xA2, 0x3E, 0xA0, 0x93, 0x24, 0x01, 0x1A, 0xF6, 0x62,
        0x8B, 0x36, 0x66, 0xDB, 0x32, 0x5F, 0x29, 0x91, 0x52, 0x29, 0x65, 0xDB,
        0x00, 0x05, 0x00, 0x00, 0x00, 0x00, 0x00, 0x00, 0x26, 0x00, 0x4B, 0x22,
        0x27, 0x68, 0x92, 0x24, 0x29, 0x00, 0x09, 0x91, 0x78, 0xC9, 0x99, 0x24,
        0x3A, 0x11, 0xE8, 0x03, 0x3A, 0xA0, 0x0F, 0xFA, 0x60, 0x43, 0xE9, 0x10,
        0x53, 0x31, 0x17, 0x73, 0x05, 0x11, 0x1C, 0xD0, 0x09, 0xE5, 0x14, 0x4E,
        0x77, 0x60, 0xA6, 0xF0, 0x4E, 0x77, 0x95, 0x97, 0x43, 0x02, 0x09, 0x98,
        0x80, 0x09, 0x96, 0x60, 0x7E, 0x0F, 0x40, 0x0E, 0xE4, 0x42, 0x2E, 0xE4,
        0x21, 0x08, 0xEB, 0xA3, 0xFA, 0xA0, 0x8F, 0xF5, 0x50, 0x26, 0xE7, 0xF0,
        0x4E, 0x31, 0x17, 0x77, 0x0A, 0x01, 0xED, 0xB3, 0xF6, 0x6A, 0x8B, 0xB5,
        0x6B, 0x4B, 0xA5, 0xE0, 0x4E, 0x37, 0x17, 0x97, 0x00, 0x05, 0x00, 0x00,
        0x00, 0x00, 0x00, 0x00, 0xB7, 0xBC, 0x00, 0x00, 0x00, 0x00, 0x00, 0x00,
        0x00, 0x05, 0x00, 0x00, 0x00, 0x00, 0x00, 0x00, 0xB7, 0xBC, 0x00, 0x00,
        0x00, 0x00, 0x00, 0x00, 0x14, 0x21, 0x76, 0x60, 0x07, 0x76, 0x64, 0x47,
        0xB7, 0x63, 0x40, 0x0E, 0xE4, 0x40, 0x0E, 0x24, 0x10, 0x04, 0xEB, 0x23,
        0xFA, 0xA0, 0x8F, 0xF5, 0x83, 0x6E, 0xE6, 0xF0, 0x4E, 0x37, 0x15, 0x73,
        0x01, 0x06, 0x12, 0x3C, 0x09, 0x94, 0xD4, 0x49, 0x91, 0x81, 0xA5, 0xE0,
        0x4E, 0x37, 0x97, 0x97, 0x00, 0x05, 0x00, 0x00, 0x00, 0x00, 0x00, 0x00,
        0x00, 0x05, 0x00, 0x00, 0x00, 0x00, 0x00, 0x00, 0x00, 0x05, 0x00, 0x00,
        0x00, 0x00, 0x00, 0x00, 0x00, 0x05, 0x00, 0x00, 0x00, 0x00, 0x00, 0x00,
        0x00, 0x05, 0x00, 0x00, 0x00, 0x00, 0x00, 0x00, 0x00, 0x05, 0x00, 0x00,
        0x00, 0x00, 0x00, 0x00, 0x00, 0x05, 0x00, 0x00, 0x00, 0x00, 0x00, 0x00,
        0x00, 0x05, 0x00, 0x00, 0x00, 0x00, 0x00, 0x00, 0x00, 0x05, 0x00, 0x00,
        0x00, 0x00, 0x00, 0x00, 0x00, 0x05, 0x00, 0x00, 0x00, 0x00, 0x00, 0x00,
        0x00, 0x05, 0x00, 0x00, 0x00, 0x00, 0x00, 0x00, 0x00, 0x05, 0x00, 0x00,
        0x00, 0x00, 0x00, 0x00, 0x00, 0x05, 0x00, 0x00, 0x00, 0x00, 0x00, 0x00,
        0x00, 0x05, 0x00, 0x00, 0x00, 0x00, 0x00, 0x00, 0x00, 0x05, 0x00, 0x00,
        0x00, 0x00, 0x00, 0x00, 0x00, 0x05, 0x00, 0x00, 0x00, 0x00, 0x00, 0x00,
        0x00, 0x05, 0x00, 0x00, 0x00, 0x00, 0x00, 0x00, 0x00, 0x05, 0x00, 0x00,
        0x00, 0x00, 0x00, 0x00, 0x00, 0x05, 0x00, 0x00, 0x00, 0x00, 0x00, 0x00,
        0x00, 0x05, 0x00, 0x00, 0x00, 0x00, 0x00, 0x00, 0x3B, 0x16, 0xA0, 0x03,
        0x3A, 0xA0, 0x0F, 0xFA, 0x57, 0x42, 0xA9, 0x10, 0x0F, 0x31, 0x15, 0x53,
        0x15, 0x08, 0xEB, 0xB3, 0xFA, 0xA0, 0x0F, 0xD6, 0x6E, 0x58, 0xE5, 0x70,
        0x4E, 0x29, 0x17, 0x73, 0x44, 0x05, 0x09, 0x96, 0x60, 0x09, 0x96, 0x60,
        0x76, 0x0E, 0x40, 0x0E, 0xE4, 0x42, 0x2E, 0xE4, 0x26, 0x0C, 0xAA, 0x23,
        0xFA, 0x60, 0x8F, 0xD5, 0x43, 0x21, 0xEF, 0xF0, 0x4E, 0x31, 0x15, 0x73,
        0x0E, 0x04, 0xF4, 0x33, 0xFA, 0xA2, 0x8F, 0xD1, 0x5D, 0x41, 0xA6, 0xF0,
        0x4E, 0x37, 0x97, 0x97, 0x00, 0x05, 0x00, 0x00, 0x00, 0x00, 0x00, 0x00,
        0xB7, 0xBC, 0x00, 0x00, 0x00, 0x00, 0x00, 0x00, 0x00, 0x05, 0x00, 0x00,
        0x00, 0x00, 0x00, 0x00, 0xB7, 0xBC, 0x00, 0x00, 0x00, 0x00, 0x00, 0x00,
        0x17, 0x22, 0x76, 0x60, 0x07, 0x76, 0x60, 0x47, 0xB7, 0x62, 0x40, 0x0E,
        0x24, 0x40, 0x02, 0x24, 0x13, 0x06, 0xAB, 0xA3, 0xFA, 0x60, 0x0F, 0xD6,
        0x7D, 0x6C, 0xEF, 0xF0, 0x4E, 0x31, 0x17, 0x77, 0x02, 0x07, 0x14, 0xC0,
        0x09, 0xA5, 0x10, 0x4E, 0x8A, 0x7C, 0xE6, 0xF0, 0x4E, 0x31, 0x97, 0x97,
        0x00, 0x05, 0x00, 0x00, 0x00, 0x00, 0x00, 0x00, 0x00, 0x05, 0x00, 0x00,
        0x00, 0x00, 0x00, 0x00, 0x00, 0x05, 0x00, 0x00, 0x00, 0x00, 0x00, 0x00,
        0x00, 0x05, 0x00, 0x00, 0x00, 0x00, 0x00, 0x00, 0x00, 0x05, 0x00, 0x00,
        0x00, 0x00, 0x00, 0x00, 0x00, 0x05, 0x00, 0x00, 0x00, 0x00, 0x00, 0x00,
        0x00, 0x05, 0x00, 0x00, 0x00, 0x00, 0x00, 0x00, 0x00, 0x05, 0x00, 0x00,
        0x00, 0x00, 0x00, 0x00, 0x00, 0x05, 0x00, 0x00, 0x00, 0x00, 0x00, 0x00,
        0x00, 0x05, 0x00, 0x00, 0x00, 0x00, 0x00, 0x00, 0x00, 0x05, 0x00, 0x00,
        0x00, 0x00, 0x00, 0x00, 0x00, 0x05, 0x00, 0x00, 0x00, 0x00, 0x00, 0x00,
        0x00, 0x05, 0x00, 0x00, 0x00, 0x00, 0x00, 0x00, 0x00, 0x05, 0x00, 0x00,
        0x00, 0x00, 0x00, 0x00, 0x00, 0x05, 0x00, 0x00, 0x00, 0x00, 0x00, 0x00,
        0x00, 0x05, 0x00, 0x00, 0x00, 0x00, 0x00, 0x00, 0x00, 0x05, 0x00, 0x00,
        0x00, 0x00, 0x00, 0x00, 0x00, 0x05, 0x00, 0x00, 0x00, 0x00, 0x00, 0x00,
        0x00, 0x05, 0x00, 0x00, 0x00, 0x00, 0x00, 0x00, 0x00, 0x05, 0x00, 0x00,
        0x00, 0x00, 0x00, 0x00, 0x3B, 0x18, 0xE0, 0x03, 0x3A, 0xA0, 0x0F, 0xFA,
        0x56, 0x42, 0xE9, 0x90, 0x0E, 0x29, 0x15, 0x53, 0x16, 0x09, 0xEB, 0x23,
        0xFA, 0x60, 0x8F, 0xD5, 0x6A, 0x57, 0x9E, 0x70, 0x4E, 0xE9, 0x14, 0x73,
        0x44, 0x06, 0x09, 0x96, 0x60, 0x09, 0x96, 0x60, 0x74, 0x0D, 0x40, 0x2E,
        0xE4, 0x42, 0x2E, 0xE5, 0x27, 0x0F, 0xEA, 0x23, 0x3A, 0xA0, 0x0F, 0xF6,
        0x40, 0x1F, 0xEF, 0xF0, 0x4E, 0x31, 0x15, 0x73, 0x0F, 0x05, 0xAC, 0x33,
        0x3A, 0x60, 0x8D, 0xD1, 0x5A, 0x3E, 0xA6, 0xF0, 0x52, 0x37, 0x17, 0x97,
        0x00, 0x05, 0x00, 0x00, 0x00, 0x00, 0x00, 0x00, 0xB7, 0xBC, 0x00, 0x00,
        0x00, 0x00, 0x00, 0x00, 0x00, 0x05, 0x00, 0x00, 0x00, 0x00, 0x00, 0x00,
        0xB7, 0xBC, 0x00, 0x00, 0x00, 0x00, 0x00, 0x00, 0x17, 0x22, 0x76, 0x60,
        0x07, 0x76, 0x64, 0x47, 0x62, 0xB7, 0x09, 0x90, 0x00, 0x09, 0x90, 0x00,
        0x07, 0x13, 0x9D, 0x10, 0x0E, 0xE1, 0x14, 0x4E, 0x7B, 0x6B, 0xE7, 0x90,
        0x4E, 0x29, 0x15, 0x73, 0x02, 0x07, 0x9C, 0x50, 0x0A, 0xE1, 0x94, 0x52,
        0x88, 0x7A, 0xA6, 0xF0, 0x4E, 0x37, 0x17, 0x97, 0x00, 0x05, 0x00, 0x00,
        0x00, 0x00, 0x00, 0x00, 0x00, 0x05, 0x00, 0x00, 0x00, 0x00, 0x00, 0x00,
        0x00, 0x05, 0x00, 0x00, 0x00, 0x00, 0x00, 0x00, 0x00, 0x05, 0x00, 0x00,
        0x00, 0x00, 0x00, 0x00, 0x00, 0x05, 0x00, 0x00, 0x00, 0x00, 0x00, 0x00,
        0x00, 0x05, 0x00, 0x00, 0x00, 0x00, 0x00, 0x00, 0x00, 0x05, 0x00, 0x00,
        0x00, 0x00, 0x00, 0x00, 0x00, 0x05, 0x00, 0x00, 0x00, 0x00, 0x00, 0x00,
        0x00, 0x05, 0x00, 0x00, 0x00, 0x00, 0x00, 0x00, 0x00, 0x05, 0x00, 0x00,
        0x00, 0x00, 0x00, 0x00, 0x00, 0x05, 0x00, 0x00, 0x00, 0x00, 0x00, 0x00,
        0x00, 0x05, 0x00, 0x00, 0x00, 0x00, 0x00, 0x00, 0x00, 0x05, 0x00, 0x00,
        0x00, 0x00, 0x00, 0x00, 0x00, 0x05, 0x00, 0x00, 0x00, 0x00, 0x00, 0x00,
        0x00, 0x05, 0x00, 0x00, 0x00, 0x00, 0x00, 0x00, 0x00, 0x05, 0x00, 0x00,
        0x00, 0x00, 0x00, 0x00, 0x00, 0x05, 0x00, 0x00, 0x00, 0x00, 0x00, 0x00,
        0x00, 0x05, 0x00, 0x00, 0x00, 0x00, 0x00, 0x00, 0x00, 0x05, 0x00, 0x00,
        0x00, 0x00, 0x00, 0x00, 0x00, 0x05, 0x00, 0x00, 0x00, 0x00, 0x00, 0x00,
        0x3B, 0x1C, 0xA0, 0x03, 0x3A, 0xA0, 0x03, 0xFA, 0x53, 0x42, 0x29, 0x91,
        0x12, 0x29, 0x15, 0x73, 0x1A, 0x0C, 0xEB, 0xA3, 0x3A, 0xA2, 0x0F, 0xF6,
        0x65, 0x55, 0xAF, 0x10, 0x4F, 0x39, 0x95, 0x77, 0x44, 0x09, 0x09, 0x96,
        0x60, 0x09, 0x96, 0x60, 0x6B, 0x0C, 0x40, 0x0E, 0xE4, 0x40, 0x0E, 0xE4,
        0x2B, 0x12, 0xAA, 0x23, 0xFA, 0xA0, 0x0F, 0xF6, 0x37, 0x1C, 0xEF, 0xF0,
        0x0E, 0x31, 0x15, 0x73, 0x07, 0x12, 0x9D, 0xD0, 0x49, 0xE9, 0x94, 0x4E,
        0x4F, 0x37, 0xA6, 0xF0, 0x0E, 0x2F, 0x15, 0x77, 0x00, 0x05, 0x00, 0x00,
        0x00, 0x00, 0x00, 0x00, 0xB7, 0xBC, 0x00, 0x00, 0x00, 0x00, 0x00, 0x00,
        0x00, 0x05, 0x00, 0x00, 0x00, 0x00, 0x00, 0x00, 0xB7, 0xBC, 0x00, 0x00,
        0x00, 0x00, 0x00, 0x00, 0x19, 0x22, 0x76, 0x60, 0x47, 0x76, 0x64, 0x47,
        0x62, 0xB7, 0x09, 0x90, 0x00, 0x09, 0x90, 0x00, 0x09, 0x15, 0xA5, 0x10,
        0x0A, 0xE1, 0x14, 0x4E, 0x77, 0x6A, 0xEF, 0x10, 0x0F, 0x31, 0x15, 0x73,
        0x03, 0x09, 0xE5, 0x50, 0x4E, 0x29, 0x97, 0x72, 0x83, 0x77, 0xE6, 0xF0,
        0x0E, 0x37, 0x17, 0x77, 0x00, 0x05, 0x00, 0x00, 0x00, 0x00, 0x00, 0x00,
        0x00, 0x05, 0x00, 0x00, 0x00, 0x00, 0x00, 0x00, 0x00, 0x05, 0x00, 0x00,
        0x00, 0x00, 0x00, 0x00, 0x00, 0x05, 0x00, 0x00, 0x00, 0x00, 0x00, 0x00,
        0x00, 0x05, 0x00, 0x00, 0x00, 0x00, 0x00, 0x00, 0x00, 0x05, 0x00, 0x00,
        0x00, 0x00, 0x00, 0x00, 0x00, 0x05, 0x00, 0x00, 0x00, 0x00, 0x00, 0x00,
        0x00, 0x05, 0x00, 0x00, 0x00, 0x00, 0x00, 0x00, 0x00, 0x05, 0x00, 0x00,
        0x00, 0x00, 0x00, 0x00, 0x00, 0x05, 0x00, 0x00, 0x00, 0x00, 0x00, 0x00,
        0x00, 0x05, 0x00, 0x00, 0x00, 0x00, 0x00, 0x00, 0x00, 0x05, 0x00, 0x00,
        0x00, 0x00, 0x00, 0x00, 0x00, 0x05, 0x00, 0x00, 0x00, 0x00, 0x00, 0x00,
        0x00, 0x05, 0x00, 0x00, 0x00, 0x00, 0x00, 0x00, 0x00, 0x05, 0x00, 0x00,
        0x00, 0x00, 0x00, 0x00, 0x00, 0x05, 0x00, 0x00, 0x00, 0x00, 0x00, 0x00,
        0x00, 0x05, 0x00, 0x00, 0x00, 0x00, 0x00, 0x00, 0x00, 0x05, 0x00, 0x00,
        0x00, 0x00, 0x00, 0x00, 0x00, 0x05, 0x00, 0x00, 0x00, 0x00, 0x00, 0x00,
        0x00, 0x05, 0x00, 0x00, 0x00, 0x00, 0x00, 0x00, 0x46, 0x1D, 0xEB, 0xB3,
        0x3E, 0xAB, 0x03, 0x00, 0x53, 0x09, 0x93, 0x30, 0x09, 0x93, 0x90, 0x24,
        0x47, 0x0D, 0x7F, 0xF2, 0x27, 0xFE, 0x03, 0x00, 0x63, 0x0A, 0x12, 0x20,
        0x01, 0x92, 0x90, 0x24, 0x47, 0x09, 0x09, 0x96, 0x60, 0x09, 0x06, 0x00,
        0x69, 0x0A, 0x40, 0x0E, 0xE4, 0x40, 0x9E, 0x24, 0x47, 0x14, 0xF5, 0x53,
        0x3F, 0xF5, 0x03, 0x00, 0x35, 0x0A, 0x9D, 0x50, 0x0E, 0xE5, 0x94, 0x24,
        0x47, 0x09, 0x4F, 0xF2, 0x27, 0x7F, 0x02, 0x00, 0x4E, 0x0A, 0x93, 0x30,
        0x09, 0x9B, 0x94, 0x24, 0x29, 0x3B, 0xB6, 0x6D, 0xDB, 0xB6, 0x6D, 0x34,
        0xB7, 0x09, 0x00, 0x00, 0x00, 0x00, 0xF0, 0x24, 0x3F, 0x44, 0xB6, 0x6D,
        0xDB, 0xB6, 0x0D, 0xB1, 0x09, 0xB7, 0x49, 0x92, 0x24, 0x49, 0x02, 0x00,
        0x1A, 0x44, 0xB6, 0x60, 0x0B, 0xB6, 0x90, 0xA8, 0xB7, 0x0A, 0x00, 0x09,
        0x90, 0x00, 0x99, 0x24, 0x44, 0x0A, 0x7F, 0xF2, 0x27, 0x7F, 0x22, 0x00,
        0x76, 0x09, 0x02, 0x20, 0x00, 0x12, 0x90, 0x24, 0x45, 0x04, 0x49, 0xF2,
        0x24, 0x4F, 0x02, 0x00, 0x82, 0x0A, 0x00, 0x20, 0x00, 0x02, 0x90, 0x24,
        0x00, 0x05, 0x00, 0x00, 0x00, 0x00, 0x00, 0x00, 0x00, 0x05, 0x00, 0x00,
        0x00, 0x00, 0x00, 0x00, 0x00, 0x05, 0x00, 0x00, 0x00, 0x00, 0x00, 0x00,
        0x00, 0x05, 0x00, 0x00, 0x00, 0x00, 0x00, 0x00, 0x00, 0x05, 0x00, 0x00,
        0x00, 0x00, 0x00, 0x00, 0x00, 0x05, 0x00, 0x00, 0x00, 0x00, 0x00, 0x00,
        0x00, 0x05, 0x00, 0x00, 0x00, 0x00, 0x00, 0x00, 0x00, 0x05, 0x00, 0x00,
        0x00, 0x00, 0x00, 0x00, 0x00, 0x05, 0x00, 0x00, 0x00, 0x00, 0x00, 0x00,
        0x00, 0x05, 0x00, 0x00, 0x00, 0x00, 0x00, 0x00, 0x00, 0x05, 0x00, 0x00,
        0x00, 0x00, 0x00, 0x00, 0x00, 0x05, 0x00, 0x00, 0x00, 0x00, 0x00, 0x00,
        0x00, 0x05, 0x00, 0x00, 0x00, 0x00, 0x00, 0x00, 0x00, 0x05, 0x00, 0x00,
        0x00, 0x00, 0x00, 0x00, 0x00, 0x05, 0x00, 0x00, 0x00, 0x00, 0x00, 0x00,
        0x00, 0x05, 0x00, 0x00, 0x00, 0x00, 0x00, 0x00, 0x00, 0x05, 0x00, 0x00,
        0x00, 0x00, 0x00, 0x00, 0x00, 0x05, 0x00, 0x00, 0x00, 0x00, 0x00, 0x00,
        0x00, 0x05, 0x00, 0x00, 0x00, 0x00, 0x00, 0x00, 0x00, 0x05, 0x00, 0x00,
        0x00, 0x00, 0x00, 0x00, 0x46, 0x3C, 0x12, 0x60, 0x93, 0x8E, 0xED, 0xDC,
        0x25, 0x09, 0x49, 0xD2, 0xFF, 0xAB, 0x0F, 0xD6, 0x47, 0x3F, 0x00, 0x40,
        0x4E, 0x6E, 0x9B, 0xBB, 0x0A, 0x0F, 0x00, 0x20, 0x01, 0xE4, 0x94, 0x92,
        0x42, 0x47, 0x49, 0xD2, 0x26, 0x5A, 0x02, 0x24, 0x0A, 0x0F, 0x00, 0x00,
        0x00, 0x12, 0x40, 0x02, 0x47, 0x4C, 0x00, 0x00, 0x00, 0x00, 0x00, 0x00,
        0x0A, 0x0F, 0x00, 0x00, 0x00, 0x00, 0x00, 0x00, 0x47, 0x4C, 0x00, 0x00,
        0x00, 0x00, 0x00, 0x00, 0x0A, 0x0F, 0x00, 0x00, 0x00, 0x00, 0x00, 0x00,
        0x3B, 0x00, 0x99, 0x10, 0x73, 0xB9, 0x9B, 0xDC, 0x97, 0x09, 0x4F, 0xB2,
        0xFF, 0xAA, 0x0F, 0xDA, 0x43, 0x1B, 0x02, 0x40, 0x6E, 0x77, 0x99, 0xDB,
        0x23, 0x09, 0x49, 0x62, 0xFB, 0x63, 0x0B, 0x8D, 0x44, 0x23, 0x40, 0xB6,
        0xC5, 0x65, 0x6E, 0x27, 0x50, 0x0A, 0xC9, 0x93, 0xEC, 0xBF, 0xFA, 0x83,
        0x44, 0x29, 0x12, 0x50, 0x6E, 0x77, 0x99, 0xBB, 0x21, 0x09, 0x49, 0x62,
        0xFB, 0x63, 0x8D, 0xB1, 0x45, 0x36, 0x00, 0xC0, 0x6D, 0x76, 0x99, 0xDF,
        0x12, 0x0A, 0x49, 0x62, 0xFF, 0x23, 0x0B, 0x48, 0x00, 0x05, 0x00, 0x00,
        0x00, 0x00, 0x00, 0x00, 0x00, 0x05, 0x00, 0x00, 0x00, 0x00, 0x00, 0x00,
        0x00, 0x05, 0x00, 0x00, 0x00, 0x00, 0x00, 0x00, 0x00, 0x05, 0x00, 0x00,
        0x00, 0x00, 0x00, 0x00, 0x00, 0x05, 0x00, 0x00, 0x00, 0x00, 0x00, 0x00,
        0x00, 0x05, 0x00, 0x00, 0x00, 0x00, 0x00, 0x00, 0x00, 0x05, 0x00, 0x00,
        0x00, 0x00, 0x00, 0x00, 0x00, 0x05, 0x00, 0x00, 0x00, 0x00, 0x00, 0x00,
        0x00, 0x05, 0x00, 0x00, 0x00, 0x00, 0x00, 0x00, 0x00, 0x05, 0x00, 0x00,
        0x00, 0x00, 0x00, 0x00, 0x00, 0x05, 0x00, 0x00, 0x00, 0x00, 0x00, 0x00,
        0x00, 0x05, 0x00, 0x00, 0x00, 0x00, 0x00, 0x00, 0x00, 0x05, 0x00, 0x00,
        0x00, 0x00, 0x00, 0x00, 0x00, 0x05, 0x00, 0x00, 0x00, 0x00, 0x00, 0x00,
        0x00, 0x05, 0x00, 0x00, 0x00, 0x00, 0x00, 0x00, 0x00, 0x05, 0x00, 0x00,
        0x00, 0x00, 0x00, 0x00, 0x00, 0x05, 0x00, 0x00, 0x00, 0x00, 0x00, 0x00,
        0x00, 0x05, 0x00, 0x00, 0x00, 0x00, 0x00, 0x00, 0x00, 0x05, 0x00, 0x00,
        0x00, 0x00, 0x00, 0x00, 0x00, 0x05, 0x00, 0x00, 0x00, 0x00, 0x00, 0x00,
        0x42, 0x3B, 0xA4, 0xD0, 0x97, 0xBD, 0xD9, 0xFC, 0x29, 0x0C, 0x7E, 0x32,
        0x3F, 0xAA, 0x0F, 0xD6, 0x45, 0x3E, 0x9B, 0x50, 0x92, 0x77, 0xF9, 0xDC,
        0x11, 0x0A, 0x7F, 0xD2, 0xFA, 0x63, 0x0B, 0x8D, 0x42, 0x47, 0x6D, 0xA2,
        0x25, 0x40, 0x02, 0x24, 0x0A, 0x0F, 0x00, 0x20, 0x01, 0x24, 0x50, 0x02,
        0x47, 0x4C, 0x00, 0x00, 0x00, 0x00, 0x00, 0x00, 0x0A, 0x0F, 0x00, 0x00,
        0x00, 0x00, 0x00, 0x00, 0x47, 0x4C, 0x00, 0x00, 0x00, 0x00, 0x00, 0x00,
        0x0A, 0x0F, 0x00, 0x00, 0x00, 0x00, 0x00, 0x00, 0x28, 0x00, 0xE9, 0x90,
        0x77, 0x89, 0x99, 0xBC, 0x9E, 0x14, 0x7B, 0x22, 0xFF, 0xA8, 0x0F, 0xDA,
        0x38, 0x15, 0x13, 0x50, 0x6E, 0x77, 0x99, 0xBB, 0x2B, 0x0E, 0x4F, 0x52,
        0xFB, 0x63, 0x0D, 0x8D, 0x3B, 0x23, 0x40, 0xCC, 0xE5, 0x6E, 0x7E, 0x27,
        0x54, 0x0C, 0xC9, 0xFE, 0xC8, 0x3F, 0xFA, 0x83, 0x3D, 0x27, 0x14, 0x60,
        0x4E, 0x77, 0x99, 0xBB, 0x27, 0x0D, 0x7F, 0x42, 0xFF, 0xA3, 0x8D, 0xB1,
        0x33, 0x41, 0x4D, 0x42, 0xB2, 0xDA, 0x08, 0x6D, 0x15, 0x0B, 0x7F, 0x52,
        0xDB, 0x23, 0x09, 0x8D, 0x00, 0x05, 0x00, 0x00, 0x00, 0x00, 0x00, 0x00,
        0x00, 0x05, 0x00, 0x00, 0x00, 0x00, 0x00, 0x00, 0x00, 0x05, 0x00, 0x00,
        0x00, 0x00, 0x00, 0x00, 0x00, 0x05, 0x00, 0x00, 0x00, 0x00, 0x00, 0x00,
        0x00, 0x05, 0x00, 0x00, 0x00, 0x00, 0x00, 0x00, 0x00, 0x05, 0x00, 0x00,
        0x00, 0x00, 0x00, 0x00, 0x00, 0x05, 0x00, 0x00, 0x00, 0x00, 0x00, 0x00,
        0x00, 0x05, 0x00, 0x00, 0x00, 0x00, 0x00, 0x00, 0x00, 0x05, 0x00, 0x00,
        0x00, 0x00, 0x00, 0x00, 0x00, 0x05, 0x00, 0x00, 0x00, 0x00, 0x00, 0x00,
        0x00, 0x05, 0x00, 0x00, 0x00, 0x00, 0x00, 0x00, 0x00, 0x05, 0x00, 0x00,
        0x00, 0x00, 0x00, 0x00, 0x00, 0x05, 0x00, 0x00, 0x00, 0x00, 0x00, 0x00,
        0x00, 0x05, 0x00, 0x00, 0x00, 0x00, 0x00, 0x00, 0x00, 0x05, 0x00, 0x00,
        0x00, 0x00, 0x00, 0x00, 0x00, 0x05, 0x00, 0x00, 0x00, 0x00, 0x00, 0x00,
        0x00, 0x05, 0x00, 0x00, 0x00, 0x00, 0x00, 0x00, 0x00, 0x05, 0x00, 0x00,
        0x00, 0x00, 0x00, 0x00, 0x00, 0x05, 0x00, 0x00, 0x00, 0x00, 0x00, 0x00,
        0x00, 0x05, 0x00, 0x00, 0x00, 0x00, 0x00, 0x00, 0x3B, 0x40, 0x84, 0x44,
        0x40, 0x04, 0x44, 0x01, 0x30, 0x13, 0xF3, 0xA3, 0xFA, 0xA0, 0x0F, 0xD6,
        0x3B, 0x40, 0x65, 0xA3, 0x96, 0x50, 0x2B, 0xAC, 0x17, 0x0E, 0xF5, 0xC3,
        0xF6, 0x62, 0x0B, 0xB1, 0x47, 0x3D, 0x24, 0x60, 0x03, 0x31, 0xE0, 0x00,
        0x11, 0x0A, 0x6C, 0x32, 0x26, 0x5A, 0x02, 0x25, 0x47, 0x4C, 0x00, 0x00,
        0x00, 0x00, 0x00, 0x00, 0x0A, 0x0F, 0x00, 0x00, 0x00, 0x00, 0x00, 0x00,
        0x47, 0x4C, 0x00, 0x00, 0x00, 0x00, 0x00, 0x00, 0x0A, 0x0F, 0x00, 0x00,
        0x00, 0x00, 0x00, 0x00, 0x01, 0x0F, 0xF6, 0x62, 0xAF, 0x36, 0x66, 0x63,
        0xA8, 0x34, 0xEA, 0x83, 0xFA, 0xA0, 0x0F, 0xF6, 0x22, 0x0A, 0x9D, 0x60,
        0x4E, 0x37, 0x19, 0x9B, 0x40, 0x1D, 0xF5, 0xC3, 0xFA, 0x62, 0x8D, 0xB1,
        0x28, 0x19, 0xC2, 0xC6, 0x6D, 0xEE, 0x16, 0x6F, 0x59, 0x19, 0x09, 0xFA,
        0x80, 0x3F, 0xE8, 0x63, 0x24, 0x31, 0x62, 0xA3, 0xB1, 0xD0, 0x0A, 0x8D,
        0x34, 0x17, 0xF4, 0xB3, 0xFA, 0x62, 0x8D, 0xD5, 0x38, 0x2D, 0x1C, 0xE0,
        0x6E, 0x77, 0x99, 0xBB, 0x1D, 0x11, 0xFE, 0xC3, 0xFA, 0x22, 0x0B, 0x8D,
        0x17, 0x5D, 0xB6, 0x6D, 0xDB, 0xB6, 0x8D, 0x26, 0x00, 0x05, 0x00, 0x00,
        0x00, 0x00, 0x00, 0x00, 0x5E, 0x63, 0xB6, 0x6D, 0xDB, 0xB6, 0x0D, 0x40,
        0x00, 0x05, 0x00, 0x00, 0x00, 0x00, 0x00, 0x00, 0x14, 0x5C, 0xB6, 0x6D,
        0xDB, 0xB6, 0x8D, 0x26, 0x2C, 0x31, 0xB6, 0x6D, 0xDB, 0xB6, 0x0D, 0xDB,
        0x5D, 0x62, 0xB6, 0x6D, 0xDB, 0xB6, 0x0D, 0x69, 0x00, 0x05, 0x00, 0x00,
        0x00, 0x00, 0x00, 0x00, 0x00, 0x05, 0x00, 0x00, 0x00, 0x00, 0x00, 0x00,
        0x00, 0x05, 0x00, 0x00, 0x00, 0x00, 0x00, 0x00, 0x00, 0x05, 0x00, 0x00,
        0x00, 0x00, 0x00, 0x00, 0x00, 0x05, 0x00, 0x00, 0x00, 0x00, 0x00, 0x00,
        0x5D, 0x6C, 0xB6, 0x6D, 0xDB, 0xB6, 0x1D, 0x0D, 0x00, 0x05, 0x00, 0x00,
        0x00, 0x00, 0x00, 0x00, 0x5E, 0x63, 0xB6, 0x6D, 0xDB, 0xB6, 0x0D, 0x40,
        0x00, 0x05, 0x00, 0x00, 0x00, 0x00, 0x00, 0x00, 0x5C, 0x00, 0x49, 0x92,
        0x24, 0x49, 0xF2, 0x01, 0x31, 0x36, 0xB6, 0x6D, 0xDB, 0xB6, 0x0D, 0xDB,
        0x5D, 0x62, 0xB6, 0x6D, 0xDB, 0xB6, 0x0D, 0x49, 0x00, 0x05, 0x00, 0x00,
        0x00, 0x00, 0x00, 0x00, 0x3A, 0x3F, 0x95, 0x56, 0x69, 0x9D, 0xD4, 0x09,
        0x32, 0x16, 0xF3, 0xA3, 0x3E, 0xA0, 0x0F, 0xFA, 0x3B, 0x40, 0x6A, 0x09,
        0xB5, 0xC2, 0x2A, 0x69, 0x18, 0x0F, 0xB5, 0xB3, 0xDA, 0x58, 0x0B, 0xAC,
        0x3D, 0x47, 0x52, 0x02, 0x25, 0x42, 0x22, 0x25, 0x12, 0x0A, 0x63, 0xA2,
        0x25, 0x50, 0x02, 0x24, 0x47, 0x4C, 0x00, 0x00, 0x00, 0x00, 0x00, 0x00,
        0x0A, 0x0F, 0x00, 0x00, 0x00, 0x00, 0x00, 0x00, 0x47, 0x4C, 0x00, 0x00,
        0x00, 0x00, 0x00, 0x00, 0x0A, 0x0F, 0x00, 0x00, 0x00, 0x00, 0x00, 0x00,
        0x01, 0x0B, 0xF6, 0x62, 0x83, 0x36, 0x66, 0x43, 0xAA, 0x3E, 0xE8, 0x03,
        0x3A, 0xA0, 0x0F, 0xF6, 0x1D, 0x08, 0x9D, 0xE0, 0x4E, 0x77, 0x97, 0xBB,
        0x45, 0x22, 0xF5, 0xB3, 0xFA, 0x62, 0x8D, 0xB1, 0x23, 0x16, 0x02, 0xC0,
        0x01, 0x26, 0x10, 0x03, 0x5A, 0x1D, 0x09, 0xFA, 0x83, 0x3F, 0xE8, 0x63,
        0x2E, 0x24, 0xA6, 0x70, 0x13, 0x71, 0x97, 0x9B, 0x37, 0x1B, 0xF4, 0xB3,
        0xFA, 0xA2, 0x8F, 0xD5, 0x35, 0x2B, 0x1C, 0x60, 0x4E, 0x36, 0x17, 0x9B,
        0x20, 0x13, 0xF5, 0xC3, 0xDA, 0x63, 0x8D, 0xB1, 0x5D, 0x00, 0x16, 0x10,
        0x0A, 0x09, 0x95, 0x98, 0x00, 0x05, 0x00, 0x00, 0x00, 0x00, 0x00, 0x00,
        0x5F, 0x47, 0x00, 0x20, 0x01, 0xDC, 0x14, 0x93, 0x00, 0x05, 0x00, 0x00,
        0x00, 0x00, 0x00, 0x00, 0x5C, 0x00, 0x16, 0x90, 0x0A, 0x09, 0x97, 0x9C,
        0x91, 0x00, 0x4E, 0xC2, 0x24, 0x7A, 0x82, 0x26, 0x5F, 0x42, 0x00, 0x20,
        0x01, 0xDC, 0x14, 0x73, 0x00, 0x05, 0x00, 0x00, 0x00, 0x00, 0x00, 0x00,
        0x00, 0x05, 0x00, 0x00, 0x00, 0x00, 0x00, 0x00, 0x00, 0x05, 0x00, 0x00,
        0x00, 0x00, 0x00, 0x00, 0x00, 0x05, 0x00, 0x00, 0x00, 0x00, 0x00, 0x00,
        0x00, 0x05, 0x00, 0x00, 0x00, 0x00, 0x00, 0x00, 0x6C, 0x1B, 0x90, 0x44,
        0x6E, 0x4A, 0x29, 0xA7, 0x00, 0x05, 0x00, 0x00, 0x00, 0x00, 0x00, 0x00,
        0x5F, 0x47, 0x00, 0x20, 0x01, 0xDC, 0x14, 0x93, 0x00, 0x05, 0x00, 0x00,
        0x00, 0x00, 0x00, 0x00, 0x5C, 0x00, 0x1F, 0x10, 0x0B, 0x49, 0x97, 0xA4,
        0x1F, 0x92, 0xB2, 0x4D, 0xDB, 0x85, 0x9D, 0xD9, 0x5E, 0x3E, 0x00, 0x20,
        0x01, 0x9C, 0x14, 0x73, 0x00, 0x05, 0x00, 0x00, 0x00, 0x00, 0x00, 0x00,
        0x3A, 0x3F, 0x9D, 0xD0, 0x41, 0x15, 0x54, 0x49, 0x35, 0x1C, 0xEA, 0x83,
        0xFA, 0xA0, 0x8F, 0xF5, 0x3A, 0x3F, 0xDB, 0xA8, 0x69, 0xD8, 0x00, 0x6D,
        0x1D, 0x13, 0xAC, 0xB3, 0xDA, 0x60, 0x8D, 0xB1, 0x3B, 0x47, 0x5B, 0xA2,
        0x25, 0x50, 0x02, 0x24, 0x15, 0x0A, 0x5B, 0xA2, 0x25, 0x50, 0x02, 0x24,
        0x47, 0x4C, 0x00, 0x00, 0x00, 0x00, 0x00, 0x00, 0x0A, 0x0F, 0x00, 0x00,
        0x00, 0x00, 0x00, 0x00, 0x47, 0x4C, 0x00, 0x00, 0x00, 0x00, 0x00, 0x00,
        0x0A, 0x0F, 0x00, 0x00, 0x00, 0x00, 0x00, 0x00, 0x01, 0x06, 0x36, 0x68,
        0x7B, 0xB6, 0x65, 0x1B, 0xAD, 0x53, 0xE0, 0x03, 0x3A, 0xA0, 0x8F, 0xF5,
        0x12, 0x04, 0xE6, 0xF0, 0x12, 0x31, 0x97, 0x97, 0x56, 0x30, 0xF4, 0xB3,
        0xFA, 0x62, 0x8D, 0xD1, 0x23, 0x0F, 0x25, 0xE0, 0x02, 0x37, 0x90, 0x03,
        0x5B, 0x29, 0x09, 0xF8, 0x80, 0x3E, 0xE6, 0x63, 0x2A, 0x23, 0x37, 0x71,
        0x73, 0x71, 0x97, 0x9B, 0x40, 0x23, 0xEB, 0xA3, 0xFA, 0xA2, 0x8F, 0xD5,
        0x30, 0x28, 0x9D, 0x60, 0x4E, 0xEE, 0x14, 0x77, 0x19, 0x26, 0x9C, 0xD0,
        0x4D, 0xE5, 0x96, 0x72, 0x58, 0x00, 0xA1, 0x90, 0x50, 0x89, 0x99, 0xA4,
        0x00, 0x05, 0x00, 0x00, 0x00, 0x00, 0x00, 0x00, 0x5E, 0x38, 0x00, 0x30,
        0x09, 0xE5, 0x14, 0x93, 0x00, 0x05, 0x00, 0x00, 0x00, 0x00, 0x00, 0x00,
        0x56, 0x00, 0xA9, 0x90, 0x50, 0xC9, 0x99, 0xC4, 0x10, 0x96, 0xB4, 0x5D,
        0xD8, 0x99, 0x1D, 0xC2, 0x5D, 0x32, 0x00, 0x30, 0x09, 0xE5, 0x14, 0x73,
        0x00, 0x05, 0x00, 0x00, 0x00, 0x00, 0x00, 0x00, 0x00, 0x05, 0x00, 0x00,
        0x00, 0x00, 0x00, 0x00, 0x00, 0x05, 0x00, 0x00, 0x00, 0x00, 0x00, 0x00,
        0x00, 0x05, 0x00, 0x00, 0x00, 0x00, 0x00, 0x00, 0x00, 0x05, 0x00, 0x00,
        0x00, 0x00, 0x00, 0x00, 0x62, 0x01, 0x9B, 0x04, 0x6F, 0xA0, 0x89, 0xA5,
        0x00, 0x05, 0x00, 0x00, 0x00, 0x00, 0x00, 0x00, 0x5E, 0x38, 0x00, 0x30,
        0x09, 0xE5, 0x14, 0x93, 0x00, 0x05, 0x00, 0x00, 0x00, 0x00, 0x00, 0x00,
        0x55, 0x00, 0xA9, 0x90, 0x54, 0x49, 0x9A, 0xE4, 0x1F, 0x97, 0xB4, 0x5D,
        0xD8, 0x99, 0x1D, 0xC2, 0x5D, 0x2B, 0x00, 0x30, 0x09, 0xE5, 0x14, 0x73,
        0x00, 0x05, 0x00, 0x00, 0x00, 0x00, 0x00, 0x00, 0x3A, 0x3F, 0x1D, 0x54,
        0x41, 0x95, 0x54, 0x0D, 0x36, 0x1E, 0xEA, 0x03, 0x3A, 0xA0, 0x0F, 0xFA,
        0x3A, 0x3F, 0x9A, 0x86, 0x0D, 0xD0, 0x26, 0x6D, 0x1F, 0x15, 0xF4, 0xB3,
        0x3A, 0xA2, 0x8D, 0xD5, 0x3A, 0x47, 0x5A, 0xA2, 0x25, 0x50, 0x02, 0x25,
        0x17, 0x0A, 0x63, 0xA2, 0x25, 0x5A, 0x02, 0x25, 0x47, 0x4C, 0x00, 0x00,
        0x00, 0x00, 0x00, 0x00, 0x0A, 0x0F, 0x00, 0x00, 0x00, 0x00, 0x00, 0x00,
        0x47, 0x4C, 0x00, 0x00, 0x00, 0x00, 0x00, 0x00, 0x0A, 0x0F, 0x00, 0x00,
        0x00, 0x00, 0x00, 0x00, 0x01, 0x06, 0xB6, 0x67, 0x5B, 0xB6, 0x61, 0x1B,
        0xAD, 0x58, 0xA0, 0x03, 0x3A, 0xA0, 0x8F, 0xF5, 0x11, 0x03, 0xEE, 0x70,
        0x53, 0x71, 0x99, 0x9B, 0x59, 0x35, 0xEC, 0xA3, 0xFA, 0x60, 0x8F, 0xD1,
        0x23, 0x0E, 0x2E, 0x70, 0x03, 0x39, 0x90, 0x00, 0x5B, 0x2B, 0x0F, 0xF8,
        0x63, 0x3E, 0x66, 0x63, 0x23, 0x28, 0x5A, 0x83, 0x31, 0xD0, 0x0A, 0x8D,
        0x42, 0x26, 0xEB, 0xA3, 0x3A, 0xA0, 0x0F, 0xD6, 0x2F, 0x28, 0xE6, 0xE4,
        0x4E, 0x71, 0x97, 0xB7, 0x1B, 0x28, 0x9C, 0xD0, 0x4D, 0xE5, 0x94, 0x72,
        0x10, 0x24, 0xB6, 0x63, 0x1B, 0xB6, 0x6D, 0xDB, 0x00, 0x05, 0x00, 0x00,
        0x00, 0x00, 0x00, 0x00, 0x50, 0x0C, 0x13, 0xD0, 0x49, 0xEF, 0x16, 0x73,
        0x00, 0x05, 0x00, 0x00, 0x00, 0x00, 0x00, 0x00, 0x08, 0x1A, 0xB6, 0x63,
        0x1B, 0xB6, 0x6D, 0xDB, 0x9C, 0x00, 0xE0, 0x83, 0x39, 0x50, 0x0F, 0xD1,
        0x06, 0x4E, 0x6C, 0x32, 0xB6, 0x1A, 0x0B, 0x8D, 0x07, 0x0C, 0xB6, 0x6D,
        0xDB, 0xB6, 0x0D, 0xDB, 0x00, 0x05, 0x00, 0x00, 0x00, 0x00, 0x00, 0x00,
        0x00, 0x05, 0x00, 0x00, 0x00, 0x00, 0x00, 0x00, 0x00, 0x05, 0x00, 0x00,
        0x00, 0x00, 0x00, 0x00, 0x00, 0x05, 0x00, 0x00, 0x00, 0x00, 0x00, 0x00,
        0x62, 0x00, 0x58, 0x8A, 0xFD, 0x58, 0x03, 0xF5, 0x00, 0x05, 0x00, 0x00,
        0x00, 0x00, 0x00, 0x00, 0x50, 0x0C, 0x13, 0xD0, 0x49, 0xEF, 0x16, 0x73,
        0x00, 0x05, 0x00, 0x00, 0x00, 0x00, 0x00, 0x00, 0x10, 0x15, 0xB6, 0x61,
        0xDB, 0xB6, 0x6D, 0xDB, 0x9C, 0x00, 0xD8, 0x83, 0x35, 0x10, 0x0F, 0xD1,
        0x4B, 0x00, 0x94, 0x60, 0x4E, 0x29, 0x97, 0x97, 0x0F, 0x14, 0xB6, 0x6D,
        0xDB, 0xB6, 0x0D, 0xDB, 0x39, 0x3E, 0x19, 0x95, 0x51, 0x21, 0x15, 0x12,
        0x37, 0x21, 0xA0, 0x03, 0xFA, 0x98, 0x8F, 0xF5, 0x39, 0x3E, 0x1B, 0x39,
        0x8C, 0xD3, 0xB8, 0x61, 0x21, 0x17, 0xA2, 0x23, 0xDA, 0x18, 0x0D, 0xD1,
        0x3A, 0x47, 0x50, 0x22, 0x24, 0x42, 0x22, 0x25, 0x0A, 0x19, 0x2D, 0xD0,
        0x02, 0x2D, 0x90, 0x02, 0x47, 0x4C, 0x00, 0x00, 0x00, 0x00, 0x00, 0x00,
        0x0A, 0x0F, 0x00, 0x00, 0x00, 0x00, 0x00, 0x00, 0x47, 0x4C, 0x00, 0x00,
        0x00, 0x00, 0x00, 0x00, 0x0A, 0x0F, 0x00, 0x00, 0x00, 0x00, 0x00, 0x00,
        0x01, 0x06, 0xB6, 0x61, 0xDB, 0xB6, 0x6D, 0xDB, 0xAF, 0x67, 0xA0, 0x03,
        0x3A, 0x98, 0x8F, 0xF5, 0x0B, 0x01, 0xEE, 0xF0, 0x12, 0x77, 0x15, 0x97,
        0x65, 0x41, 0xEB, 0x23, 0xFA, 0x62, 0x8F, 0xD5, 0x23, 0x0A, 0x3F, 0xF0,
        0x03, 0x39, 0x90, 0x03, 0x5C, 0x35, 0x0F, 0xE6, 0x63, 0x3E, 0x56, 0x63,
        0x23, 0x28, 0xD0, 0x08, 0x8D, 0xD0, 0x06, 0x68, 0x47, 0x2D, 0xEA, 0x23,
        0x3A, 0xA0, 0x8F, 0xF5, 0x26, 0x2B, 0x63, 0xA2, 0x35, 0x18, 0x0B, 0xAD,
        0x2E, 0x20, 0xF4, 0xB3, 0xFA, 0xA2, 0x8F, 0xD5, 0x10, 0x15, 0xB6, 0x61,
        0xDB, 0xB6, 0x6D, 0xDB, 0x00, 0x05, 0x00, 0x00, 0x00, 0x00, 0x00, 0x00,
        0x0C, 0x49, 0x6B, 0x23, 0xB6, 0x18, 0x6B, 0x8D, 0x00, 0x05, 0x00, 0x00,
        0x00, 0x00, 0x00, 0x00, 0x08, 0x0D, 0xB6, 0x61, 0xDB, 0xB6, 0x6D, 0xDB,
        0x9D, 0x04, 0x98, 0x03, 0xF5, 0x10, 0x0D, 0xD1, 0x45, 0x00, 0x9D, 0x70,
        0x4E, 0x37, 0x97, 0x97, 0x02, 0x10, 0xB6, 0x6D, 0xDB, 0xB3, 0x1D, 0xD8,
        0x00, 0x05, 0x00, 0x00, 0x00, 0x00, 0x00, 0x00, 0x00, 0x05, 0x00, 0x00,
        0x00, 0x00, 0x00, 0x00, 0x00, 0x05, 0x00, 0x00, 0x00, 0x00, 0x00, 0x00,
        0x00, 0x05, 0x00, 0x00, 0x00, 0x00, 0x00, 0x00, 0x5F, 0x00, 0xD8, 0x8F,
        0x35, 0x50, 0x0F, 0xD1, 0x00, 0x05, 0x00, 0x00, 0x00, 0x00, 0x00, 0x00,
        0x0C, 0x49, 0x6B, 0x23, 0xB6, 0x18, 0x6B, 0x8D, 0x00, 0x05, 0x00, 0x00,
        0x00, 0x00, 0x00, 0x00, 0x00, 0x05, 0x00, 0x00, 0x00, 0x00, 0x00, 0x00,
        0x9D, 0x09, 0x98, 0x03, 0xF5, 0x10, 0x0D, 0xAD, 0x42, 0x00, 0x9E, 0x90,
        0x4E, 0x79, 0x97, 0xB8, 0x04, 0x1F, 0xB6, 0x6D, 0xDB, 0xB3, 0x1D, 0xD8,
        0x39, 0x3E, 0x19, 0x15, 0x52, 0x21, 0x91, 0x52, 0x38, 0x23, 0xEA, 0x03,
        0x3A, 0xA0, 0x0F, 0xFA, 0x39, 0x3E, 0xC3, 0x38, 0x8D, 0x1B, 0xA6, 0x61,
        0x22, 0x19, 0xEB, 0x03, 0x36, 0x58, 0x8F, 0xB1, 0x3A, 0x47, 0x42, 0x22,
        0x24, 0x52, 0x22, 0x25, 0x0A, 0x19, 0x2D, 0xD0, 0x02, 0x29, 0x90, 0x00,
        0x47, 0x4C, 0x00, 0x00, 0x00, 0x00, 0x00, 0x00, 0x0A, 0x0F, 0x00, 0x00,
        0x00, 0x00, 0x00, 0x00, 0x47, 0x4C, 0x00, 0x00, 0x00, 0x00, 0x00, 0x00,
        0x0A, 0x0F, 0x00, 0x00, 0x00, 0x00, 0x00, 0x00, 0x00, 0x05, 0x00, 0x00,
        0x00, 0x00, 0x00, 0x00, 0xAF, 0x6C, 0xA0, 0x83, 0x39, 0x58, 0x8F, 0xF5,
        0x0A, 0x01, 0xEF, 0xF0, 0x16, 0x69, 0x97, 0x77, 0x68, 0x44, 0xEB, 0x23,
        0xFA, 0x60, 0x8F, 0xD5, 0x23, 0x09, 0x37, 0xF0, 0x03, 0x39, 0x90, 0x00,
        0x5C, 0x3A, 0x0F, 0xE8, 0x60, 0x3E, 0x56, 0x63, 0x23, 0x28, 0xD0, 0x08,
        0x6D, 0x80, 0x06, 0x68, 0x48, 0x2E, 0xA2, 0x23, 0xFA, 0xA0, 0x8F, 0xD5,
        0x26, 0x2B, 0x5A, 0x83, 0xB1, 0xD0, 0x0A, 0x6D, 0x2F, 0x22, 0xEC, 0xB3,
        0xFA, 0x60, 0x8D, 0xD5, 0x00, 0x05, 0x00, 0x00, 0x00, 0x00, 0x00, 0x00,
        0x00, 0x05, 0x00, 0x00, 0x00, 0x00, 0x00, 0x00, 0x30, 0x00, 0xE9, 0x90,
        0x53, 0x49, 0x99, 0xBC, 0x00, 0x05, 0x00, 0x00, 0x00, 0x00, 0x00, 0x00,
        0x00, 0x05, 0x00, 0x00, 0x00, 0x00, 0x00, 0x00, 0x9E, 0x37, 0x50, 0x03,
        0xF1, 0x10, 0x0D, 0xAD, 0x04, 0x28, 0x16, 0x63, 0xAC, 0xB6, 0x66, 0x43,
        0x3B, 0x00, 0x4E, 0xC2, 0x27, 0x72, 0x82, 0x3E, 0x00, 0x05, 0x00, 0x00,
        0x00, 0x00, 0x00, 0x00, 0x00, 0x05, 0x00, 0x00, 0x00, 0x00, 0x00, 0x00,
        0x00, 0x05, 0x00, 0x00, 0x00, 0x00, 0x00, 0x00, 0x00, 0x05, 0x00, 0x00,
        0x00, 0x00, 0x00, 0x00, 0x5E, 0x1A, 0x50, 0x03, 0xF1, 0x10, 0x0D, 0xAD,
        0x00, 0x05, 0x00, 0x00, 0x00, 0x00, 0x00, 0x00, 0x30, 0x00, 0xE9, 0xE0,
        0x53, 0x4D, 0xC9, 0xBF, 0x00, 0x05, 0x00, 0x00, 0x00, 0x00, 0x00, 0x00,
        0x00, 0x05, 0x00, 0x00, 0x00, 0x00, 0x00, 0x00, 0x9E, 0x43, 0x50, 0x03,
        0xF1, 0x10, 0x0D, 0xAD, 0x03, 0x20, 0xF6, 0x62, 0x83, 0xB6, 0x65, 0xDB,
        0x46, 0x00, 0x4D, 0x32, 0x27, 0xEA, 0x03, 0x3A, 0x3A, 0x3F, 0xE5, 0xD0,
        0x6A, 0xAD, 0xD6, 0x6A, 0x39, 0x26, 0xA0, 0x03, 0x3A, 0x98, 0x83, 0xF5,
        0x39, 0x3E, 0x1A, 0xA6, 0x4D, 0xDA, 0x00, 0x0D, 0x24, 0x1C, 0xAA, 0x83,
        0x35, 0x58, 0x0F, 0xB5, 0x47, 0x3B, 0x3F, 0x90, 0x03, 0x39, 0x90, 0x00,
        0x1C, 0x0A, 0x52, 0x22, 0x25, 0x50, 0x02, 0x25, 0x47, 0x4C, 0x00, 0x00,
        0x00, 0x00, 0x00, 0x00, 0x0A, 0x0F, 0x00, 0x00, 0x00, 0x00, 0x00, 0x00,
        0x47, 0x4C, 0x00, 0x00, 0x00, 0x00, 0x00, 0x00, 0x0A, 0x0F, 0x00, 0x00,
        0x00, 0x00, 0x00, 0x00, 0x00, 0x05, 0x00, 0x00, 0x00, 0x00, 0x00, 0x00,
        0xB0, 0x76, 0xA0, 0x03, 0x3A, 0x58, 0x8F, 0xF5, 0x01, 0x07, 0x10, 0x63,
        0xB1, 0x06, 0x6B, 0x88, 0x71, 0x4E, 0xEB, 0x23, 0x3A, 0x62, 0x8F, 0xF5,
        0x23, 0x05, 0x3F, 0x90, 0x03, 0x39, 0x90, 0x00, 0x5D, 0x41, 0x0F, 0xE8,
        0x83, 0x3D, 0x58, 0x63, 0x23, 0x28, 0x80, 0x06, 0x68, 0x80, 0x04, 0x48,
        0x4C, 0x34, 0xA2, 0x23, 0x3A, 0xA0, 0x8F, 0xF5, 0x25, 0x2A, 0x1A, 0x09,
        0x8D, 0xD0, 0x08, 0x68, 0x33, 0x25, 0xEB, 0x23, 0xFA, 0x58, 0x8F, 0xD5,
        0x00, 0x05, 0x00, 0x00, 0x00, 0x00, 0x00, 0x00, 0x00, 0x05, 0x00, 0x00,
        0x00, 0x00, 0x00, 0x00, 0x08, 0x27, 0x06, 0x63, 0xAB, 0x36, 0x66, 0x5B,
        0x00, 0x05, 0x00, 0x00, 0x00, 0x00, 0x00, 0x00, 0x00, 0x05, 0x00, 0x00,
        0x00, 0x00, 0x00, 0x00, 0x9E, 0x46, 0x50, 0x03, 0xF1, 0x10, 0x0D, 0xCD,
        0x1E, 0x00, 0x39, 0x91, 0x78, 0xC9, 0x9B, 0xC4, 0x46, 0x00, 0x7D, 0x32,
        0x27, 0xEA, 0x03, 0xFA, 0x00, 0x05, 0x00, 0x00, 0x00, 0x00, 0x00, 0x00,
        0x00, 0x05, 0x00, 0x00, 0x00, 0x00, 0x00, 0x00, 0x00, 0x05, 0x00, 0x00,
        0x00, 0x00, 0x00, 0x00, 0x00, 0x05, 0x00, 0x00, 0x00, 0x00, 0x00, 0x00,
        0x5E, 0x24, 0x50, 0x03, 0xF1, 0x10, 0x0D, 0xAD, 0x00, 0x05, 0x00, 0x00,
        0x00, 0x00, 0x00, 0x00, 0x27, 0x00, 0xF6, 0xC0, 0x74, 0xF3, 0x89, 0xA6,
        0x00, 0x05, 0x00, 0x00, 0x00, 0x00, 0x00, 0x00, 0x00, 0x05, 0x00, 0x00,
        0x00, 0x00, 0x00, 0x00, 0x9E, 0x50, 0x50, 0x03, 0xF1, 0x10, 0x0D, 0xCD,
        0x03, 0x14, 0x36, 0x62, 0x7B, 0xB6, 0x6D, 0xDB, 0x50, 0x00, 0x74, 0xB2,
        0x3E, 0xA2, 0x83, 0xF5, 0x3E, 0x26, 0x80, 0x00, 0x08, 0x80, 0xC0, 0x27,
        0x5E, 0x27, 0xFE, 0xE3, 0x3F, 0xFE, 0x23, 0x00, 0x25, 0x3B, 0x49, 0x92,
        0x24, 0x49, 0x02, 0x00, 0x5F, 0x1C, 0x7F, 0xF2, 0x27, 0x7F, 0x02, 0x00,
        0x47, 0x24, 0x1B, 0xB0, 0x01, 0x1B, 0x90, 0x34, 0x0A, 0x5F, 0x12, 0x20,
        0x01, 0x12, 0x90, 0xB0, 0x23, 0x47, 0x49, 0x92, 0x24, 0x49, 0x02, 0x00,
        0x0A, 0x5B, 0x00, 0x00, 0x00, 0x00, 0x90, 0x24, 0x23, 0x47, 0x49, 0x92,
        0x24, 0x49, 0x02, 0x00, 0x0A, 0x5D, 0x00, 0x00, 0x00, 0x00, 0x90, 0x24,
        0x14, 0x1D, 0xB6, 0x6D, 0xDB, 0xB6, 0x6D, 0x34, 0xB0, 0x60, 0x18, 0x8D,
        0xD1, 0x18, 0xFB, 0x24, 0x21, 0x00, 0xC9, 0x9F, 0xFC, 0x49, 0x0E, 0x00,
        0x71, 0x50, 0xA2, 0x23, 0xFA, 0x58, 0xDF, 0xB6, 0x23, 0x05, 0x39, 0x90,
        0x03, 0x09, 0x00, 0x00, 0x60, 0x45, 0x8F, 0xE8, 0x8B, 0xBD, 0x08, 0x00,
        0x23, 0x28, 0x80, 0x06, 0x48, 0x80, 0x04, 0x00, 0x60, 0x35, 0xF5, 0x53,
        0x3F, 0xF4, 0x03, 0x00, 0x23, 0x28, 0x63, 0x33, 0x36, 0x1B, 0x0B, 0x00,
        0x60, 0x28, 0x7F, 0xF2, 0x27, 0x7F, 0x02, 0x00, 0x00, 0x05, 0x00, 0x00,
        0x00, 0x00, 0x00, 0x00, 0x00, 0x05, 0x00, 0x00, 0x00, 0x00, 0x00, 0x00,
        0x07, 0x0E, 0xB6, 0x63, 0x1B, 0xB6, 0x6D, 0xDB, 0x00, 0x05, 0x00, 0x00,
        0x00, 0x00, 0x00, 0x00, 0x00, 0x05, 0x00, 0x00, 0x00, 0x00, 0x00, 0x00,
        0x9E, 0x65, 0x50, 0x03, 0xF1, 0x10, 0x0D, 0xCD, 0x03, 0x08, 0xB6, 0x6B,
        0x1B, 0xB6, 0x6D, 0xDB, 0x5F, 0x06, 0xEB, 0x23, 0x3A, 0xA2, 0x8F, 0xD5,
        0x00, 0x05, 0x00, 0x00, 0x00, 0x00, 0x00, 0x00, 0x00, 0x05, 0x00, 0x00,
        0x00, 0x00, 0x00, 0x00, 0x00, 0x05, 0x00, 0x00, 0x00, 0x00, 0x00, 0x00,
        0x00, 0x05, 0x00, 0x00, 0x00, 0x00, 0x00, 0x00, 0x5F, 0x39, 0x10, 0x03,
        0xF1, 0x10, 0x0D, 0xCD, 0x00, 0x05, 0x00, 0x00, 0x00, 0x00, 0x00, 0x00,
        0x35, 0x00, 0x73, 0xAC, 0xFE, 0xA2, 0x83, 0xF5, 0x00, 0x05, 0x00, 0x00,
        0x00, 0x00, 0x00, 0x00, 0x00, 0x05, 0x00, 0x00, 0x00, 0x00, 0x00, 0x00,
        0x9E, 0x6B, 0x10, 0x03, 0xF1, 0x10, 0x0D, 0xCC, 0x00, 0x05, 0x00, 0x00,
        0x00, 0x00, 0x00, 0x00, 0x66, 0x0C, 0xAB, 0x23, 0xFA, 0x58, 0x8D, 0xD1,
        0x3B, 0x26, 0x7C, 0xA2, 0xFE, 0xA0, 0x0D, 0xD6, 0x5E, 0x48, 0x02, 0xE0,
        0x49, 0xEF, 0x16, 0x93, 0x2C, 0x25, 0x4F, 0x62, 0xDB, 0x63, 0xAD, 0x6D,
        0x5F, 0x57, 0x00, 0xB0, 0x6D, 0x29, 0x97, 0xC4, 0x3F, 0x24, 0x09, 0xF3,
        0xEF, 0xBF, 0xFC, 0xC3, 0x5F, 0x14, 0x00, 0x05, 0x9C, 0x40, 0x0C, 0xC4,
        0x23, 0x28, 0x00, 0x20, 0x00, 0x13, 0xD0, 0x09, 0x5B, 0x32, 0x02, 0xC0,
        0x4D, 0x2E, 0x19, 0xB7, 0x23, 0x28, 0x00, 0x00, 0x00, 0x00, 0x00, 0x00,
        0x5D, 0x49, 0x00, 0xC0, 0x6D, 0x2E, 0x99, 0xBB, 0x1D, 0x00, 0x19, 0x10,
        0x73, 0xB9, 0x9B, 0xDC, 0xA7, 0x60, 0x4F, 0xB2, 0xFF, 0xAA, 0x0F, 0xDA,
        0x21, 0x0D, 0x02, 0x40, 0x6E, 0x6E, 0x99, 0xBB, 0x6D, 0x60, 0x49, 0x62,
        0xDB, 0x63, 0x8B, 0x8D, 0x15, 0x23, 0x49, 0x42, 0x26, 0x5B, 0x02, 0x25,
        0x67, 0x60, 0x49, 0x62, 0x27, 0x63, 0x22, 0x25, 0x23, 0x28, 0x00, 0x00,
        0x00, 0x00, 0x00, 0x00, 0x60, 0x65, 0x00, 0x00, 0x00, 0x00, 0x00, 0x00,
        0x23, 0x28, 0x00, 0x00, 0x00, 0x00, 0x00, 0x00, 0x60, 0x65, 0x00, 0x00,
        0x00, 0x00, 0x00, 0x00, 0x00, 0x05, 0x00, 0x00, 0x00, 0x00, 0x00, 0x00,
        0x00, 0x05, 0x00, 0x00, 0x00, 0x00, 0x00, 0x00, 0x07, 0x0C, 0xB6, 0x61,
        0xDB, 0xB6, 0x6D, 0xDB, 0x00, 0x05, 0x00, 0x00, 0x00, 0x00, 0x00, 0x00,
        0x5C, 0x00, 0x49, 0x92, 0x24, 0x49, 0xF2, 0x01, 0x31, 0x9E, 0x49, 0x99,
        0x94, 0x49, 0x09, 0xDB, 0x03, 0x5E, 0xB6, 0x61, 0xDB, 0xB6, 0x9D, 0x24,
        0x5F, 0x00, 0xA2, 0x8F, 0xF5, 0x58, 0x9D, 0x24, 0x00, 0x05, 0x00, 0x00,
        0x00, 0x00, 0x00, 0x00, 0x00, 0x05, 0x00, 0x00, 0x00, 0x00, 0x00, 0x00,
        0x00, 0x05, 0x00, 0x00, 0x00, 0x00, 0x00, 0x00, 0x00, 0x05, 0x00, 0x00,
        0x00, 0x00, 0x00, 0x00, 0x11, 0x5F, 0x49, 0x99, 0x94, 0x49, 0x09, 0xDB,
        0x31, 0x9B, 0xB6, 0x6D, 0xDB, 0xB6, 0x8D, 0x26, 0x35, 0x00, 0xEA, 0x2F,
        0x3A, 0x58, 0x9F, 0x24, 0x9D, 0xA2, 0xB6, 0x6D, 0xDB, 0xB6, 0x0D, 0x49,
        0x00, 0x05, 0x00, 0x00, 0x00, 0x00, 0x00, 0x00, 0x72, 0x9E, 0x29, 0x91,
        0x52, 0x09, 0x65, 0xDB, 0x00, 0x05, 0x00, 0x00, 0x00, 0x00, 0x00, 0x00,
        0x16, 0x66, 0xA5, 0x10, 0x4E, 0xE9, 0x64, 0xDB, 0x3C, 0x29, 0x72, 0xA2,
        0xFA, 0xA0, 0x8D, 0xD5, 0x47, 0x5A, 0x6B, 0x22, 0xB6, 0x18, 0x8B, 0x91,
        0x2E, 0x27, 0x49, 0x52, 0x3F, 0x6C, 0x0B, 0xB6, 0x5C, 0x55, 0x00, 0xE0,
        0x09, 0xB6, 0x19, 0xDB, 0x40, 0x27, 0xC9, 0x92, 0xE8, 0x0F, 0xFC, 0xC3,
        0x5C, 0x11, 0x80, 0x09, 0xBC, 0x40, 0x0C, 0xC4, 0x23, 0x29, 0x02, 0x30,
        0x01, 0x9D, 0x10, 0x4E, 0x53, 0x2C, 0x13, 0x50, 0x4E, 0x2F, 0x97, 0x97,
        0x23, 0x28, 0x00, 0x00, 0x00, 0x00, 0x20, 0x00, 0x58, 0x44, 0x12, 0xC0,
        0x4D, 0x6E, 0x99, 0xBB, 0x14, 0x00, 0xE9, 0x90, 0x77, 0x89, 0x99, 0xBC,
        0xAA, 0x66, 0x7B, 0x22, 0xFF, 0xA8, 0x0F, 0xDA, 0x1C, 0x0A, 0x13, 0x50,
        0x6E, 0x77, 0x99, 0xBB, 0x71, 0x63, 0x49, 0x52, 0xFF, 0x6B, 0x8D, 0xB1,
        0x23, 0x13, 0x24, 0xD0, 0x02, 0x37, 0x90, 0x00, 0x69, 0x60, 0x76, 0xC2,
        0x26, 0x5B, 0x02, 0x24, 0x23, 0x28, 0x00, 0x00, 0x00, 0x00, 0x00, 0x00,
        0x60, 0x65, 0x00, 0x00, 0x00, 0x00, 0x00, 0x00, 0x23, 0x28, 0x00, 0x00,
        0x00, 0x00, 0x00, 0x00, 0x60, 0x65, 0x00, 0x00, 0x00, 0x00, 0x00, 0x00,
        0x00, 0x05, 0x00, 0x00, 0x00, 0x00, 0x00, 0x00, 0x00, 0x05, 0x00, 0x00,
        0x00, 0x00, 0x00, 0x00, 0x00, 0x05, 0x00, 0x00, 0x00, 0x00, 0x00, 0x00,
        0x00, 0x05, 0x00, 0x00, 0x00, 0x00, 0x00, 0x00, 0x5C, 0x00, 0x1F, 0x10,
        0x0B, 0x49, 0x97, 0xA4, 0x1F, 0x92, 0xB2, 0x4D, 0xDB, 0x85, 0x9D, 0xD9,
        0x5E, 0x3E, 0x00, 0x20, 0x01, 0x9C, 0x14, 0x73, 0x00, 0x05, 0x00, 0x00,
        0x00, 0x00, 0x00, 0x00, 0x00, 0x05, 0x00, 0x00, 0x00, 0x00, 0x00, 0x00,
        0x00, 0x05, 0x00, 0x00, 0x00, 0x00, 0x00, 0x00, 0x00, 0x05, 0x00, 0x00,
        0x00, 0x00, 0x00, 0x00, 0x00, 0x05, 0x00, 0x00, 0x00, 0x00, 0x00, 0x00,
        0x52, 0x00, 0x4F, 0xD2, 0x24, 0x4A, 0x82, 0x27, 0x9B, 0x00, 0x16, 0x10,
        0x0A, 0xF9, 0x94, 0x74, 0x00, 0x05, 0x00, 0x00, 0x00, 0x00, 0x00, 0x00,
        0x9E, 0x7E, 0x00, 0x20, 0x01, 0x9C, 0x14, 0x73, 0x00, 0x05, 0x00, 0x00,
        0x00, 0x00, 0x00, 0x00, 0x00, 0x05, 0x00, 0x00, 0x00, 0x00, 0x00, 0x00,
        0x00, 0x05, 0x00, 0x00, 0x00, 0x00, 0x00, 0x00, 0x00, 0x05, 0x00, 0x00,
        0x00, 0x00, 0x00, 0x00, 0x2E, 0x3D, 0x99, 0x10, 0x4A, 0xE1, 0x14, 0x4E,
        0x53, 0x45, 0xA7, 0x90, 0x0E, 0xF1, 0x16, 0x73, 0x2A, 0x31, 0x14, 0x40,
        0x0A, 0x24, 0x17, 0x92, 0x52, 0x57, 0x4C, 0xA2, 0x25, 0xD2, 0x02, 0x49,
        0x43, 0x2A, 0x89, 0x9E, 0xC0, 0x09, 0xFA, 0xA0, 0x58, 0x0E, 0x40, 0x0C,
        0xE4, 0x40, 0x0E, 0xE4, 0x2E, 0x24, 0xF4, 0x33, 0xFF, 0xA0, 0x0F, 0xDA,
        0x40, 0x21, 0xA5, 0xF0, 0x4E, 0x37, 0x17, 0x97, 0x23, 0x28, 0x02, 0x20,
        0x01, 0x93, 0xB0, 0x49, 0x4C, 0x37, 0x9C, 0x50, 0x4E, 0x77, 0x99, 0xBB,
        0x01, 0x07, 0xF6, 0x62, 0xAB, 0x36, 0x66, 0x5B, 0xAF, 0x76, 0xEA, 0x83,
        0x3E, 0xA0, 0x0F, 0xF6, 0x11, 0x05, 0x9D, 0x60, 0x6E, 0x37, 0x99, 0x9B,
        0x7B, 0x6A, 0xF5, 0xB3, 0xFA, 0x62, 0x8D, 0xB1, 0x23, 0x0C, 0x2E, 0x70,
        0x03, 0x3F, 0x90, 0x03, 0x6F, 0x60, 0x64, 0xB2, 0x25, 0x52, 0x02, 0x24,
        0x23, 0x28, 0x00, 0x00, 0x00, 0x00, 0x00, 0x00, 0x60, 0x65, 0x00, 0x00,
        0x00, 0x00, 0x00, 0x00, 0x23, 0x28, 0x00, 0x00, 0x00, 0x00, 0x00, 0x00,
        0x60, 0x65, 0x00, 0x00, 0x00, 0x00, 0x00, 0x00, 0x00, 0x05, 0x00, 0x00,
        0x00, 0x00, 0x00, 0x00, 0x00, 0x05, 0x00, 0x00, 0x00, 0x00, 0x00, 0x00,
        0x00, 0x05, 0x00, 0x00, 0x00, 0x00, 0x00, 0x00, 0x00, 0x05, 0x00, 0x00,
        0x00, 0x00, 0x00, 0x00, 0x55, 0x00, 0xA9, 0x90, 0x54, 0x49, 0x9A, 0xE4,
        0x1F, 0x97, 0xB4, 0x5D, 0xD8, 0x99, 0x1D, 0xC2, 0x5D, 0x2B, 0x00, 0x30,
        0x09, 0xE5, 0x14, 0x73, 0x00, 0x05, 0x00, 0x00, 0x00, 0x00, 0x00, 0x00,
        0x00, 0x05, 0x00, 0x00, 0x00, 0x00, 0x00, 0x00, 0x00, 0x05, 0x00, 0x00,
        0x00, 0x00, 0x00, 0x00, 0x00, 0x05, 0x00, 0x00, 0x00, 0x00, 0x00, 0x00,
        0x00, 0x05, 0x00, 0x00, 0x00, 0x00, 0x00, 0x00, 0x58, 0x00, 0x4D, 0xA2,
        0x24, 0x78, 0x82, 0x26, 0x95, 0x00, 0x21, 0x90, 0x4F, 0x49, 0x97, 0x9C,
        0x00, 0x05, 0x00, 0x00, 0x00, 0x00, 0x00, 0x00, 0x9D, 0x6B, 0x00, 0x30,
        0x09, 0xE5, 0x14, 0x73, 0x00, 0x05, 0x00, 0x00, 0x00, 0x00, 0x00, 0x00,
        0x00, 0x05, 0x00, 0x00, 0x00, 0x00, 0x00, 0x00, 0x00, 0x05, 0x00, 0x00,
        0x00, 0x00, 0x00, 0x00, 0x00, 0x05, 0x00, 0x00, 0x00, 0x00, 0x00, 0x00,
        0x3D, 0x30, 0xE8, 0x03, 0xFA, 0x60, 0x8F, 0xF5, 0x44, 0x53, 0x5A, 0x83,
        0xB5, 0x18, 0x8B, 0xAD, 0x2A, 0x31, 0xA4, 0x40, 0x72, 0x21, 0x99, 0x92,
        0x57, 0x4F, 0x1C, 0x40, 0x0E, 0x25, 0x19, 0x92, 0x44, 0x2A, 0x89, 0x9C,
        0xC0, 0x0F, 0xFA, 0xA3, 0x57, 0x0E, 0x40, 0x0E, 0xE4, 0x40, 0x0E, 0xE4,
        0x25, 0x30, 0x14, 0xD0, 0x01, 0x9D, 0x10, 0x4A, 0x3B, 0x1E, 0xA6, 0xF0,
        0x4E, 0x37, 0x17, 0x97, 0x23, 0x28, 0x12, 0x30, 0x09, 0x9B, 0xC4, 0x49,
        0x48, 0x34, 0x9C, 0x50, 0x4E, 0x6F, 0x99, 0xB7, 0x01, 0x06, 0xB6, 0x6A,
        0x63, 0xB6, 0x65, 0x5B, 0xB0, 0x7A, 0xE8, 0x03, 0xFA, 0xA0, 0x8F, 0xF5,
        0x0E, 0x04, 0x1D, 0x60, 0x4E, 0x37, 0x17, 0x9B, 0x7E, 0x6C, 0xF4, 0xB3,
        0xFA, 0x62, 0x0D, 0xB1, 0x23, 0x0B, 0x36, 0x70, 0x03, 0x39, 0x90, 0x00,
        0x71, 0x60, 0x63, 0xB2, 0x25, 0x52, 0x02, 0x24, 0x23, 0x28, 0x00, 0x00,
        0x00, 0x00, 0x00, 0x00, 0x60, 0x65, 0x00, 0x00, 0x00, 0x00, 0x00, 0x00,
        0x23, 0x28, 0x00, 0x00, 0x00, 0x00, 0x00, 0x00, 0x60, 0x65, 0x00, 0x00,
        0x00, 0x00, 0x00, 0x00, 0x00, 0x05, 0x00, 0x00, 0x00, 0x00, 0x00, 0x00,
        0x00, 0x05, 0x00, 0x00, 0x00, 0x00, 0x00, 0x00, 0x00, 0x05, 0x00, 0x00,
        0x00, 0x00, 0x00, 0x00, 0x00, 0x05, 0x00, 0x00, 0x00, 0x00, 0x00, 0x00,
        0x10, 0x15, 0xB6, 0x61, 0xDB, 0xB6, 0x6D, 0xDB, 0x9C, 0x00, 0xD8, 0x83,
        0x35, 0x10, 0x0F, 0xD1, 0x4B, 0x00, 0x94, 0x60, 0x4E, 0x29, 0x97, 0x97,
        0x0F, 0x14, 0xB6, 0x6D, 0xDB, 0xB6, 0x0D, 0xDB, 0x00, 0x05, 0x00, 0x00,
        0x00, 0x00, 0x00, 0x00, 0x00, 0x05, 0x00, 0x00, 0x00, 0x00, 0x00, 0x00,
        0x00, 0x05, 0x00, 0x00, 0x00, 0x00, 0x00, 0x00, 0x00, 0x05, 0x00, 0x00,
        0x00, 0x00, 0x00, 0x00, 0x5D, 0x00, 0x68, 0x02, 0x26, 0xD8, 0x03, 0x39,
        0x4F, 0x00, 0x49, 0x91, 0x64, 0x49, 0x9A, 0xE4, 0x00, 0x05, 0x00, 0x00,
        0x00, 0x00, 0x00, 0x00, 0x8B, 0x30, 0x13, 0xD0, 0x49, 0xEF, 0x16, 0x73,
        0x00, 0x05, 0x00, 0x00, 0x00, 0x00, 0x00, 0x00, 0x00, 0x05, 0x00, 0x00,
        0x00, 0x00, 0x00, 0x00, 0x00, 0x05, 0x00, 0x00, 0x00, 0x00, 0x00, 0x00,
        0x00, 0x05, 0x00, 0x00, 0x00, 0x00, 0x00, 0x00, 0x3D, 0x32, 0x98, 0x83,
        0xF9, 0x98, 0x8D, 0xD5, 0x4F, 0x42, 0xE7, 0xF0, 0x12, 0x37, 0x15, 0x73,
        0x2E, 0x33, 0x14, 0x40, 0x02, 0xE4, 0x50, 0x52, 0x4F, 0x54, 0x68, 0x0B,
        0xB5, 0x00, 0x0B, 0xA0, 0x44, 0x2C, 0x0F, 0xFA, 0x83, 0x3F, 0xF8, 0x83,
        0x56, 0x0C, 0x40, 0x0E, 0xE4, 0x40, 0x0E, 0xE4, 0x33, 0x27, 0xF3, 0x23,
        0xFA, 0xA0, 0x0F, 0xDA, 0x30, 0x19, 0xE6, 0xF0, 0x4E, 0x2F, 0x17, 0x77,
        0x24, 0x29, 0x13, 0x30, 0x09, 0x9C, 0xD4, 0x4D, 0x3D, 0x2C, 0x9D, 0xE0,
        0x4E, 0x2F, 0x17, 0x97, 0x01, 0x06, 0xB6, 0x65, 0x1B, 0xB6, 0x61, 0xDB,
        0x85, 0xB2, 0xA1, 0x10, 0x0A, 0xE1, 0x14, 0x4E, 0x09, 0x02, 0xE6, 0xF0,
        0x52, 0x31, 0x97, 0x97, 0x86, 0x73, 0xEC, 0xB3, 0xFA, 0x5A, 0x8D, 0xD1,
        0x23, 0x07, 0x3F, 0xF0, 0x03, 0x39, 0x90, 0x00, 0x77, 0x60, 0x5B, 0xA2,
        0x25, 0x50, 0x02, 0x24, 0x23, 0x28, 0x00, 0x00, 0x00, 0x00, 0x00, 0x00,
        0x60, 0x65, 0x00, 0x00, 0x00, 0x00, 0x00, 0x00, 0x23, 0x28, 0x00, 0x00,
        0x00, 0x00, 0x00, 0x00, 0x60, 0x65, 0x00, 0x00, 0x00, 0x00, 0x00, 0x00,
        0x00, 0x05, 0x00, 0x00, 0x00, 0x00, 0x00, 0x00, 0x00, 0x05, 0x00, 0x00,
        0x00, 0x00, 0x00, 0x00, 0x00, 0x05, 0x00, 0x00, 0x00, 0x00, 0x00, 0x00,
        0x00, 0x05, 0x00, 0x00, 0x00, 0x00, 0x00, 0x00, 0x00, 0x05, 0x00, 0x00,
        0x00, 0x00, 0x00, 0x00, 0x9D, 0x09, 0x98, 0x03, 0xF5, 0x10, 0x0D, 0xAD,
        0x42, 0x00, 0x9E, 0x90, 0x4E, 0x79, 0x97, 0xB8, 0x04, 0x1F, 0xB6, 0x6D,
        0xDB, 0xB3, 0x1D, 0xD8, 0x00, 0x05, 0x00, 0x00, 0x00, 0x00, 0x00, 0x00,
        0x00, 0x05, 0x00, 0x00, 0x00, 0x00, 0x00, 0x00, 0x00, 0x05, 0x00, 0x00,
        0x00, 0x00, 0x00, 0x00, 0x00, 0x05, 0x00, 0x00, 0x00, 0x00, 0x00, 0x00,
        0x5D, 0x00, 0x60, 0x82, 0x3D, 0x90, 0x03, 0x35, 0x04, 0x36, 0x36, 0x62,
        0x9B, 0xB6, 0x65, 0xDB, 0x00, 0x05, 0x00, 0x00, 0x00, 0x00, 0x00, 0x00,
        0x82, 0x1F, 0x9C, 0x50, 0x4E, 0x2F, 0x17, 0x77, 0x00, 0x05, 0x00, 0x00,
        0x00, 0x00, 0x00, 0x00, 0x00, 0x05, 0x00, 0x00, 0x00, 0x00, 0x00, 0x00,
        0x00, 0x05, 0x00, 0x00, 0x00, 0x00, 0x00, 0x00, 0x00, 0x05, 0x00, 0x00,
        0x00, 0x00, 0x00, 0x00, 0x34, 0x3D, 0xA1, 0x10, 0x4A, 0xE1, 0x14, 0x4E,
        0x4F, 0x42, 0x2F, 0x71, 0x53, 0x31, 0x17, 0x93, 0x2E, 0x34, 0x24, 0x40,
        0x0E, 0x25, 0x15, 0x92, 0x4E, 0x53, 0x5A, 0x22, 0x35, 0x92, 0x02, 0x89,
        0x2E, 0x45, 0x40, 0x06, 0x64, 0x40, 0x08, 0x84, 0x53, 0x0C, 0x40, 0x0E,
        0xE4, 0x40, 0x0E, 0xE4, 0x34, 0x28, 0xEB, 0x23, 0x3A, 0xA0, 0x8F, 0xF5,
        0x2D, 0x18, 0xE7, 0xF0, 0x4E, 0x31, 0x17, 0x77, 0x24, 0x29, 0x93, 0xC0,
        0x49, 0xDD, 0x54, 0x4E, 0x3A, 0x2A, 0xA5, 0x60, 0x4E, 0x2F, 0x17, 0x97,
        0x01, 0x06, 0xB6, 0x61, 0x1B, 0xB6, 0x6D, 0xDB, 0xB2, 0x88, 0xE0, 0x03,
        0x3A, 0xA0, 0x8F, 0xF5, 0x08, 0x01, 0xE6, 0xF0, 0x4E, 0x37, 0x97, 0x97,
        0x88, 0x76, 0xF4, 0x23, 0xFA, 0x62, 0x8F, 0xD1, 0x23, 0x07, 0x3F, 0x90,
        0x03, 0x09, 0x90, 0x00, 0x79, 0x60, 0x5B, 0xA2, 0x25, 0x50, 0x02, 0x25,
        0x23, 0x28, 0x00, 0x00, 0x00, 0x00, 0x00, 0x00, 0x60, 0x65, 0x00, 0x00,
        0x00, 0x00, 0x00, 0x00, 0x23, 0x28, 0x00, 0x00, 0x00, 0x00, 0x00, 0x00,
        0x60, 0x65, 0x00, 0x00, 0x00, 0x00, 0x00, 0x00, 0x00, 0x05, 0x00, 0x00,
        0x00, 0x00, 0x00, 0x00, 0x00, 0x05, 0x00, 0x00, 0x00, 0x00, 0x00, 0x00,
        0x00, 0x05, 0x00, 0x00, 0x00, 0x00, 0x00, 0x00, 0x00, 0x05, 0x00, 0x00,
        0x00, 0x00, 0x00, 0x00, 0x00, 0x05, 0x00, 0x00, 0x00, 0x00, 0x00, 0x00,
        0x9E, 0x43, 0x50, 0x03, 0xF1, 0x10, 0x0D, 0xAD, 0x03, 0x20, 0xF6, 0x62,
        0x83, 0xB6, 0x65, 0xDB, 0x46, 0x00, 0x4D, 0x32, 0x27, 0xEA, 0x03, 0x3A,
        0x00, 0x05, 0x00, 0x00, 0x00, 0x00, 0x00, 0x00, 0x00, 0x05, 0x00, 0x00,
        0x00, 0x00, 0x00, 0x00, 0x00, 0x05, 0x00, 0x00, 0x00, 0x00, 0x00, 0x00,
        0x00, 0x05, 0x00, 0x00, 0x00, 0x00, 0x00, 0x00, 0x5E, 0x03, 0x50, 0x03,
        0xF1, 0x10, 0x0D, 0xAD, 0x00, 0x05, 0x00, 0x00, 0x00, 0x00, 0x00, 0x00,
        0x07, 0x0C, 0xB6, 0x6D, 0xDB, 0xB6, 0x0D, 0xDB, 0x60, 0x00, 0xA6, 0xF0,
        0x4E, 0x31, 0x97, 0x97, 0x00, 0x05, 0x00, 0x00, 0x00, 0x00, 0x00, 0x00,
        0x00, 0x05, 0x00, 0x00, 0x00, 0x00, 0x00, 0x00, 0x00, 0x05, 0x00, 0x00,
        0x00, 0x00, 0x00, 0x00, 0x00, 0x05, 0x00, 0x00, 0x00, 0x00, 0x00, 0x00,
        0x3D, 0x35, 0x60, 0x83, 0x31, 0x18, 0x03, 0x31, 0x4A, 0x42, 0x21, 0x10,
        0x02, 0xA1, 0x10, 0x0E, 0x31, 0x36, 0x04, 0x50, 0x00, 0x1D, 0x50, 0x02,
        0x4A, 0x51, 0x6C, 0xB3, 0xB6, 0x68, 0x0B, 0xB6, 0x45, 0x2E, 0x09, 0xF8,
        0x80, 0x0F, 0xF8, 0x83, 0x53, 0x0C, 0x40, 0x0E, 0x24, 0x40, 0x02, 0x24,
        0x37, 0x2A, 0xAB, 0xA3, 0xFA, 0xA0, 0x0F, 0xDA, 0x26, 0x15, 0xEF, 0xF0,
        0x0E, 0x29, 0x15, 0x73, 0x2C, 0x25, 0xF5, 0xC3, 0xFA, 0xAB, 0x2F, 0xD6,
        0x33, 0x25, 0xA6, 0xF0, 0x0E, 0x37, 0x97, 0x77, 0x00, 0x05, 0x00, 0x00,
        0x00, 0x00, 0x00, 0x00, 0xB3, 0x8F, 0xA0, 0x03, 0x3A, 0x98, 0x8F, 0xF5,
        0x01, 0x06, 0x10, 0x0B, 0xAD, 0x90, 0x68, 0x69, 0x8E, 0x7C, 0xEB, 0x23,
        0x3A, 0xA2, 0x8F, 0xD5, 0x05, 0x23, 0x40, 0x02, 0x24, 0x40, 0x02, 0x24,
        0x7E, 0x60, 0x5A, 0x22, 0x25, 0x50, 0x02, 0x25, 0x23, 0x28, 0x00, 0x00,
        0x00, 0x00, 0x00, 0x00, 0x60, 0x65, 0x00, 0x00, 0x00, 0x00, 0x00, 0x00,
        0x23, 0x28, 0x00, 0x00, 0x00, 0x00, 0x00, 0x00, 0x60, 0x65, 0x00, 0x00,
        0x00, 0x00, 0x00, 0x00, 0x00, 0x05, 0x00, 0x00, 0x00, 0x00, 0x00, 0x00,
        0x00, 0x05, 0x00, 0x00, 0x00, 0x00, 0x00, 0x00, 0x00, 0x05, 0x00, 0x00,
        0x00, 0x00, 0x00, 0x00, 0x00, 0x05, 0x00, 0x00, 0x00, 0x00, 0x00, 0x00,
        0x00, 0x05, 0x00, 0x00, 0x00, 0x00, 0x00, 0x00, 0x9E, 0x50, 0x50, 0x03,
        0xF1, 0x10, 0x0D, 0xCD, 0x03, 0x14, 0x36, 0x62, 0x7B, 0xB6, 0x6D, 0xDB,
        0x50, 0x00, 0x74, 0xB2, 0x3E, 0xA2, 0x83, 0xF5, 0x00, 0x05, 0x00, 0x00,
        0x00, 0x00, 0x00, 0x00, 0x00, 0x05, 0x00, 0x00, 0x00, 0x00, 0x00, 0x00,
        0x00, 0x05, 0x00, 0x00, 0x00, 0x00, 0x00, 0x00, 0x00, 0x05, 0x00, 0x00,
        0x00, 0x00, 0x00, 0x00, 0x5E, 0x10, 0x50, 0x03, 0xF1, 0x10, 0x0D, 0xAD,
        0x00, 0x05, 0x00, 0x00, 0x00, 0x00, 0x00, 0x00, 0x07, 0x10, 0xB6, 0x6D,
        0xDB, 0xB0, 0x1D, 0xDB, 0x04, 0x54, 0x62, 0x83, 0xB1, 0xD6, 0x6A, 0x8C,
        0x00, 0x05, 0x00, 0x00, 0x00, 0x00, 0x00, 0x00, 0x00, 0x05, 0x00, 0x00,
        0x00, 0x00, 0x00, 0x00, 0x00, 0x05, 0x00, 0x00, 0x00, 0x00, 0x00, 0x00,
        0x00, 0x05, 0x00, 0x00, 0x00, 0x00, 0x00, 0x00, 0x3D, 0x35, 0x18, 0x83,
        0x31, 0x10, 0x03, 0xF0, 0x4A, 0x42, 0x21, 0x10, 0x0A, 0xE1, 0x10, 0x12,
        0x31, 0x36, 0x05, 0xD0, 0x01, 0x25, 0xD0, 0x02, 0x4A, 0x4F, 0x4B, 0x82,
        0x24, 0x68, 0x82, 0x25, 0x45, 0x2E, 0x0F, 0xF8, 0x80, 0x3F, 0xF8, 0x63,
        0x53, 0x0B, 0x40, 0x0E, 0xE4, 0x40, 0x0E, 0x24, 0x37, 0x2B, 0xEA, 0x03,
        0x3A, 0xA0, 0x0F, 0xF6, 0x25, 0x14, 0xEF, 0xF0, 0x4E, 0x29, 0x15, 0x73,
        0x26, 0x2B, 0x9C, 0xD0, 0x09, 0xE1, 0x94, 0x4E, 0x32, 0x24, 0xE6, 0xF0,
        0x72, 0x31, 0x97, 0x97, 0x00, 0x05, 0x00, 0x00, 0x00, 0x00, 0x00, 0x00,
        0xB3, 0x91, 0xA0, 0x83, 0x39, 0x58, 0x8F, 0xF5, 0x01, 0x06, 0xD0, 0x0A,
        0x89, 0x96, 0x66, 0x68, 0x8F, 0x7D, 0xAB, 0x23, 0xFA, 0x60, 0x8D, 0xD1,
        0x23, 0x04, 0x39, 0x90, 0x00, 0x09, 0x90, 0x00, 0x7F, 0x60, 0x5A, 0x22,
        0x25, 0x50, 0x02, 0x25, 0x23, 0x28, 0x00, 0x00, 0x00, 0x00, 0x00, 0x00,
        0x60, 0x65, 0x00, 0x00, 0x00, 0x00, 0x00, 0x00, 0x23, 0x28, 0x00, 0x00,
        0x00, 0x00, 0x00, 0x00, 0x60, 0x65, 0x00, 0x00, 0x00, 0x00, 0x00, 0x00,
        0x00, 0x05, 0x00, 0x00, 0x00, 0x00, 0x00, 0x00, 0x00, 0x05, 0x00, 0x00,
        0x00, 0x00, 0x00, 0x00, 0x00, 0x05, 0x00, 0x00, 0x00, 0x00, 0x00, 0x00,
        0x00, 0x05, 0x00, 0x00, 0x00, 0x00, 0x00, 0x00, 0x00, 0x05, 0x00, 0x00,
        0x00, 0x00, 0x00, 0x00, 0x9E, 0x6B, 0x10, 0x03, 0xF1, 0x10, 0x0D, 0xCC,
        0x00, 0x05, 0x00, 0x00, 0x00, 0x00, 0x00, 0x00, 0x66, 0x0C, 0xAB, 0x23,
        0xFA, 0x58, 0x8D, 0xD1, 0x00, 0x05, 0x00, 0x00, 0x00, 0x00, 0x00, 0x00,
        0x00, 0x05, 0x00, 0x00, 0x00, 0x00, 0x00, 0x00, 0x00, 0x05, 0x00, 0x00,
        0x00, 0x00, 0x00, 0x00, 0x00, 0x05, 0x00, 0x00, 0x00, 0x00, 0x00, 0x00,
        0x5F, 0x2C, 0x50, 0x03, 0xF1, 0x10, 0x0D, 0xCD, 0x00, 0x05, 0x00, 0x00,
        0x00, 0x00, 0x00, 0x00, 0x26, 0x00, 0x4D, 0xB2, 0x24, 0x72, 0x82, 0x26,
        0x03, 0x33, 0x16, 0x63, 0xAF, 0xB6, 0x68, 0x63, 0x00, 0x05, 0x00, 0x00,
        0x00, 0x00, 0x00, 0x00, 0x00, 0x05, 0x00, 0x00, 0x00, 0x00, 0x00, 0x00,
        0x00, 0x05, 0x00, 0x00, 0x00, 0x00, 0x00, 0x00, 0x00, 0x05, 0x00, 0x00,
        0x00, 0x00, 0x00, 0x00, 0x3D, 0x36, 0x50, 0x03, 0xD5, 0x40, 0x0B, 0xB4,
        0x42, 0x4A, 0x20, 0x03, 0x32, 0x20, 0x83, 0xB1, 0x31, 0x36, 0x2D, 0xD0,
        0x0E, 0x2D, 0xD1, 0x16, 0x4A, 0x4F, 0x58, 0x02, 0x24, 0x40, 0x03, 0x2C,
        0x31, 0x46, 0x40, 0x08, 0x84, 0x40, 0x08, 0x84, 0x4F, 0x0B, 0x40, 0x0E,
        0xE4, 0x40, 0x0E, 0x24, 0x39, 0x2D, 0xAA, 0x03, 0xFA, 0xA0, 0x0F, 0xF6,
        0x20, 0x13, 0xEF, 0xF0, 0x0E, 0x31, 0x15, 0x73, 0x27, 0x2D, 0xA5, 0x50,
        0x4A, 0x29, 0x95, 0x52, 0x2C, 0x20, 0xA6, 0xF0, 0x0E, 0xEF, 0x14, 0x73,
        0x00, 0x05, 0x00, 0x00, 0x00, 0x00, 0x00, 0x00, 0xB4, 0x96, 0xA0, 0x03,
        0x3A, 0x58, 0x8F, 0xF5, 0x01, 0x06, 0x86, 0x66, 0x48, 0xB6, 0x64, 0x43,
        0x94, 0x82, 0xAB, 0x23, 0xFA, 0x60, 0x8F, 0xD5, 0x23, 0x02, 0x39, 0x90,
        0x03, 0x09, 0x90, 0x00, 0x83, 0x60, 0x52, 0x22, 0x25, 0x50, 0x02, 0x25,
        0x23, 0x28, 0x00, 0x00, 0x00, 0x00, 0x00, 0x00, 0x60, 0x65, 0x00, 0x00,
        0x00, 0x00, 0x00, 0x00, 0x23, 0x28, 0x00, 0x00, 0x00, 0x00, 0x00, 0x00,
        0x60, 0x65, 0x00, 0x00, 0x00, 0x00, 0x00, 0x00, 0x00, 0x05, 0x00, 0x00,
        0x00, 0x00, 0x00, 0x00, 0x00, 0x05, 0x00, 0x00, 0x00, 0x00, 0x00, 0x00,
        0x00, 0x05, 0x00, 0x00, 0x00, 0x00, 0x00, 0x00, 0x00, 0x05, 0x00, 0x00,
        0x00, 0x00, 0x00, 0x00, 0x00, 0x05, 0x00, 0x00, 0x00, 0x00, 0x00, 0x00,
        0x9E, 0x00, 0x80, 0x06, 0x68, 0x80, 0x96, 0x24, 0x00, 0x05, 0x00, 0x00,
        0x00, 0x00, 0x00, 0x00, 0x16, 0x66, 0xA5, 0x10, 0x4E, 0xE9, 0x64, 0xDB,
        0x00, 0x05, 0x00, 0x00, 0x00, 0x00, 0x00, 0x00, 0x00, 0x05, 0x00, 0x00,
        0x00, 0x00, 0x00, 0x00, 0x00, 0x05, 0x00, 0x00, 0x00, 0x00, 0x00, 0x00,
        0x00, 0x05, 0x00, 0x00, 0x00, 0x00, 0x00, 0x00, 0x32, 0x5F, 0x29, 0x91,
        0x52, 0x29, 0x25, 0xDB, 0x00, 0x05, 0x00, 0x00, 0x00, 0x00, 0x00, 0x00,
        0x26, 0x00, 0x4B, 0x22, 0x27, 0x68, 0x92, 0x24, 0x29, 0x00, 0x09, 0x91,
        0x78, 0xC9, 0x99, 0x24, 0x00, 0x05, 0x00, 0x00, 0x00, 0x00, 0x00, 0x00,
        0x00, 0x05, 0x00, 0x00, 0x00, 0x00, 0x00, 0x00, 0x00, 0x05, 0x00, 0x00,
        0x00, 0x00, 0x00, 0x00, 0x00, 0x05, 0x00, 0x00, 0x00, 0x00, 0x00, 0x00,
        0x38, 0x3D, 0xA9, 0x90, 0x48, 0x89, 0x64, 0xDB, 0x42, 0x4A, 0x20, 0x03,
        0x32, 0x18, 0x6B, 0xDB, 0x31, 0x36, 0xED, 0xD0, 0x12, 0x6D, 0x61, 0xDB,
        0x4A, 0x4F, 0x40, 0x02, 0x34, 0xC0, 0x62, 0xDB, 0x31, 0x46, 0x40, 0x08,
        0x84, 0x40, 0x68, 0xDB, 0x0B, 0x4F, 0x09, 0x90, 0x00, 0x09, 0x60, 0xDB,
        0x2E, 0x39, 0x99, 0x10, 0x0A, 0xE1, 0x60, 0xDB, 0x13, 0x20, 0x58, 0x83,
        0xB1, 0x10, 0x6B, 0xDB, 0x28, 0x2D, 0x1C, 0x10, 0x0E, 0xE1, 0x60, 0xDB,
        0x20, 0x2C, 0x1A, 0xA3, 0xB1, 0x10, 0x69, 0xDB, 0x00, 0x05, 0x00, 0x00,
        0x00, 0x00, 0x00, 0x00, 0x98, 0xB4, 0xA1, 0x10, 0x0E, 0xE1, 0x60, 0xDB,
        0x01, 0x06, 0x86, 0x64, 0x4B, 0x36, 0x64, 0xDB, 0x84, 0x94, 0xA5, 0x10,
        0x0E, 0xE1, 0x64, 0xDB, 0x02, 0x23, 0x40, 0x02, 0x24, 0x40, 0x62, 0xDB,
        0x60, 0x83, 0x29, 0x90, 0x02, 0x09, 0x60, 0xDB, 0x23, 0x28, 0x00, 0x00,
        0x00, 0x00, 0x60, 0xDB, 0x60, 0x65, 0x00, 0x00, 0x00, 0x00, 0x60, 0xDB,
        0x23, 0x28, 0x00, 0x00, 0x00, 0x00, 0x60, 0xDB, 0x60, 0x65, 0x00, 0x00,
        0x00, 0x00, 0x60, 0xDB, 0x00, 0x05, 0x00, 0x00, 0x00, 0x00, 0x00, 0x00,
        0x00, 0x05, 0x00, 0x00, 0x00, 0x00, 0x00, 0x00, 0x00, 0x05, 0x00, 0x00,
        0x00, 0x00, 0x00, 0x00, 0x00, 0x05, 0x00, 0x00, 0x00, 0x00, 0x00, 0x00,
        0x00, 0x05, 0x00, 0x00, 0x00, 0x00, 0x00, 0x00, 0x07, 0x1C, 0xB0, 0x3D,
        0xDB, 0xB5, 0x1D, 0xD9, 0x00, 0x05, 0x00, 0x00, 0x00, 0x00, 0x00, 0x00,
        0x00, 0x05, 0x00, 0x00, 0x00, 0x00, 0x00, 0x00, 0x00, 0x05, 0x00, 0x00,
        0x00, 0x00, 0x00, 0x00, 0x00, 0x05, 0x00, 0x00, 0x00, 0x00, 0x00, 0x00,
        0x00, 0x05, 0x00, 0x00, 0x00, 0x00, 0x00, 0x00, 0x00, 0x05, 0x00, 0x00,
        0x00, 0x00, 0x00, 0x00, 0xC8, 0x00, 0x4E, 0xC2, 0x24, 0x4A, 0x82, 0x26,
        0x00, 0x05, 0x00, 0x00, 0x00, 0x00, 0x00, 0x00, 0x00, 0x05, 0x00, 0x00,
        0x00, 0x00, 0x00, 0x00, 0x00, 0x05, 0x00, 0x00, 0x00, 0x00, 0x00, 0x00,
        0x00, 0x05, 0x00, 0x00, 0x00, 0x00, 0x00, 0x00, 0x00, 0x05, 0x00, 0x00,
        0x00, 0x00, 0x00, 0x00, 0x00, 0x05, 0x00, 0x00, 0x00, 0x00, 0x00, 0x00,
        0x00, 0x05, 0x00, 0x00, 0x00, 0x00, 0x00, 0x00, 0x00, 0x05, 0x00, 0x00,
        0x00, 0x00, 0x00, 0x00, 0x00, 0x05, 0x00, 0x00, 0x00, 0x00, 0x00, 0x00,
        0x00, 0x05, 0x00, 0x00, 0x00, 0x00, 0x00, 0x00, 0x00, 0x05, 0x00, 0x00,
        0x00, 0x00, 0x00, 0x00, 0x00, 0x05, 0x00, 0x00, 0x00, 0x00, 0x00, 0x00,
        0x00, 0x05, 0x00, 0x00, 0x00, 0x00, 0x00, 0x00, 0x00, 0x05, 0x00, 0x00,
        0x00, 0x00, 0x00, 0x00, 0x00, 0x05, 0x00, 0x00, 0x00, 0x00, 0x00, 0x00,
        0x00, 0x05, 0x00, 0x00, 0x00, 0x00, 0x00, 0x00, 0x00, 0x05, 0x00, 0x00,
        0x00, 0x00, 0x00, 0x00, 0x00, 0x05, 0x00, 0x00, 0x00, 0x00, 0x00, 0x00,
        0x00, 0x05, 0x00, 0x00, 0x00, 0x00, 0x00, 0x00, 0x00, 0x05, 0x00, 0x00,
        0x00, 0x00, 0x00, 0x00, 0x00, 0x05, 0x00, 0x00, 0x00, 0x00, 0x00, 0x00,
        0x00, 0x05, 0x00, 0x00, 0x00, 0x00, 0x00, 0x00, 0x00, 0x05, 0x00, 0x00,
        0x00, 0x00, 0x00, 0x00, 0x00, 0x05, 0x00, 0x00, 0x00, 0x00, 0x00, 0x00,
        0x00, 0x05, 0x00, 0x00, 0x00, 0x00, 0x00, 0x00, 0x00, 0x05, 0x00, 0x00,
        0x00, 0x00, 0x00, 0x00, 0x00, 0x05, 0x00, 0x00, 0x00, 0x00, 0x00, 0x00,
        0x00, 0x05, 0x00, 0x00, 0x00, 0x00, 0x00, 0x00, 0x00, 0x05, 0x00, 0x00,
        0x00, 0x00, 0x00, 0x00, 0x00, 0x05, 0x00, 0x00, 0x00, 0x00, 0x00, 0x00,
        0x00, 0x05, 0x00, 0x00, 0x00, 0x00, 0x00, 0x00, 0x00, 0x05, 0x00, 0x00,
        0x00, 0x00, 0x00, 0x00, 0x0B, 0x1E, 0xB2, 0x5D, 0xDB, 0x81, 0x9D, 0xD9,
        0x00, 0x05, 0x00, 0x00, 0x00, 0x00, 0x00, 0x00, 0x00, 0x05, 0x00, 0x00,
        0x00, 0x00, 0x00, 0x00, 0x00, 0x05, 0x00, 0x00, 0x00, 0x00, 0x00, 0x00,
        0x00, 0x05, 0x00, 0x00, 0x00, 0x00, 0x00, 0x00, 0x00, 0x05, 0x00, 0x00,
        0x00, 0x00, 0x00, 0x00, 0x00, 0x05, 0x00, 0x00, 0x00, 0x00, 0x00, 0x00,
        0xD2, 0x00, 0x4C, 0xA2, 0x24, 0x68, 0x02, 0x26, 0x00, 0x05, 0x00, 0x00,
        0x00, 0x00, 0x00, 0x00, 0x00, 0x05, 0x00, 0x00, 0x00, 0x00, 0x00, 0x00,
        0x00, 0x05, 0x00, 0x00, 0x00, 0x00, 0x00, 0x00, 0x00, 0x05, 0x00, 0x00,
        0x00, 0x00, 0x00, 0x00, 0x00, 0x05, 0x00, 0x00, 0x00, 0x00, 0x00, 0x00,
        0x00, 0x05, 0x00, 0x00, 0x00, 0x00, 0x00, 0x00, 0x00, 0x05, 0x00, 0x00,
        0x00, 0x00, 0x00, 0x00, 0x00, 0x05, 0x00, 0x00, 0x00, 0x00, 0x00, 0x00,
        0x00, 0x05, 0x00, 0x00, 0x00, 0x00, 0x00, 0x00, 0x00, 0x05, 0x00, 0x00,
        0x00, 0x00, 0x00, 0x00, 0x00, 0x05, 0x00, 0x00, 0x00, 0x00, 0x00, 0x00,
        0x00, 0x05, 0x00, 0x00, 0x00, 0x00, 0x00, 0x00, 0x00, 0x05, 0x00, 0x00,
        0x00, 0x00, 0x00, 0x00, 0x00, 0x05, 0x00, 0x00, 0x00, 0x00, 0x00, 0x00,
        0x00, 0x05, 0x00, 0x00, 0x00, 0x00, 0x00, 0x00, 0x00, 0x05, 0x00, 0x00,
        0x00, 0x00, 0x00, 0x00, 0x00, 0x05, 0x00, 0x00, 0x00, 0x00, 0x00, 0x00,
        0x00, 0x05, 0x00, 0x00, 0x00, 0x00, 0x00, 0x00, 0x00, 0x05, 0x00, 0x00,
        0x00, 0x00, 0x00, 0x00, 0x00, 0x05, 0x00, 0x00, 0x00, 0x00, 0x00, 0x00,
        0x00, 0x05, 0x00, 0x00, 0x00, 0x00, 0x00, 0x00, 0x00, 0x05, 0x00, 0x00,
        0x00, 0x00, 0x00, 0x00, 0x00, 0x05, 0x00, 0x00, 0x00, 0x00, 0x00, 0x00,
        0x00, 0x05, 0x00, 0x00, 0x00, 0x00, 0x00, 0x00, 0x00, 0x05, 0x00, 0x00,
        0x00, 0x00, 0x00, 0x00, 0x00, 0x05, 0x00, 0x00, 0x00, 0x00, 0x00, 0x00,
        0x00, 0x05, 0x00, 0x00, 0x00, 0x00, 0x00, 0x00, 0x00, 0x05, 0x00, 0x00,
        0x00, 0x00, 0x00, 0x00, 0x00, 0x05, 0x00, 0x00, 0x00, 0x00, 0x00, 0x00,
        0x00, 0x05, 0x00, 0x00, 0x00, 0x00, 0x00, 0x00, 0x00, 0x05, 0x00, 0x00,
        0x00, 0x00, 0x00, 0x00, 0x00, 0x05, 0x00, 0x00, 0x00, 0x00, 0x00, 0x00,
        0x1F, 0x00, 0x60, 0x82, 0x3D, 0x58, 0x03, 0xF5, 0x00, 0x05, 0x00, 0x00,
        0x00, 0x00, 0x00, 0x00, 0x00, 0x05, 0x00, 0x00, 0x00, 0x00, 0x00, 0x00,
        0x00, 0x05, 0x00, 0x00, 0x00, 0x00, 0x00, 0x00, 0x00, 0x05, 0x00, 0x00,
        0x00, 0x00, 0x00, 0x00, 0x00, 0x05, 0x00, 0x00, 0x00, 0x00, 0x00, 0x00,
        0x00, 0x05, 0x00, 0x00, 0x00, 0x00, 0x00, 0x00, 0xDA, 0x00, 0x60, 0x82,
        0x39, 0x50, 0x03, 0xF1, 0x00, 0x05, 0x00, 0x00, 0x00, 0x00, 0x00, 0x00,
        0x00, 0x05, 0x00, 0x00, 0x00, 0x00, 0x00, 0x00, 0x00, 0x05, 0x00, 0x00,
        0x00, 0x00, 0x00, 0x00, 0x00, 0x05, 0x00, 0x00, 0x00, 0x00, 0x00, 0x00,
        0x00, 0x05, 0x00, 0x00, 0x00, 0x00, 0x00, 0x00, 0x00, 0x05, 0x00, 0x00,
        0x00, 0x00, 0x00, 0x00, 0x00, 0x05, 0x00, 0x00, 0x00, 0x00, 0x00, 0x00,
        0x00, 0x05, 0x00, 0x00, 0x00, 0x00, 0x00, 0x00, 0x00, 0x05, 0x00, 0x00,
        0x00, 0x00, 0x00, 0x00, 0x00, 0x05, 0x00, 0x00, 0x00, 0x00, 0x00, 0x00,
        0x00, 0x05, 0x00, 0x00, 0x00, 0x00, 0x00, 0x00, 0x00, 0x05, 0x00, 0x00,
        0x00, 0x00, 0x00, 0x00, 0x00, 0x05, 0x00, 0x00, 0x00, 0x00, 0x00, 0x00,
        0x00, 0x05, 0x00, 0x00, 0x00, 0x00, 0x00, 0x00, 0x00, 0x05, 0x00, 0x00,
        0x00, 0x00, 0x00, 0x00, 0x00, 0x05, 0x00, 0x00, 0x00, 0x00, 0x00, 0x00,
        0x00, 0x05, 0x00, 0x00, 0x00, 0x00, 0x00, 0x00, 0x00, 0x05, 0x00, 0x00,
        0x00, 0x00, 0x00, 0x00, 0x00, 0x05, 0x00, 0x00, 0x00, 0x00, 0x00, 0x00,
        0x00, 0x05, 0x00, 0x00, 0x00, 0x00, 0x00, 0x00, 0x00, 0x05, 0x00, 0x00,
        0x00, 0x00, 0x00, 0x00, 0x00, 0x05, 0x00, 0x00, 0x00, 0x00, 0x00, 0x00,
        0x00, 0x05, 0x00, 0x00, 0x00, 0x00, 0x00, 0x00, 0x00, 0x05, 0x00, 0x00,
        0x00, 0x00, 0x00, 0x00, 0x00, 0x05, 0x00, 0x00, 0x00, 0x00, 0x00, 0x00,
        0x00, 0x05, 0x00, 0x00, 0x00, 0x00, 0x00, 0x00, 0x00, 0x05, 0x00, 0x00,
        0x00, 0x00, 0x00, 0x00, 0x00, 0x05, 0x00, 0x00, 0x00, 0x00, 0x00, 0x00,
        0x00, 0x05, 0x00, 0x00, 0x00, 0x00, 0x00, 0x00, 0x00, 0x05, 0x00, 0x00,
        0x00, 0x00, 0x00, 0x00, 0x00, 0x05, 0x00, 0x00, 0x00, 0x00, 0x00, 0x00,
        0x00, 0x05, 0x00, 0x00, 0x00, 0x00, 0x00, 0x00, 0x1F, 0x00, 0xD8, 0x83,
        0x35, 0x50, 0x0F, 0xD1, 0x00, 0x05, 0x00, 0x00, 0x00, 0x00, 0x00, 0x00,
        0x00, 0x05, 0x00, 0x00, 0x00, 0x00, 0x00, 0x00, 0x00, 0x05, 0x00, 0x00,
        0x00, 0x00, 0x00, 0x00, 0x00, 0x05, 0x00, 0x00, 0x00, 0x00, 0x00, 0x00,
        0x00, 0x05, 0x00, 0x00, 0x00, 0x00, 0x00, 0x00, 0x00, 0x05, 0x00, 0x00,
        0x00, 0x00, 0x00, 0x00, 0xDB, 0x00, 0x98, 0x03, 0x35, 0x10, 0x0F, 0xD1,
        0x00, 0x05, 0x00, 0x00, 0x00, 0x00, 0x00, 0x00, 0x00, 0x05, 0x00, 0x00,
        0x00, 0x00, 0x00, 0x00, 0x00, 0x05, 0x00, 0x00, 0x00, 0x00, 0x00, 0x00,
        0x00, 0x05, 0x00, 0x00, 0x00, 0x00, 0x00, 0x00, 0x00, 0x05, 0x00, 0x00,
        0x00, 0x00, 0x00, 0x00, 0x00, 0x05, 0x00, 0x00, 0x00, 0x00, 0x00, 0x00,
        0x00, 0x05, 0x00, 0x00, 0x00, 0x00, 0x00, 0x00, 0x00, 0x05, 0x00, 0x00,
        0x00, 0x00, 0x00, 0x00, 0x00, 0x05, 0x00, 0x00, 0x00, 0x00, 0x00, 0x00,
        0x00, 0x05, 0x00, 0x00, 0x00, 0x00, 0x00, 0x00, 0x00, 0x05, 0x00, 0x00,
        0x00, 0x00, 0x00, 0x00, 0x00, 0x05, 0x00, 0x00, 0x00, 0x00, 0x00, 0x00,
        0x00, 0x05, 0x00, 0x00, 0x00, 0x00, 0x00, 0x00, 0x00, 0x05, 0x00, 0x00,
        0x00, 0x00, 0x00, 0x00, 0x00, 0x05, 0x00, 0x00, 0x00, 0x00, 0x00, 0x00,
        0x00, 0x05, 0x00, 0x00, 0x00, 0x00, 0x00, 0x00, 0x00, 0x05, 0x00, 0x00,
        0x00, 0x00, 0x00, 0x00, 0x00, 0x05, 0x00, 0x00, 0x00, 0x00, 0x00, 0x00,
        0x00, 0x05, 0x00, 0x00, 0x00, 0x00, 0x00, 0x00, 0x00, 0x05, 0x00, 0x00,
        0x00, 0x00, 0x00, 0x00, 0x00, 0x05, 0x00, 0x00, 0x00, 0x00, 0x00, 0x00,
        0x00, 0x05, 0x00, 0x00, 0x00, 0x00, 0x00, 0x00, 0x00, 0x05, 0x00, 0x00,
        0x00, 0x00, 0x00, 0x00, 0x00, 0x05, 0x00, 0x00, 0x00, 0x00, 0x00, 0x00,
        0x00, 0x05, 0x00, 0x00, 0x00, 0x00, 0x00, 0x00, 0x00, 0x05, 0x00, 0x00,
        0x00, 0x00, 0x00, 0x00, 0x00, 0x05, 0x00, 0x00, 0x00, 0x00, 0x00, 0x00,
        0x00, 0x05, 0x00, 0x00, 0x00, 0x00, 0x00, 0x00, 0x00, 0x05, 0x00, 0x00,
        0x00, 0x00, 0x00, 0x00, 0x00, 0x05, 0x00, 0x00, 0x00, 0x00, 0x00, 0x00,
        0x00, 0x05, 0x00, 0x00, 0x00, 0x00, 0x00, 0x00, 0x00, 0x05, 0x00, 0x00,
        0x00, 0x00, 0x00, 0x00, 0x1F, 0x08, 0x50, 0x03, 0xF1, 0x00, 0x0D, 0xAC,
        0x00, 0x05, 0x00, 0x00, 0x00, 0x00, 0x00, 0x00, 0x03, 0x09, 0xB6, 0x0D,
        0xDB, 0xB4, 0x1D, 0xD8, 0x00, 0x05, 0x00, 0x00, 0x00, 0x00, 0x00, 0x00,
        0x00, 0x05, 0x00, 0x00, 0x00, 0x00, 0x00, 0x00, 0x00, 0x05, 0x00, 0x00,
        0x00, 0x00, 0x00, 0x00, 0x00, 0x05, 0x00, 0x00, 0x00, 0x00, 0x00, 0x00,
        0xDD, 0x3D, 0x50, 0x03, 0xF1, 0x10, 0x0D, 0xAD, 0x00, 0x05, 0x00, 0x00,
        0x00, 0x00, 0x00, 0x00, 0x15, 0x44, 0xB6, 0x0D, 0xDB, 0xB4, 0x1D, 0xD8,
        0x00, 0x05, 0x00, 0x00, 0x00, 0x00, 0x00, 0x00, 0x00, 0x05, 0x00, 0x00,
        0x00, 0x00, 0x00, 0x00, 0x00, 0x05, 0x00, 0x00, 0x00, 0x00, 0x00, 0x00,
        0x00, 0x05, 0x00, 0x00, 0x00, 0x00, 0x00, 0x00, 0x00, 0x05, 0x00, 0x00,
        0x00, 0x00, 0x00, 0x00, 0x00, 0x05, 0x00, 0x00, 0x00, 0x00, 0x00, 0x00,
        0x00, 0x05, 0x00, 0x00, 0x00, 0x00, 0x00, 0x00, 0x00, 0x05, 0x00, 0x00,
        0x00, 0x00, 0x00, 0x00, 0x00, 0x05, 0x00, 0x00, 0x00, 0x00, 0x00, 0x00,
        0x00, 0x05, 0x00, 0x00, 0x00, 0x00, 0x00, 0x00, 0x00, 0x05, 0x00, 0x00,
        0x00, 0x00, 0x00, 0x00, 0x00, 0x05, 0x00, 0x00, 0x00, 0x00, 0x00, 0x00,
        0x00, 0x05, 0x00, 0x00, 0x00, 0x00, 0x00, 0x00, 0x00, 0x05, 0x00, 0x00,
        0x00, 0x00, 0x00, 0x00, 0x00, 0x05, 0x00, 0x00, 0x00, 0x00, 0x00, 0x00,
        0x00, 0x05, 0x00, 0x00, 0x00, 0x00, 0x00, 0x00, 0x00, 0x05, 0x00, 0x00,
        0x00, 0x00, 0x00, 0x00, 0x00, 0x05, 0x00, 0x00, 0x00, 0x00, 0x00, 0x00,
        0x00, 0x05, 0x00, 0x00, 0x00, 0x00, 0x00, 0x00, 0x00, 0x05, 0x00, 0x00,
        0x00, 0x00, 0x00, 0x00, 0x00, 0x05, 0x00, 0x00, 0x00, 0x00, 0x00, 0x00,
        0x00, 0x05, 0x00, 0x00, 0x00, 0x00, 0x00, 0x00, 0x00, 0x05, 0x00, 0x00,
        0x00, 0x00, 0x00, 0x00, 0x00, 0x05, 0x00, 0x00, 0x00, 0x00, 0x00, 0x00,
        0x00, 0x05, 0x00, 0x00, 0x00, 0x00, 0x00, 0x00, 0x00, 0x05, 0x00, 0x00,
        0x00, 0x00, 0x00, 0x00, 0x00, 0x05, 0x00, 0x00, 0x00, 0x00, 0x00, 0x00,
        0x00, 0x05, 0x00, 0x00, 0x00, 0x00, 0x00, 0x00, 0x00, 0x05, 0x00, 0x00,
        0x00, 0x00, 0x00, 0x00, 0x00, 0x05, 0x00, 0x00, 0x00, 0x00, 0x00, 0x00,
        0x1F, 0x0C, 0x50, 0x03, 0xF1, 0xD0, 0x0C, 0xAD, 0x00, 0x05, 0x00, 0x00,
        0x00, 0x00, 0x00, 0x00, 0x0C, 0x00, 0x4E, 0xC2, 0x24, 0x73, 0x82, 0x26,
        0x00, 0x05, 0x00, 0x00, 0x00, 0x00, 0x00, 0x00, 0x00, 0x05, 0x00, 0x00,
        0x00, 0x00, 0x00, 0x00, 0x00, 0x05, 0x00, 0x00, 0x00, 0x00, 0x00, 0x00,
        0x00, 0x05, 0x00, 0x00, 0x00, 0x00, 0x00, 0x00, 0xDD, 0x55, 0x50, 0x03,
        0xF1, 0x10, 0x0D, 0xCD, 0x00, 0x05, 0x00, 0x00, 0x00, 0x00, 0x00, 0x00,
        0x55, 0x00, 0x4E, 0xC2, 0x24, 0x72, 0x82, 0x26, 0x00, 0x05, 0x00, 0x00,
        0x00, 0x00, 0x00, 0x00, 0x00, 0x05, 0x00, 0x00, 0x00, 0x00, 0x00, 0x00,
        0x00, 0x05, 0x00, 0x00, 0x00, 0x00, 0x00, 0x00, 0x00, 0x05, 0x00, 0x00,
        0x00, 0x00, 0x00, 0x00, 0x00, 0x05, 0x00, 0x00, 0x00, 0x00, 0x00, 0x00,
        0x00, 0x05, 0x00, 0x00, 0x00, 0x00, 0x00, 0x00, 0x00, 0x05, 0x00, 0x00,
        0x00, 0x00, 0x00, 0x00, 0x00, 0x05, 0x00, 0x00, 0x00, 0x00, 0x00, 0x00,
        0x00, 0x05, 0x00, 0x00, 0x00, 0x00, 0x00, 0x00, 0x00, 0x05, 0x00, 0x00,
        0x00, 0x00, 0x00, 0x00, 0x00, 0x05, 0x00, 0x00, 0x00, 0x00, 0x00, 0x00,
        0x00, 0x05, 0x00, 0x00, 0x00, 0x00, 0x00, 0x00, 0x00, 0x05, 0x00, 0x00,
        0x00, 0x00, 0x00, 0x00, 0x00, 0x05, 0x00, 0x00, 0x00, 0x00, 0x00, 0x00,
        0x00, 0x05, 0x00, 0x00, 0x00, 0x00, 0x00, 0x00, 0x00, 0x05, 0x00, 0x00,
        0x00, 0x00, 0x00, 0x00, 0x00, 0x05, 0x00, 0x00, 0x00, 0x00, 0x00, 0x00,
        0x00, 0x05, 0x00, 0x00, 0x00, 0x00, 0x00, 0x00, 0x00, 0x05, 0x00, 0x00,
        0x00, 0x00, 0x00, 0x00, 0x00, 0x05, 0x00, 0x00, 0x00, 0x00, 0x00, 0x00,
        0x00, 0x05, 0x00, 0x00, 0x00, 0x00, 0x00, 0x00, 0x00, 0x05, 0x00, 0x00,
        0x00, 0x00, 0x00, 0x00, 0x00, 0x05, 0x00, 0x00, 0x00, 0x00, 0x00, 0x00,
        0x00, 0x05, 0x00, 0x00, 0x00, 0x00, 0x00, 0x00, 0x00, 0x05, 0x00, 0x00,
        0x00, 0x00, 0x00, 0x00, 0x00, 0x05, 0x00, 0x00, 0x00, 0x00, 0x00, 0x00,
        0x00, 0x05, 0x00, 0x00, 0x00, 0x00, 0x00, 0x00, 0x00, 0x05, 0x00, 0x00,
        0x00, 0x00, 0x00, 0x00, 0x00, 0x05, 0x00, 0x00, 0x00, 0x00, 0x00, 0x00,
        0x00, 0x05, 0x00, 0x00, 0x00, 0x00, 0x00, 0x00, 0x1F, 0x13, 0x10, 0x03,
        0xF0, 0x00, 0x0F, 0xCC, 0x00, 0x05, 0x00, 0x00, 0x00, 0x00, 0x00, 0x00,
        0x11, 0x00, 0x73, 0xA2, 0x3E, 0xA0, 0x83, 0xF5, 0x00, 0x05, 0x00, 0x00,
        0x00, 0x00, 0x00, 0x00, 0x00, 0x05, 0x00, 0x00, 0x00, 0x00, 0x00, 0x00,
        0x00, 0x05, 0x00, 0x00, 0x00, 0x00, 0x00, 0x00, 0x00, 0x05, 0x00, 0x00,
        0x00, 0x00, 0x00, 0x00, 0xDE, 0x85, 0x50, 0x03, 0xF1, 0x10, 0x0D, 0xCD,
        0x00, 0x05, 0x00, 0x00, 0x00, 0x00, 0x00, 0x00, 0x7B, 0x00, 0x73, 0xA2,
        0x3E, 0xA2, 0x83, 0xF5, 0x00, 0x05, 0x00, 0x00, 0x00, 0x00, 0x00, 0x00,
        0x00, 0x05, 0x00, 0x00, 0x00, 0x00, 0x00, 0x00, 0x00, 0x05, 0x00, 0x00,
        0x00, 0x00, 0x00, 0x00, 0x00, 0x05, 0x00, 0x00, 0x00, 0x00, 0x00, 0x00,
        0x00, 0x05, 0x00, 0x00, 0x00, 0x00, 0x00, 0x00, 0x00, 0x05, 0x00, 0x00,
        0x00, 0x00, 0x00, 0x00, 0x00, 0x05, 0x00, 0x00, 0x00, 0x00, 0x00, 0x00,
        0x00, 0x05, 0x00, 0x00, 0x00, 0x00, 0x00, 0x00, 0x00, 0x05, 0x00, 0x00,
        0x00, 0x00, 0x00, 0x00, 0x00, 0x05, 0x00, 0x00, 0x00, 0x00, 0x00, 0x00,
        0x00, 0x05, 0x00, 0x00, 0x00, 0x00, 0x00, 0x00, 0x00, 0x05, 0x00, 0x00,
        0x00, 0x00, 0x00, 0x00, 0x00, 0x05, 0x00, 0x00, 0x00, 0x00, 0x00, 0x00,
        0x00, 0x05, 0x00, 0x00, 0x00, 0x00, 0x00, 0x00, 0x00, 0x05, 0x00, 0x00,
        0x00, 0x00, 0x00, 0x00, 0x00, 0x05, 0x00, 0x00, 0x00, 0x00, 0x00, 0x00,
        0x00, 0x05, 0x00, 0x00, 0x00, 0x00, 0x00, 0x00, 0x00, 0x05, 0x00, 0x00,
        0x00, 0x00, 0x00, 0x00, 0x00, 0x05, 0x00, 0x00, 0x00, 0x00, 0x00, 0x00,
        0x00, 0x05, 0x00, 0x00, 0x00, 0x00, 0x00, 0x00, 0x00, 0x05, 0x00, 0x00,
        0x00, 0x00, 0x00, 0x00, 0x00, 0x05, 0x00, 0x00, 0x00, 0x00, 0x00, 0x00,
        0x00, 0x05, 0x00, 0x00, 0x00, 0x00, 0x00, 0x00, 0x00, 0x05, 0x00, 0x00,
        0x00, 0x00, 0x00, 0x00, 0x00, 0x05, 0x00, 0x00, 0x00, 0x00, 0x00, 0x00,
        0x00, 0x05, 0x00, 0x00, 0x00, 0x00, 0x00, 0x00, 0x07, 0x1F, 0xB6, 0x6D,
        0xDB, 0xB6, 0x8D, 0x26, 0x00, 0x05, 0x00, 0x00, 0x00, 0x00, 0x00, 0x00,
        0x1F, 0x24, 0xB6, 0x6D, 0xDB, 0xB6, 0x0D, 0x00, 0x00, 0x05, 0x00, 0x00,
        0x00, 0x00, 0x00, 0x00, 0x3E, 0x14, 0xF6, 0x63, 0x3F, 0xF6, 0x83, 0xD1,
        0x00, 0x05, 0x00, 0x00, 0x00, 0x00, 0x00, 0x00, 0x1F, 0x00, 0x75, 0x42,
        0x3F, 0xEC, 0x03, 0x00, 0x00, 0x05, 0x00, 0x00, 0x00, 0x00, 0x00, 0x00,
        0x00, 0x05, 0x00, 0x00, 0x00, 0x00, 0x00, 0x00, 0x00, 0x05, 0x00, 0x00,
        0x00, 0x00, 0x00, 0x00, 0x00, 0x05, 0x00, 0x00, 0x00, 0x00, 0x00, 0x00,
        0xDE, 0x00, 0x80, 0x06, 0x68, 0x80, 0xE6, 0x24, 0x1D, 0x00, 0x49, 0x92,
        0x24, 0x49, 0x72, 0x02, 0x7B, 0x00, 0xEA, 0x23, 0x3A, 0x58, 0x9F, 0x24,
        0x1E, 0x23, 0xB6, 0x6D, 0xDB, 0xB6, 0x0D, 0x49, 0x03, 0x61, 0xB6, 0x6D,
        0xDB, 0xB6, 0x1D, 0xD8, 0x1C, 0x00, 0x49, 0x92, 0x24, 0x49, 0x12, 0x0B,
        0x00, 0x05, 0x00, 0x00, 0x00, 0x00, 0x00, 0x00, 0x1D, 0x22, 0xB6, 0x6D,
        0xDB, 0xB6, 0x0D, 0x69, 0x00, 0x05, 0x00, 0x00, 0x00, 0x00, 0x00, 0x00,
        0x00, 0x05, 0x00, 0x00, 0x00, 0x00, 0x00, 0x00, 0x00, 0x05, 0x00, 0x00,
        0x00, 0x00, 0x00, 0x00, 0x00, 0x05, 0x00, 0x00, 0x00, 0x00, 0x00, 0x00,
        0x00, 0x05, 0x00, 0x00, 0x00, 0x00, 0x00, 0x00, 0x00, 0x05, 0x00, 0x00,
        0x00, 0x00, 0x00, 0x00, 0x00, 0x05, 0x00, 0x00, 0x00, 0x00, 0x00, 0x00,
        0x00, 0x05, 0x00, 0x00, 0x00, 0x00, 0x00, 0x00, 0x00, 0x05, 0x00, 0x00,
        0x00, 0x00, 0x00, 0x00, 0x00, 0x05, 0x00, 0x00, 0x00, 0x00, 0x00, 0x00,
        0x00, 0x05, 0x00, 0x00, 0x00, 0x00, 0x00, 0x00, 0x00, 0x05, 0x00, 0x00,
        0x00, 0x00, 0x00, 0x00, 0x00, 0x05, 0x00, 0x00, 0x00, 0x00, 0x00, 0x00,
        0x00, 0x05, 0x00, 0x00, 0x00, 0x00, 0x00, 0x00, 0x00, 0x05, 0x00, 0x00,
        0x00, 0x00, 0x00, 0x00, 0x00, 0x05, 0x00, 0x00, 0x00, 0x00, 0x00, 0x00,
        0x00, 0x05, 0x00, 0x00, 0x00, 0x00, 0x00, 0x00, 0x00, 0x05, 0x00, 0x00,
        0x00, 0x00, 0x00, 0x00, 0x00, 0x05, 0x00, 0x00, 0x00, 0x00, 0x00, 0x00,
        0x00, 0x05, 0x00, 0x00, 0x00, 0x00, 0x00, 0x00, 0x00, 0x05, 0x00, 0x00,
        0x00, 0x00, 0x00, 0x00, 0x1F, 0x00, 0x16, 0x90, 0x0A, 0x09, 0x97, 0x98,
        0x00, 0x05, 0x00, 0x00, 0x00, 0x00, 0x00, 0x00, 0x1F, 0x17, 0x00, 0x00,
        0x00, 0x94, 0x90, 0x72, 0x00, 0x05, 0x00, 0x00, 0x00, 0x00, 0x00, 0x00,
        0x3E, 0x0D, 0x10, 0x4B, 0xD2, 0x8A, 0x3D, 0xE7, 0x00, 0x05, 0x00, 0x00,
        0x00, 0x00, 0x00, 0x00, 0x1F, 0x17, 0x00, 0x00, 0x00, 0x94, 0x90, 0x72,
        0x00, 0x05, 0x00, 0x00, 0x00, 0x00, 0x00, 0x00, 0x00, 0x05, 0x00, 0x00,
        0x00, 0x00, 0x00, 0x00, 0x00, 0x05, 0x00, 0x00, 0x00, 0x00, 0x00, 0x00,
        0x00, 0x05, 0x00, 0x00, 0x00, 0x00, 0x00, 0x00, 0xCD, 0x00, 0x4D, 0xB2,
        0x27, 0x72, 0x02, 0x3E, 0x04, 0x1D, 0x60, 0x62, 0xB1, 0xB6, 0x66, 0x43,
        0x00, 0x05, 0x00, 0x00, 0x00, 0x00, 0x00, 0x00, 0x1F, 0x0B, 0x00, 0x20,
        0x01, 0x9C, 0x94, 0x72, 0xD2, 0x00, 0x4D, 0xB2, 0x27, 0xE8, 0x83, 0xF9,
        0x1C, 0x00, 0xB1, 0x90, 0x78, 0x49, 0x9E, 0x24, 0x00, 0x05, 0x00, 0x00,
        0x00, 0x00, 0x00, 0x00, 0x09, 0x1F, 0x49, 0xD2, 0x26, 0x22, 0x6B, 0x8C,
        0x00, 0x05, 0x00, 0x00, 0x00, 0x00, 0x00, 0x00, 0x00, 0x05, 0x00, 0x00,
        0x00, 0x00, 0x00, 0x00, 0x00, 0x05, 0x00, 0x00, 0x00, 0x00, 0x00, 0x00,
        0x00, 0x05, 0x00, 0x00, 0x00, 0x00, 0x00, 0x00, 0x00, 0x05, 0x00, 0x00,
        0x00, 0x00, 0x00, 0x00, 0x00, 0x05, 0x00, 0x00, 0x00, 0x00, 0x00, 0x00,
        0x00, 0x05, 0x00, 0x00, 0x00, 0x00, 0x00, 0x00, 0x00, 0x05, 0x00, 0x00,
        0x00, 0x00, 0x00, 0x00, 0x00, 0x05, 0x00, 0x00, 0x00, 0x00, 0x00, 0x00,
        0x00, 0x05, 0x00, 0x00, 0x00, 0x00, 0x00, 0x00, 0x00, 0x05, 0x00, 0x00,
        0x00, 0x00, 0x00, 0x00, 0x00, 0x05, 0x00, 0x00, 0x00, 0x00, 0x00, 0x00,
        0x00, 0x05, 0x00, 0x00, 0x00, 0x00, 0x00, 0x00, 0x00, 0x05, 0x00, 0x00,
        0x00, 0x00, 0x00, 0x00, 0x00, 0x05, 0x00, 0x00, 0x00, 0x00, 0x00, 0x00,
        0x00, 0x05, 0x00, 0x00, 0x00, 0x00, 0x00, 0x00, 0x00, 0x05, 0x00, 0x00,
        0x00, 0x00, 0x00, 0x00, 0x00, 0x05, 0x00, 0x00, 0x00, 0x00, 0x00, 0x00,
        0x00, 0x05, 0x00, 0x00, 0x00, 0x00, 0x00, 0x00, 0x00, 0x05, 0x00, 0x00,
        0x00, 0x00, 0x00, 0x00, 0x00, 0x05, 0x00, 0x00, 0x00, 0x00, 0x00, 0x00,
        0x08, 0x1D, 0x5E, 0x63, 0xAF, 0x36, 0x66, 0x5B, 0x00, 0x05, 0x00, 0x00,
        0x00, 0x00, 0x00, 0x00, 0x1F, 0x12, 0x00, 0x30, 0x09, 0xE5, 0x16, 0x93,
        0x00, 0x05, 0x00, 0x00, 0x00, 0x00, 0x00, 0x00, 0x34, 0x00, 0xDA, 0x08,
        0xB3, 0xA0, 0x2D, 0xC6, 0x00, 0x05, 0x00, 0x00, 0x00, 0x00, 0x00, 0x00,
        0x1F, 0x12, 0x00, 0x30, 0x09, 0xE5, 0x16, 0x93, 0x00, 0x05, 0x00, 0x00,
        0x00, 0x00, 0x00, 0x00, 0x00, 0x05, 0x00, 0x00, 0x00, 0x00, 0x00, 0x00,
        0x00, 0x05, 0x00, 0x00, 0x00, 0x00, 0x00, 0x00, 0x00, 0x05, 0x00, 0x00,
        0x00, 0x00, 0x00, 0x00, 0xD4, 0x00, 0x4C, 0x22, 0x27, 0xE0, 0x83, 0xF9,
        0x19, 0x00, 0xF1, 0x90, 0x94, 0xC9, 0x9B, 0xC4, 0x02, 0x0A, 0xB6, 0x6D,
        0xDB, 0xB6, 0x1D, 0xD8, 0x1E, 0x09, 0x02, 0xC0, 0x49, 0x2F, 0x97, 0xBB,
        0xD7, 0x00, 0x7B, 0xA2, 0x3E, 0x98, 0x8F, 0xD5, 0x03, 0x15, 0xF6, 0x62,
        0x1B, 0xB6, 0x6D, 0xDB, 0x04, 0x14, 0xB6, 0x6D, 0xDB, 0xB6, 0x1D, 0xD8,
        0x1D, 0x00, 0x02, 0xC0, 0x49, 0x31, 0x97, 0xBC, 0x00, 0x05, 0x00, 0x00,
        0x00, 0x00, 0x00, 0x00, 0x00, 0x05, 0x00, 0x00, 0x00, 0x00, 0x00, 0x00,
        0x00, 0x05, 0x00, 0x00, 0x00, 0x00, 0x00, 0x00, 0x00, 0x05, 0x00, 0x00,
        0x00, 0x00, 0x00, 0x00, 0x00, 0x05, 0x00, 0x00, 0x00, 0x00, 0x00, 0x00,
        0x00, 0x05, 0x00, 0x00, 0x00, 0x00, 0x00, 0x00, 0x00, 0x05, 0x00, 0x00,
        0x00, 0x00, 0x00, 0x00, 0x00, 0x05, 0x00, 0x00, 0x00, 0x00, 0x00, 0x00,
        0x00, 0x05, 0x00, 0x00, 0x00, 0x00, 0x00, 0x00, 0x00, 0x05, 0x00, 0x00,
        0x00, 0x00, 0x00, 0x00, 0x00, 0x05, 0x00, 0x00, 0x00, 0x00, 0x00, 0x00,
        0x00, 0x05, 0x00, 0x00, 0x00, 0x00, 0x00, 0x00, 0x00, 0x05, 0x00, 0x00,
        0x00, 0x00, 0x00, 0x00, 0x00, 0x05, 0x00, 0x00, 0x00, 0x00, 0x00, 0x00,
        0x00, 0x05, 0x00, 0x00, 0x00, 0x00, 0x00, 0x00, 0x00, 0x05, 0x00, 0x00,
        0x00, 0x00, 0x00, 0x00, 0x00, 0x05, 0x00, 0x00, 0x00, 0x00, 0x00, 0x00,
        0x00, 0x05, 0x00, 0x00, 0x00, 0x00, 0x00, 0x00, 0x00, 0x05, 0x00, 0x00,
        0x00, 0x00, 0x00, 0x00, 0x00, 0x05, 0x00, 0x00, 0x00, 0x00, 0x00, 0x00,
        0x00, 0x05, 0x00, 0x00, 0x00, 0x00, 0x00, 0x00, 0x05, 0x0C, 0xB6, 0x63,
        0x1B, 0xB6, 0x6D, 0xDB, 0x00, 0x05, 0x00, 0x00, 0x00, 0x00, 0x00, 0x00,
        0x1A, 0x04, 0x13, 0xD0, 0x09, 0xEF, 0x14, 0x73, 0x00, 0x05, 0x00, 0x00,
        0x00, 0x00, 0x00, 0x00, 0x2C, 0x00, 0x60, 0x2C, 0xFE, 0xA3, 0x33, 0xFA,
        0x00, 0x05, 0x00, 0x00, 0x00, 0x00, 0x00, 0x00, 0x1A, 0x04, 0x13, 0xD0,
        0x09, 0xEF, 0x14, 0x73, 0x00, 0x05, 0x00, 0x00, 0x00, 0x00, 0x00, 0x00,
        0x00, 0x05, 0x00, 0x00, 0x00, 0x00, 0x00, 0x00, 0x00, 0x05, 0x00, 0x00,
        0x00, 0x00, 0x00, 0x00, 0x00, 0x05, 0x00, 0x00, 0x00, 0x00, 0x00, 0x00,
        0xDB, 0x17, 0xE0, 0x83, 0x39, 0x50, 0x0F, 0xD1, 0x02, 0x07, 0xB6, 0x6B,
        0x1B, 0xB6, 0x6D, 0xDB, 0x02, 0x27, 0x82, 0x3D, 0xC1, 0x9D, 0x10, 0x4E,
        0x13, 0x02, 0xE5, 0xE0, 0x72, 0x77, 0x9B, 0xBB, 0xDC, 0x2F, 0x98, 0x03,
        0xF5, 0x10, 0x0D, 0xAD, 0x00, 0x05, 0x00, 0x00, 0x00, 0x00, 0x00, 0x00,
        0x04, 0x4E, 0x82, 0x3D, 0xC1, 0x9D, 0x10, 0x4E, 0x02, 0x0C, 0xB6, 0x62,
        0x1B, 0xB6, 0x6D, 0xDB, 0x00, 0x05, 0x00, 0x00, 0x00, 0x00, 0x00, 0x00,
        0x00, 0x05, 0x00, 0x00, 0x00, 0x00, 0x00, 0x00, 0x00, 0x05, 0x00, 0x00,
        0x00, 0x00, 0x00, 0x00, 0x00, 0x05, 0x00, 0x00, 0x00, 0x00, 0x00, 0x00,
        0x00, 0x05, 0x00, 0x00, 0x00, 0x00, 0x00, 0x00, 0x00, 0x05, 0x00, 0x00,
        0x00, 0x00, 0x00, 0x00, 0x00, 0x05, 0x00, 0x00, 0x00, 0x00, 0x00, 0x00,
        0x00, 0x05, 0x00, 0x00, 0x00, 0x00, 0x00, 0x00, 0x00, 0x05, 0x00, 0x00,
        0x00, 0x00, 0x00, 0x00, 0x00, 0x05, 0x00, 0x00, 0x00, 0x00, 0x00, 0x00,
        0x00, 0x05, 0x00, 0x00, 0x00, 0x00, 0x00, 0x00, 0x00, 0x05, 0x00, 0x00,
        0x00, 0x00, 0x00, 0x00, 0x00, 0x05, 0x00, 0x00, 0x00, 0x00, 0x00, 0x00,
        0x00, 0x05, 0x00, 0x00, 0x00, 0x00, 0x00, 0x00, 0x00, 0x05, 0x00, 0x00,
        0x00, 0x00, 0x00, 0x00, 0x00, 0x05, 0x00, 0x00, 0x00, 0x00, 0x00, 0x00,
        0x00, 0x05, 0x00, 0x00, 0x00, 0x00, 0x00, 0x00, 0x00, 0x05, 0x00, 0x00,
        0x00, 0x00, 0x00, 0x00, 0x00, 0x05, 0x00, 0x00, 0x00, 0x00, 0x00, 0x00,
        0x00, 0x05, 0x00, 0x00, 0x00, 0x00, 0x00, 0x00, 0x00, 0x05, 0x00, 0x00,
        0x00, 0x00, 0x00, 0x00, 0x05, 0x0A, 0xB6, 0x61, 0xDB, 0xB6, 0x6D, 0xDB,
        0x00, 0x05, 0x00, 0x00, 0x00, 0x00, 0x00, 0x00, 0x18, 0x00, 0x1C, 0x60,
        0x4A, 0x2F, 0x15, 0x73, 0x00, 0x05, 0x00, 0x00, 0x00, 0x00, 0x00, 0x00,
        0x24, 0x00, 0xD8, 0xAF, 0x39, 0x5A, 0xAF, 0xD1, 0x00, 0x05, 0x00, 0x00,
        0x00, 0x00, 0x00, 0x00, 0x18, 0x00, 0x1C, 0x60, 0x4A, 0x2F, 0x15, 0x73,
        0x00, 0x05, 0x00, 0x00, 0x00, 0x00, 0x00, 0x00, 0x00, 0x05, 0x00, 0x00,
        0x00, 0x00, 0x00, 0x00, 0x00, 0x05, 0x00, 0x00, 0x00, 0x00, 0x00, 0x00,
        0x00, 0x05, 0x00, 0x00, 0x00, 0x00, 0x00, 0x00, 0xDC, 0x24, 0x98, 0x03,
        0x35, 0x10, 0x0F, 0xD1, 0x02, 0x07, 0xB6, 0x61, 0xDB, 0xB6, 0x6D, 0xDB,
        0x30, 0x00, 0x7D, 0xC2, 0xFE, 0xA2, 0x8F, 0xD5, 0x0D, 0x00, 0x9D, 0x60,
        0x6E, 0x2F, 0x17, 0x97, 0xDD, 0x49, 0x98, 0x03, 0xF5, 0x10, 0x0D, 0xAD,
        0x00, 0x05, 0x00, 0x00, 0x00, 0x00, 0x00, 0x00, 0x5F, 0x00, 0x7D, 0xC2,
        0xFE, 0xA2, 0x8F, 0xD5, 0x02, 0x07, 0xB6, 0x61, 0xDB, 0xB6, 0x6D, 0xDB,
        0x00, 0x05, 0x00, 0x00, 0x00, 0x00, 0x00, 0x00, 0x00, 0x05, 0x00, 0x00,
        0x00, 0x00, 0x00, 0x00, 0x00, 0x05, 0x00, 0x00, 0x00, 0x00, 0x00, 0x00,
        0x00, 0x05, 0x00, 0x00, 0x00, 0x00, 0x00, 0x00, 0x00, 0x05, 0x00, 0x00,
        0x00, 0x00, 0x00, 0x00, 0x00, 0x05, 0x00, 0x00, 0x00, 0x00, 0x00, 0x00,
        0x00, 0x05, 0x00, 0x00, 0x00, 0x00, 0x00, 0x00, 0x00, 0x05, 0x00, 0x00,
        0x00, 0x00, 0x00, 0x00, 0x00, 0x05, 0x00, 0x00, 0x00, 0x00, 0x00, 0x00,
        0x00, 0x05, 0x00, 0x00, 0x00, 0x00, 0x00, 0x00, 0x00, 0x05, 0x00, 0x00,
        0x00, 0x00, 0x00, 0x00, 0x00, 0x05, 0x00, 0x00, 0x00, 0x00, 0x00, 0x00,
        0x00, 0x05, 0x00, 0x00, 0x00, 0x00, 0x00, 0x00, 0x00, 0x05, 0x00, 0x00,
        0x00, 0x00, 0x00, 0x00, 0x00, 0x05, 0x00, 0x00, 0x00, 0x00, 0x00, 0x00,
        0x00, 0x05, 0x00, 0x00, 0x00, 0x00, 0x00, 0x00, 0x00, 0x05, 0x00, 0x00,
        0x00, 0x00, 0x00, 0x00, 0x00, 0x05, 0x00, 0x00, 0x00, 0x00, 0x00, 0x00,
        0x00, 0x05, 0x00, 0x00, 0x00, 0x00, 0x00, 0x00, 0x00, 0x05, 0x00, 0x00,
        0x00, 0x00, 0x00, 0x00, 0x00, 0x05, 0x00, 0x00, 0x00, 0x00, 0x00, 0x00,
        0x00, 0x05, 0x00, 0x00, 0x00, 0x00, 0x00, 0x00, 0x00, 0x05, 0x00, 0x00,
        0x00, 0x00, 0x00, 0x00, 0x02, 0x10, 0x5E, 0x63, 0xAC, 0xB6, 0x68, 0x63,
        0x00, 0x05, 0x00, 0x00, 0x00, 0x00, 0x00, 0x00, 0x1F, 0x08, 0x50, 0x03,
        0xF1, 0x00, 0x0D, 0xAC, 0x00, 0x05, 0x00, 0x00, 0x00, 0x00, 0x00, 0x00,
        0x10, 0x00, 0xE9, 0xF0, 0x53, 0x8D, 0xC9, 0xBF, 0x00, 0x05, 0x00, 0x00,
        0x00, 0x00, 0x00, 0x00, 0x00, 0x05, 0x00, 0x00, 0x00, 0x00, 0x00, 0x00,
        0x00, 0x05, 0x00, 0x00, 0x00, 0x00, 0x00, 0x00, 0x00, 0x05, 0x00, 0x00,
        0x00, 0x00, 0x00, 0x00, 0xDD, 0x60, 0x50, 0x03, 0xF1, 0x10, 0x0D, 0xAD,
        0x00, 0x05, 0x00, 0x00, 0x00, 0x00, 0x00, 0x00, 0x65, 0x0F, 0xFD, 0x43,
        0x3F, 0xAA, 0x0F, 0xFA, 0x08, 0x00, 0xA9, 0x90, 0x53, 0x89, 0x97, 0xBC,
        0xDE, 0x82, 0x50, 0x03, 0xF1, 0x10, 0x0D, 0xAD, 0x00, 0x05, 0x00, 0x00,
        0x00, 0x00, 0x00, 0x00, 0x86, 0x1F, 0xF4, 0xB3, 0xFA, 0x62, 0x8D, 0xD1,
        0x00, 0x05, 0x00, 0x00, 0x00, 0x00, 0x00, 0x00, 0x00, 0x05, 0x00, 0x00,
        0x00, 0x00, 0x00, 0x00, 0x00, 0x05, 0x00, 0x00, 0x00, 0x00, 0x00, 0x00,
        0x00, 0x05, 0x00, 0x00, 0x00, 0x00, 0x00, 0x00, 0x00, 0x05, 0x00, 0x00,
        0x00, 0x00, 0x00, 0x00, 0x00, 0x05, 0x00, 0x00, 0x00, 0x00, 0x00, 0x00,
        0x00, 0x05, 0x00, 0x00, 0x00, 0x00, 0x00, 0x00, 0x00, 0x05, 0x00, 0x00,
        0x00, 0x00, 0x00, 0x00, 0x00, 0x05, 0x00, 0x00, 0x00, 0x00, 0x00, 0x00,
        0x00, 0x05, 0x00, 0x00, 0x00, 0x00, 0x00, 0x00, 0x00, 0x05, 0x00, 0x00,
        0x00, 0x00, 0x00, 0x00, 0x00, 0x05, 0x00, 0x00, 0x00, 0x00, 0x00, 0x00,
        0x00, 0x05, 0x00, 0x00, 0x00, 0x00, 0x00, 0x00, 0x00, 0x05, 0x00, 0x00,
        0x00, 0x00, 0x00, 0x00, 0x00, 0x05, 0x00, 0x00, 0x00, 0x00, 0x00, 0x00,
        0x00, 0x05, 0x00, 0x00, 0x00, 0x00, 0x00, 0x00, 0x00, 0x05, 0x00, 0x00,
        0x00, 0x00, 0x00, 0x00, 0x00, 0x05, 0x00, 0x00, 0x00, 0x00, 0x00, 0x00,
        0x00, 0x05, 0x00, 0x00, 0x00, 0x00, 0x00, 0x00, 0x00, 0x05, 0x00, 0x00,
        0x00, 0x00, 0x00, 0x00, 0x00, 0x05, 0x00, 0x00, 0x00, 0x00, 0x00, 0x00,
        0x00, 0x05, 0x00, 0x00, 0x00, 0x00, 0x00, 0x00, 0x00, 0x05, 0x00, 0x00,
        0x00, 0x00, 0x00, 0x00, 0x00, 0x05, 0x00, 0x00, 0x00, 0x00, 0x00, 0x00,
        0x02, 0x0D, 0x06, 0x63, 0xAB, 0x36, 0x66, 0x5B, 0x00, 0x05, 0x00, 0x00,
        0x00, 0x00, 0x00, 0x00, 0x1F, 0x0C, 0x50, 0x03, 0xF1, 0xD0, 0x0C, 0xAD,
        0x00, 0x05, 0x00, 0x00, 0x00, 0x00, 0x00, 0x00, 0x0D, 0x00, 0x36, 0xD1,
        0x74, 0xF3, 0x89, 0xC6, 0x00, 0x05, 0x00, 0x00, 0x00, 0x00, 0x00, 0x00,
        0x00, 0x05, 0x00, 0x00, 0x00, 0x00, 0x00, 0x00, 0x00, 0x05, 0x00, 0x00,
        0x00, 0x00, 0x00, 0x00, 0x00, 0x05, 0x00, 0x00, 0x00, 0x00, 0x00, 0x00,
        0xDD, 0x72, 0x50, 0x03, 0xF1, 0x10, 0x0D, 0xAD, 0x00, 0x05, 0x00, 0x00,
        0x00, 0x00, 0x00, 0x00, 0x72, 0x15, 0xF4, 0x33, 0x3F, 0xAA, 0x0F, 0xFA,
        0x01, 0x06, 0x06, 0x63, 0xAB, 0x36, 0x66, 0x5B, 0xDE, 0x90, 0x50, 0x03,
        0xF1, 0x10, 0x0D, 0xCD, 0x00, 0x05, 0x00, 0x00, 0x00, 0x00, 0x00, 0x00,
        0x90, 0x2A, 0xEB, 0x23, 0xFA, 0x62, 0x8D, 0xD1, 0x00, 0x05, 0x00, 0x00,
        0x00, 0x00, 0x00, 0x00, 0x00, 0x05, 0x00, 0x00, 0x00, 0x00, 0x00, 0x00,
        0x00, 0x05, 0x00, 0x00, 0x00, 0x00, 0x00, 0x00, 0x00, 0x05, 0x00, 0x00,
        0x00, 0x00, 0x00, 0x00, 0x00, 0x05, 0x00, 0x00, 0x00, 0x00, 0x00, 0x00,
        0x00, 0x05, 0x00, 0x00, 0x00, 0x00, 0x00, 0x00, 0x00, 0x05, 0x00, 0x00,
        0x00, 0x00, 0x00, 0x00, 0x00, 0x05, 0x00, 0x00, 0x00, 0x00, 0x00, 0x00,
        0x00, 0x05, 0x00, 0x00, 0x00, 0x00, 0x00, 0x00, 0x00, 0x05, 0x00, 0x00,
        0x00, 0x00, 0x00, 0x00, 0x00, 0x05, 0x00, 0x00, 0x00, 0x00, 0x00, 0x00,
        0x00, 0x05, 0x00, 0x00, 0x00, 0x00, 0x00, 0x00, 0x00, 0x05, 0x00, 0x00,
        0x00, 0x00, 0x00, 0x00, 0x00, 0x05, 0x00, 0x00, 0x00, 0x00, 0x00, 0x00,
        0x00, 0x05, 0x00, 0x00, 0x00, 0x00, 0x00, 0x00, 0x00, 0x05, 0x00, 0x00,
        0x00, 0x00, 0x00, 0x00, 0x00, 0x05, 0x00, 0x00, 0x00, 0x00, 0x00, 0x00,
        0x00, 0x05, 0x00, 0x00, 0x00, 0x00, 0x00, 0x00, 0x00, 0x05, 0x00, 0x00,
        0x00, 0x00, 0x00, 0x00, 0x00, 0x05, 0x00, 0x00, 0x00, 0x00, 0x00, 0x00,
        0x00, 0x05, 0x00, 0x00, 0x00, 0x00, 0x00, 0x00, 0x00, 0x05, 0x00, 0x00,
        0x00, 0x00, 0x00, 0x00, 0x00, 0x05, 0x00, 0x00, 0x00, 0x00, 0x00, 0x00,
        0x00, 0x05, 0x00, 0x00, 0x00, 0x00, 0x00, 0x00, 0x02, 0x07, 0xB6, 0x67,
        0x1B, 0xB6, 0x6D, 0xDB, 0x00, 0x05, 0x00, 0x00, 0x00, 0x00, 0x00, 0x00,
        0x1F, 0x13, 0x10, 0x03, 0xF0, 0x00, 0x0F, 0xCC, 0x00, 0x05, 0x00, 0x00,
        0x00, 0x00, 0x00, 0x00, 0x11, 0x00, 0x73, 0xAC, 0xFE, 0xA0, 0x83, 0xF5,
        0x00, 0x05, 0x00, 0x00, 0x00, 0x00, 0x00, 0x00, 0x00, 0x05, 0x00, 0x00,
        0x00, 0x00, 0x00, 0x00, 0x00, 0x05, 0x00, 0x00, 0x00, 0x00, 0x00, 0x00,
        0x00, 0x05, 0x00, 0x00, 0x00, 0x00, 0x00, 0x00, 0xDE, 0x98, 0x50, 0x03,
        0xF1, 0x10, 0x0D, 0xCD, 0x00, 0x05, 0x00, 0x00, 0x00, 0x00, 0x00, 0x00,
        0x91, 0x26, 0xEB, 0x23, 0x3A, 0xA2, 0x8F, 0xF5, 0x01, 0x06, 0xB6, 0x65,
        0x1B, 0xB6, 0x6D, 0xDB, 0xDE, 0xAB, 0x50, 0x03, 0xF1, 0x10, 0x0D, 0xCC,
        0x00, 0x05, 0x00, 0x00, 0x00, 0x00, 0x00, 0x00, 0xA6, 0x4C, 0xAB, 0x23,
        0xFA, 0x58, 0x8D, 0xD1, 0x00, 0x05, 0x00, 0x00, 0x00, 0x00, 0x00, 0x00,
        0x00, 0x05, 0x00, 0x00, 0x00, 0x00, 0x00, 0x00, 0x00, 0x05, 0x00, 0x00,
        0x00, 0x00, 0x00, 0x00, 0x00, 0x05, 0x00, 0x00, 0x00, 0x00, 0x00, 0x00,
        0x00, 0x05, 0x00, 0x00, 0x00, 0x00, 0x00, 0x00, 0x00, 0x05, 0x00, 0x00,
        0x00, 0x00, 0x00, 0x00, 0x00, 0x05, 0x00, 0x00, 0x00, 0x00, 0x00, 0x00,
        0x00, 0x05, 0x00, 0x00, 0x00, 0x00, 0x00, 0x00, 0x00, 0x05, 0x00, 0x00,
        0x00, 0x00, 0x00, 0x00, 0x00, 0x05, 0x00, 0x00, 0x00, 0x00, 0x00, 0x00,
        0x00, 0x05, 0x00, 0x00, 0x00, 0x00, 0x00, 0x00, 0x00, 0x05, 0x00, 0x00,
        0x00, 0x00, 0x00, 0x00, 0x00, 0x05, 0x00, 0x00, 0x00, 0x00, 0x00, 0x00,
        0x00, 0x05, 0x00, 0x00, 0x00, 0x00, 0x00, 0x00, 0x00, 0x05, 0x00, 0x00,
        0x00, 0x00, 0x00, 0x00, 0x00, 0x05, 0x00, 0x00, 0x00, 0x00, 0x00, 0x00,
        0x00, 0x05, 0x00, 0x00, 0x00, 0x00, 0x00, 0x00, 0x00, 0x05, 0x00, 0x00,
        0x00, 0x00, 0x00, 0x00, 0x00, 0x05, 0x00, 0x00, 0x00, 0x00, 0x00, 0x00,
        0x00, 0x05, 0x00, 0x00, 0x00, 0x00, 0x00, 0x00, 0x00, 0x05, 0x00, 0x00,
        0x00, 0x00, 0x00, 0x00, 0x00, 0x05, 0x00, 0x00, 0x00, 0x00, 0x00, 0x00,
        0x00, 0x05, 0x00, 0x00, 0x00, 0x00, 0x00, 0x00, 0x00, 0x05, 0x00, 0x00,
        0x00, 0x00, 0x00, 0x00, 0x02, 0x07, 0xB6, 0x61, 0xDB, 0xB6, 0x6D, 0xDB,
        0x00, 0x05, 0x00, 0x00, 0x00, 0x00, 0x00, 0x00, 0x14, 0x1F, 0x09, 0x91,
        0x10, 0x09, 0x65, 0xDB, 0x00, 0x05, 0x00, 0x00, 0x00, 0x00, 0x00, 0x00,
        0x11, 0x00, 0xEA, 0x0F, 0x3A, 0x58, 0x9F, 0x24, 0x00, 0x05, 0x00, 0x00,
        0x00, 0x00, 0x00, 0x00, 0x00, 0x05, 0x00, 0x00, 0x00, 0x00, 0x00, 0x00,
        0x00, 0x05, 0x00, 0x00, 0x00, 0x00, 0x00, 0x00, 0x00, 0x05, 0x00, 0x00,
        0x00, 0x00, 0x00, 0x00, 0xA0, 0xDE, 0x29, 0x91, 0x52, 0x09, 0x65, 0xDB,
        0x00, 0x05, 0x00, 0x00, 0x00, 0x00, 0x00, 0x00, 0x2B, 0x91, 0x9D, 0x10,
        0x0E, 0xE9, 0x64, 0xDB, 0x01, 0x06, 0xB6, 0x61, 0xDB, 0xB6, 0x6D, 0xDB,
        0xB1, 0xDE, 0x29, 0x91, 0x52, 0x09, 0x65, 0xDB, 0x00, 0x05, 0x00, 0x00,
        0x00, 0x00, 0x00, 0x00, 0x56, 0xA6, 0xA5, 0x10, 0x4E, 0xE9, 0x64, 0xDB,
        0x00, 0x05, 0x00, 0x00, 0x00, 0x00, 0x00, 0x00, 0x00, 0x05, 0x00, 0x00,
        0x00, 0x00, 0x00, 0x00, 0x00, 0x05, 0x00, 0x00, 0x00, 0x00, 0x00, 0x00,
        0x00, 0x05, 0x00, 0x00, 0x00, 0x00, 0x00, 0x00, 0x00, 0x05, 0x00, 0x00,
        0x00, 0x00, 0x00, 0x00, 0x00, 0x05, 0x00, 0x00, 0x00, 0x00, 0x00, 0x00,
        0x00, 0x05, 0x00, 0x00, 0x00, 0x00, 0x00, 0x00, 0x00, 0x05, 0x00, 0x00,
        0x00, 0x00, 0x00, 0x00, 0x00, 0x05, 0x00, 0x00, 0x00, 0x00, 0x00, 0x00,
        0x00, 0x05, 0x00, 0x00, 0x00, 0x00, 0x00, 0x00, 0x00, 0x05, 0x00, 0x00,
        0x00, 0x00, 0x00, 0x00, 0x00, 0x05, 0x00, 0x00, 0x00, 0x00, 0x00, 0x00,
        0x00, 0x05, 0x00, 0x00, 0x00, 0x00, 0x00, 0x00, 0x00, 0x05, 0x00, 0x00,
        0x00, 0x00, 0x00, 0x00, 0x00, 0x05, 0x00, 0x00, 0x00, 0x00, 0x00, 0x00,
        0x00, 0x05, 0x00, 0x00, 0x00, 0x00, 0x00, 0x00, 0x00, 0x05, 0x00, 0x00,
        0x00, 0x00, 0x00, 0x00, 0x00, 0x05, 0x00, 0x00, 0x00, 0x00, 0x00, 0x00,
        0x00, 0x05, 0x00, 0x00, 0x00, 0x00, 0x00, 0x00, 0x00, 0x05, 0x00, 0x00,
        0x00, 0x00, 0x00, 0x00, 0x00, 0x05, 0x00, 0x00, 0x00, 0x00, 0x00, 0x00,
        0x00, 0x05, 0x00, 0x00, 0x00, 0x00, 0x00, 0x00, 0x00, 0x05, 0x00, 0x00,
        0x00, 0x00, 0x00, 0x00, 0x00, 0x05, 0x00, 0x00, 0x00, 0x00, 0x00, 0x00,
        0x00, 0x05, 0x00, 0x00, 0x00, 0x00, 0x00, 0x00, 0x00, 0x05, 0x00, 0x00,
        0x00, 0x00, 0x00, 0x00, 0x00, 0x05, 0x00, 0x00, 0x00, 0x00, 0x00, 0x00,
        0x00, 0x05, 0x00, 0x00, 0x00, 0x00, 0x00, 0x00, 0x00, 0x05, 0x00, 0x00,
        0x00, 0x00, 0x00, 0x00, 0x00, 0x05, 0x00, 0x00, 0x00, 0x00, 0x00, 0x00,
        0x00, 0x05, 0x00, 0x00, 0x00, 0x00, 0x00, 0x00, 0x00, 0x05, 0x00, 0x00,
        0x00, 0x00, 0x00, 0x00, 0x00, 0x05, 0x00, 0x00, 0x00, 0x00, 0x00, 0x00,
        0x00, 0x05, 0x00, 0x00, 0x00, 0x00, 0x00, 0x00, 0x00, 0x05, 0x00, 0x00,
        0x00, 0x00, 0x00, 0x00, 0x00, 0x05, 0x00, 0x00, 0x00, 0x00, 0x00, 0x00,
        0x00, 0x05, 0x00, 0x00, 0x00, 0x00, 0x00, 0x00, 0x00, 0x05, 0x00, 0x00,
        0x00, 0x00, 0x00, 0x00, 0x00, 0x05, 0x00, 0x00, 0x00, 0x00, 0x00, 0x00,
        0x00, 0x05, 0x00, 0x00, 0x00, 0x00, 0x00, 0x00, 0x00, 0x05, 0x00, 0x00,
        0x00, 0x00, 0x00, 0x00, 0x00, 0x05, 0x00, 0x00, 0x00, 0x00, 0x00, 0x00,
        0x00, 0x05, 0x00, 0x00, 0x00, 0x00, 0x00, 0x00, 0x00, 0x05, 0x00, 0x00,
        0x00, 0x00, 0x00, 0x00, 0x00, 0x05, 0x00, 0x00, 0x00, 0x00, 0x00, 0x00,
        0x00, 0x05, 0x00, 0x00, 0x00, 0x00, 0x00, 0x00, 0x00, 0x05, 0x00, 0x00,
        0x00, 0x00, 0x00, 0x00, 0x00, 0x05, 0x00, 0x00, 0x00, 0x00, 0x00, 0x00,
        0x00, 0x05, 0x00, 0x00, 0x00, 0x00, 0x00, 0x00, 0x00, 0x05, 0x00, 0x00,
        0x00, 0x00, 0x00, 0x00, 0x00, 0x05, 0x00, 0x00, 0x00, 0x00, 0x00, 0x00,
        0x00, 0x05, 0x00, 0x00, 0x00, 0x00, 0x00, 0x00, 0x00, 0x05, 0x00, 0x00,
        0x00, 0x00, 0x00, 0x00, 0x00, 0x05, 0x00, 0x00, 0x00, 0x00, 0x00, 0x00,
        0x00, 0x05, 0x00, 0x00, 0x00, 0x00, 0x00, 0x00, 0x00, 0x05, 0x00, 0x00,
        0x00, 0x00, 0x00, 0x00, 0x00, 0x05, 0x00, 0x00, 0x00, 0x00, 0x00, 0x00,
        0x00, 0x05, 0x00, 0x00, 0x00, 0x00, 0x00, 0x00, 0x00, 0x05, 0x00, 0x00,
        0x00, 0x00, 0x00, 0x00, 0x00, 0x05, 0x00, 0x00, 0x00, 0x00, 0x00, 0x00,
        0x00, 0x05, 0x00, 0x00, 0x00, 0x00, 0x00, 0x00, 0x00, 0x05, 0x00, 0x00,
        0x00, 0x00, 0x00, 0x00, 0x00, 0x05, 0x00, 0x00, 0x00, 0x00, 0x00, 0x00,
        0x00, 0x05, 0x00, 0x00, 0x00, 0x00, 0x00, 0x00, 0x00, 0x05, 0x00, 0x00,
        0x00, 0x00, 0x00, 0x00, 0x00, 0x05, 0x00, 0x00, 0x00, 0x00, 0x00, 0x00,
        0x00, 0x05, 0x00, 0x00, 0x00, 0x00, 0x00, 0x00, 0x00, 0x05, 0x00, 0x00,
        0x00, 0x00, 0x00, 0x00, 0x00, 0x05, 0x00, 0x00, 0x00, 0x00, 0x00, 0x00,
        0x00, 0x05, 0x00, 0x00, 0x00, 0x00, 0x00, 0x00, 0x00, 0x05, 0x00, 0x00,
        0x00, 0x00, 0x00, 0x00, 0x00, 0x05, 0x00, 0x00, 0x00, 0x00, 0x00, 0x00,
        0x00, 0x05, 0x00, 0x00, 0x00, 0x00, 0x00, 0x00, 0x00, 0x05, 0x00, 0x00,
        0x00, 0x00, 0x00, 0x00, 0x00, 0x05, 0x00, 0x00, 0x00, 0x00, 0x00, 0x00,
        0x00, 0x05, 0x00, 0x00, 0x00, 0x00, 0x00, 0x00, 0x00, 0x05, 0x00, 0x00,
        0x00, 0x00, 0x00, 0x00, 0x00, 0x05, 0x00, 0x00, 0x00, 0x00, 0x00, 0x00,
        0x00, 0x05, 0x00, 0x00, 0x00, 0x00, 0x00, 0x00, 0x00, 0x05, 0x00, 0x00,
        0x00, 0x00, 0x00, 0x00, 0x00, 0x05, 0x00, 0x00, 0x00, 0x00, 0x00, 0x00,
        0x00, 0x05, 0x00, 0x00, 0x00, 0x00, 0x00, 0x00, 0x00, 0x05, 0x00, 0x00,
        0x00, 0x00, 0x00, 0x00, 0x00, 0x05, 0x00, 0x00, 0x00, 0x00, 0x00, 0x00,
        0x00, 0x05, 0x00, 0x00, 0x00, 0x00, 0x00, 0x00, 0x00, 0x05, 0x00, 0x00,
        0x00, 0x00, 0x00, 0x00, 0x00, 0x05, 0x00, 0x00, 0x00, 0x00, 0x00, 0x00,
        0x00, 0x05, 0x00, 0x00, 0x00, 0x00, 0x00, 0x00, 0x00, 0x05, 0x00, 0x00,
        0x00, 0x00, 0x00, 0x00, 0x00, 0x05, 0x00, 0x00, 0x00, 0x00, 0x00, 0x00,
        0x00, 0x05, 0x00, 0x00, 0x00, 0x00, 0x00, 0x00, 0x00, 0x05, 0x00, 0x00,
        0x00, 0x00, 0x00, 0x00, 0x00, 0x05, 0x00, 0x00, 0x00, 0x00, 0x00, 0x00,
        0x00, 0x05, 0x00, 0x00, 0x00, 0x00, 0x00, 0x00, 0x00, 0x05, 0x00, 0x00,
        0x00, 0x00, 0x00, 0x00, 0x00, 0x05, 0x00, 0x00, 0x00, 0x00, 0x00, 0x00,
        0x00, 0x05, 0x00, 0x00, 0x00, 0x00, 0x00, 0x00, 0x00, 0x05, 0x00, 0x00,
        0x00, 0x00, 0x00, 0x00, 0x00, 0x05, 0x00, 0x00, 0x00, 0x00, 0x00, 0x00,
        0x00, 0x05, 0x00, 0x00, 0x00, 0x00, 0x00, 0x00, 0x00, 0x05, 0x00, 0x00,
        0x00, 0x00, 0x00, 0x00, 0x00, 0x05, 0x00, 0x00, 0x00, 0x00, 0x00, 0x00,
        0x00, 0x05, 0x00, 0x00, 0x00, 0x00, 0x00, 0x00, 0x00, 0x05, 0x00, 0x00,
        0x00, 0x00, 0x00, 0x00, 0x00, 0x05, 0x00, 0x00, 0x00, 0x00, 0x00, 0x00,
        0x00, 0x05, 0x00, 0x00, 0x00, 0x00, 0x00, 0x00, 0x00, 0x05, 0x00, 0x00,
        0x00, 0x00, 0x00, 0x00, 0x00, 0x05, 0x00, 0x00, 0x00, 0x00, 0x00, 0x00,
        0x00, 0x05, 0x00, 0x00, 0x00, 0x00, 0x00, 0x00, 0x00, 0x05, 0x00, 0x00,
        0x00, 0x00, 0x00, 0x00, 0x00, 0x05, 0x00, 0x00, 0x00, 0x00, 0x00, 0x00,
        0x00, 0x05, 0x00, 0x00, 0x00, 0x00, 0x00, 0x00, 0x00, 0x05, 0x00, 0x00,
        0x00, 0x00, 0x00, 0x00, 0x00, 0x05, 0x00, 0x00, 0x00, 0x00, 0x00, 0x00,
        0x00, 0x05, 0x00, 0x00, 0x00, 0x00, 0x00, 0x00, 0x00, 0x05, 0x00, 0x00,
        0x00, 0x00, 0x00, 0x00, 0x00, 0x05, 0x00, 0x00, 0x00, 0x00, 0x00, 0x00,
        0x00, 0x05, 0x00, 0x00, 0x00, 0x00, 0x00, 0x00, 0x00, 0x05, 0x00, 0x00,
        0x00, 0x00, 0x00, 0x00, 0x00, 0x05, 0x00, 0x00, 0x00, 0x00, 0x00, 0x00,
        0x00, 0x05, 0x00, 0x00, 0x00, 0x00, 0x00, 0x00, 0x00, 0x05, 0x00, 0x00,
        0x00, 0x00, 0x00, 0x00, 0x00, 0x05, 0x00, 0x00, 0x00, 0x00, 0x00, 0x00,
        0x00, 0x05, 0x00, 0x00, 0x00, 0x00, 0x00, 0x00, 0x00, 0x05, 0x00, 0x00,
        0x00, 0x00, 0x00, 0x00, 0x00, 0x05, 0x00, 0x00, 0x00, 0x00, 0x00, 0x00,
        0x00, 0x05, 0x00, 0x00, 0x00, 0x00, 0x00, 0x00, 0x00, 0x05, 0x00, 0x00,
        0x00, 0x00, 0x00, 0x00, 0x00, 0x05, 0x00, 0x00, 0x00, 0x00, 0x00, 0x00,
        0x00, 0x05, 0x00, 0x00, 0x00, 0x00, 0x00, 0x00, 0x00, 0x05, 0x00, 0x00,
        0x00, 0x00, 0x00, 0x00, 0x00, 0x05, 0x00, 0x00, 0x00, 0x00, 0x00, 0x00,
        0x00, 0x05, 0x00, 0x00, 0x00, 0x00, 0x00, 0x00, 0x00, 0x05, 0x00, 0x00,
        0x00, 0x00, 0x00, 0x00, 0x00, 0x05, 0x00, 0x00, 0x00, 0x00, 0x00, 0x00,
        0x00, 0x05, 0x00, 0x00, 0x00, 0x00, 0x00, 0x00, 0x00, 0x05, 0x00, 0x00,
        0x00, 0x00, 0x00, 0x00, 0x00, 0x05, 0x00, 0x00, 0x00, 0x00, 0x00, 0x00,
        0x00, 0x05, 0x00, 0x00, 0x00, 0x00, 0x00, 0x00, 0x00, 0x05, 0x00, 0x00,
        0x00, 0x00, 0x00, 0x00, 0x00, 0x05, 0x00, 0x00, 0x00, 0x00, 0x00, 0x00,
        0x00, 0x05, 0x00, 0x00, 0x00, 0x00, 0x00, 0x00, 0x00, 0x05, 0x00, 0x00,
        0x00, 0x00, 0x00, 0x00, 0x00, 0x05, 0x00, 0x00, 0x00, 0x00, 0x00, 0x00,
        0x00, 0x05, 0x00, 0x00, 0x00, 0x00, 0x00, 0x00, 0x00, 0x05, 0x00, 0x00,
        0x00, 0x00, 0x00, 0x00, 0x00, 0x05, 0x00, 0x00, 0x00, 0x00, 0x00, 0x00,
        0x00, 0x05, 0x00, 0x00, 0x00, 0x00, 0x00, 0x00, 0x00, 0x05, 0x00, 0x00,
        0x00, 0x00, 0x00, 0x00, 0x00, 0x05, 0x00, 0x00, 0x00, 0x00, 0x00, 0x00,
        0x00, 0x05, 0x00, 0x00, 0x00, 0x00, 0x00, 0x00, 0x00, 0x05, 0x00, 0x00,
        0x00, 0x00, 0x00, 0x00, 0x00, 0x05, 0x00, 0x00, 0x00, 0x00, 0x00, 0x00,
        0x00, 0x05, 0x00, 0x00, 0x00, 0x00, 0x00, 0x00, 0x00, 0x05, 0x00, 0x00,
        0x00, 0x00, 0x00, 0x00, 0x00, 0x05, 0x00, 0x00, 0x00, 0x00, 0x00, 0x00,
        0x00, 0x05, 0x00, 0x00, 0x00, 0x00, 0x00, 0x00, 0x00, 0x05, 0x00, 0x00,
        0x00, 0x00, 0x00, 0x00, 0x00, 0x05, 0x00, 0x00, 0x00, 0x00, 0x00, 0x00,
        0x00, 0x05, 0x00, 0x00, 0x00, 0x00, 0x00, 0x00, 0x00, 0x05, 0x00, 0x00,
        0x00, 0x00, 0x00, 0x00, 0x00, 0x05, 0x00, 0x00, 0x00, 0x00, 0x00, 0x00,
        0x00, 0x05, 0x00, 0x00, 0x00, 0x00, 0x00, 0x00, 0x00, 0x05, 0x00, 0x00,
        0x00, 0x00, 0x00, 0x00, 0x00, 0x05, 0x00, 0x00, 0x00, 0x00, 0x00, 0x00,
        0x00, 0x05, 0x00, 0x00, 0x00, 0x00, 0x00, 0x00, 0x00, 0x05, 0x00, 0x00,
        0x00, 0x00, 0x00, 0x00, 0x00, 0x05, 0x00, 0x00, 0x00, 0x00, 0x00, 0x00,
        0x00, 0x05, 0x00, 0x00, 0x00, 0x00, 0x00, 0x00, 0x00, 0x05, 0x00, 0x00,
        0x00, 0x00, 0x00, 0x00, 0x00, 0x05, 0x00, 0x00, 0x00, 0x00, 0x00, 0x00,
        0x00, 0x05, 0x00, 0x00, 0x00, 0x00, 0x00, 0x00, 0x00, 0x05, 0x00, 0x00,
        0x00, 0x00, 0x00, 0x00, 0x00, 0x05, 0x00, 0x00, 0x00, 0x00, 0x00, 0x00,
        0x00, 0x05, 0x00, 0x00, 0x00, 0x00, 0x00, 0x00, 0x00, 0x05, 0x00, 0x00,
        0x00, 0x00, 0x00, 0x00, 0x00, 0x05, 0x00, 0x00, 0x00, 0x00, 0x00, 0x00,
        0x00, 0x05, 0x00, 0x00, 0x00, 0x00, 0x00, 0x00, 0x00, 0x05, 0x00, 0x00,
        0x00, 0x00, 0x00, 0x00, 0x00, 0x05, 0x00, 0x00, 0x00, 0x00, 0x00, 0x00,
        0x00, 0x05, 0x00, 0x00, 0x00, 0x00, 0x00, 0x00, 0x00, 0x05, 0x00, 0x00,
        0x00, 0x00, 0x00, 0x00, 0x00, 0x05, 0x00, 0x00, 0x00, 0x00, 0x00, 0x00,
        0x00, 0x05, 0x00, 0x00, 0x00, 0x00, 0x00, 0x00, 0x00, 0x05, 0x00, 0x00,
        0x00, 0x00, 0x00, 0x00, 0x00, 0x05, 0x00, 0x00, 0x00, 0x00, 0x00, 0x00,
        0x00, 0x05, 0x00, 0x00, 0x00, 0x00, 0x00, 0x00, 0x00, 0x05, 0x00, 0x00,
        0x00, 0x00, 0x00, 0x00, 0x00, 0x05, 0x00, 0x00, 0x00, 0x00, 0x00, 0x00,
        0x00, 0x05, 0x00, 0x00, 0x00, 0x00, 0x00, 0x00, 0x00, 0x05, 0x00, 0x00,
        0x00, 0x00, 0x00, 0x00, 0x00, 0x05, 0x00, 0x00, 0x00, 0x00, 0x00, 0x00,
        0x00, 0x05, 0x00, 0x00, 0x00, 0x00, 0x00, 0x00, 0x00, 0x05, 0x00, 0x00,
        0x00, 0x00, 0x00, 0x00, 0x00, 0x05, 0x00, 0x00, 0x00, 0x00, 0x00, 0x00,
        0x00, 0x05, 0x00, 0x00, 0x00, 0x00, 0x00, 0x00, 0x00, 0x05, 0x00, 0x00,
        0x00, 0x00, 0x00, 0x00, 0x00, 0x05, 0x00, 0x00, 0x00, 0x00, 0x00, 0x00,
        0x00, 0x05, 0x00, 0x00, 0x00, 0x00, 0x00, 0x00, 0x00, 0x05, 0x00, 0x00,
        0x00, 0x00, 0x00, 0x00, 0x00, 0x05, 0x00, 0x00, 0x00, 0x00, 0x00, 0x00,
        0x00, 0x05, 0x00, 0x00, 0x00, 0x00, 0x00, 0x00, 0x00, 0x05, 0x00, 0x00,
        0x00, 0x00, 0x00, 0x00, 0x00, 0x05, 0x00, 0x00, 0x00, 0x00, 0x00, 0x00,
        0x00, 0x05, 0x00, 0x00, 0x00, 0x00, 0x00, 0x00, 0x00, 0x05, 0x00, 0x00,
        0x00, 0x00, 0x00, 0x00, 0x00, 0x05, 0x00, 0x00, 0x00, 0x00, 0x00, 0x00,
        0x00, 0x05, 0x00, 0x00, 0x00, 0x00, 0x00, 0x00, 0x00, 0x05, 0x00, 0x00,
        0x00, 0x00, 0x00, 0x00, 0x00, 0x05, 0x00, 0x00, 0x00, 0x00, 0x00, 0x00,
        0x00, 0x05, 0x00, 0x00, 0x00, 0x00, 0x00, 0x00, 0x00, 0x05, 0x00, 0x00,
        0x00, 0x00, 0x00, 0x00, 0x00, 0x05, 0x00, 0x00, 0x00, 0x00, 0x00, 0x00,
        0x00, 0x05, 0x00, 0x00, 0x00, 0x00, 0x00, 0x00, 0x00, 0x05, 0x00, 0x00,
        0x00, 0x00, 0x00, 0x00, 0x00, 0x05, 0x00, 0x00, 0x00, 0x00, 0x00, 0x00,
        0x00, 0x05, 0x00, 0x00, 0x00, 0x00, 0x00, 0x00, 0x00, 0x05, 0x00, 0x00,
        0x00, 0x00, 0x00, 0x00, 0x00, 0x05, 0x00, 0x00, 0x00, 0x00, 0x00, 0x00,
        0x00, 0x05, 0x00, 0x00, 0x00, 0x00, 0x00, 0x00, 0x00, 0x05, 0x00, 0x00,
        0x00, 0x00, 0x00, 0x00, 0x00, 0x05, 0x00, 0x00, 0x00, 0x00, 0x00, 0x00,
        0x00, 0x05, 0x00, 0x00, 0x00, 0x00, 0x00, 0x00, 0x00, 0x05, 0x00, 0x00,
        0x00, 0x00, 0x00, 0x00, 0x00, 0x05, 0x00, 0x00, 0x00, 0x00, 0x00, 0x00,
        0x00, 0x05, 0x00, 0x00, 0x00, 0x00, 0x00, 0x00, 0x00, 0x05, 0x00, 0x00,
        0x00, 0x00, 0x00, 0x00, 0x00, 0x05, 0x00, 0x00, 0x00, 0x00, 0x00, 0x00,
        0x00, 0x05, 0x00, 0x00, 0x00, 0x00, 0x00, 0x00, 0x00, 0x05, 0x00, 0x00,
        0x00, 0x00, 0x00, 0x00, 0x00, 0x05, 0x00, 0x00, 0x00, 0x00, 0x00, 0x00,
        0x00, 0x05, 0x00, 0x00, 0x00, 0x00, 0x00, 0x00, 0x00, 0x05, 0x00, 0x00,
        0x00, 0x00, 0x00, 0x00, 0x00, 0x05, 0x00, 0x00, 0x00, 0x00, 0x00, 0x00,
        0x00, 0x05, 0x00, 0x00, 0x00, 0x00, 0x00, 0x00, 0x00, 0x05, 0x00, 0x00,
        0x00, 0x00, 0x00, 0x00, 0x00, 0x05, 0x00, 0x00, 0x00, 0x00, 0x00, 0x00,
        0x00, 0x05, 0x00, 0x00, 0x00, 0x00, 0x00, 0x00, 0x00, 0x05, 0x00, 0x00,
        0x00, 0x00, 0x00, 0x00, 0x00, 0x05, 0x00, 0x00, 0x00, 0x00, 0x00, 0x00,
        0x00, 0x05, 0x00, 0x00, 0x00, 0x00, 0x00, 0x00, 0x00, 0x05, 0x00, 0x00,
        0x00, 0x00, 0x00, 0x00, 0x00, 0x05, 0x00, 0x00, 0x00, 0x00, 0x00, 0x00,
        0x00, 0x05, 0x00, 0x00, 0x00, 0x00, 0x00, 0x00, 0x00, 0x05, 0x00, 0x00,
        0x00, 0x00, 0x00, 0x00, 0x00, 0x05, 0x00, 0x00, 0x00, 0x00, 0x00, 0x00,
        0x00, 0x05, 0x00, 0x00, 0x00, 0x00, 0x00, 0x00, 0x00, 0x05, 0x00, 0x00,
        0x00, 0x00, 0x00, 0x00, 0x00, 0x05, 0x00, 0x00, 0x00, 0x00, 0x00, 0x00,
        0x00, 0x05, 0x00, 0x00, 0x00, 0x00, 0x00, 0x00, 0x00, 0x05, 0x00, 0x00,
        0x00, 0x00, 0x00, 0x00, 0x00, 0x05, 0x00, 0x00, 0x00, 0x00, 0x00, 0x00,
        0x00, 0x05, 0x00, 0x00, 0x00, 0x00, 0x00, 0x00, 0x00, 0x05, 0x00, 0x00,
        0x00, 0x00, 0x00, 0x00, 0x00, 0x05, 0x00, 0x00, 0x00, 0x00, 0x00, 0x00,
        0x00, 0x05, 0x00, 0x00, 0x00, 0x00, 0x00, 0x00, 0x00, 0x05, 0x00, 0x00,
        0x00, 0x00, 0x00, 0x00, 0x00, 0x05, 0x00, 0x00, 0x00, 0x00, 0x00, 0x00,
        0x00, 0x05, 0x00, 0x00, 0x00, 0x00, 0x00, 0x00, 0x00, 0x05, 0x00, 0x00,
        0x00, 0x00, 0x00, 0x00, 0x00, 0x05, 0x00, 0x00, 0x00, 0x00, 0x00, 0x00,
        0x00, 0x05, 0x00, 0x00, 0x00, 0x00, 0x00, 0x00, 0x00, 0x05, 0x00, 0x00,
        0x00, 0x00, 0x00, 0x00, 0x00, 0x05, 0x00, 0x00, 0x00, 0x00, 0x00, 0x00,
        0x00, 0x05, 0x00, 0x00, 0x00, 0x00, 0x00, 0x00, 0x00, 0x05, 0x00, 0x00,
        0x00, 0x00, 0x00, 0x00, 0x00, 0x05, 0x00, 0x00, 0x00, 0x00, 0x00, 0x00,
        0x00, 0x05, 0x00, 0x00, 0x00, 0x00, 0x00, 0x00, 0x00, 0x05, 0x00, 0x00,
        0x00, 0x00, 0x00, 0x00, 0x00, 0x05, 0x00, 0x00, 0x00, 0x00, 0x00, 0x00,
        0x00, 0x05, 0x00, 0x00, 0x00, 0x00, 0x00, 0x00, 0x00, 0x05, 0x00, 0x00,
        0x00, 0x00, 0x00, 0x00, 0x00, 0x05, 0x00, 0x00, 0x00, 0x00, 0x00, 0x00,
        0x00, 0x05, 0x00, 0x00, 0x00, 0x00, 0x00, 0x00, 0x00, 0x05, 0x00, 0x00,
        0x00, 0x00, 0x00, 0x00, 0x00, 0x05, 0x00, 0x00, 0x00, 0x00, 0x00, 0x00,
        0x00, 0x05, 0x00, 0x00, 0x00, 0x00, 0x00, 0x00, 0x00, 0x05, 0x00, 0x00,
        0x00, 0x00, 0x00, 0x00, 0x00, 0x05, 0x00, 0x00, 0x00, 0x00, 0x00, 0x00,
        0x00, 0x05, 0x00, 0x00, 0x00, 0x00, 0x00, 0x00, 0x00, 0x05, 0x00, 0x00,
        0x00, 0x00, 0x00, 0x00, 0x00, 0x05, 0x00, 0x00, 0x00, 0x00, 0x00, 0x00,
        0x00, 0x05, 0x00, 0x00, 0x00, 0x00, 0x00, 0x00, 0x00, 0x05, 0x00, 0x00,
        0x00, 0x00, 0x00, 0x00, 0x00, 0x05, 0x00, 0x00, 0x00, 0x00, 0x00, 0x00,
        0x00, 0x05, 0x00, 0x00, 0x00, 0x00, 0x00, 0x00, 0x00, 0x05, 0x00, 0x00,
        0x00, 0x00, 0x00, 0x00, 0x00, 0x05, 0x00, 0x00, 0x00, 0x00, 0x00, 0x00,
        0x00, 0x05, 0x00, 0x00, 0x00, 0x00, 0x00, 0x00, 0x00, 0x05, 0x00, 0x00,
        0x00, 0x00, 0x00, 0x00, 0x00, 0x05, 0x00, 0x00, 0x00, 0x00, 0x00, 0x00,
        0x00, 0x05, 0x00, 0x00, 0x00, 0x00, 0x00, 0x00, 0x00, 0x05, 0x00, 0x00,
        0x00, 0x00, 0x00, 0x00, 0x00, 0x05, 0x00, 0x00, 0x00, 0x00, 0x00, 0x00,
        0x00, 0x05, 0x00, 0x00, 0x00, 0x00, 0x00, 0x00, 0x00, 0x05, 0x00, 0x00,
        0x00, 0x00, 0x00, 0x00, 0x00, 0x05, 0x00, 0x00, 0x00, 0x00, 0x00, 0x00,
        0x00, 0x05, 0x00, 0x00, 0x00, 0x00, 0x00, 0x00, 0x00, 0x05, 0x00, 0x00,
        0x00, 0x00, 0x00, 0x00, 0x00, 0x05, 0x00, 0x00, 0x00, 0x00, 0x00, 0x00,
        0x00, 0x05, 0x00, 0x00, 0x00, 0x00, 0x00, 0x00, 0x37, 0xD9, 0xB6, 0x6D,
        0xDB, 0xB6, 0x8D, 0x26, 0x00, 0x05, 0x00, 0x00, 0x00, 0x00, 0x00, 0x00,
        0xDB, 0xE0, 0xB6, 0x6D, 0xDB, 0xB6, 0x0D, 0x6D, 0x00, 0x05, 0x00, 0x00,
        0x00, 0x00, 0x00, 0x00, 0x4C, 0xDA, 0xB6, 0x6D, 0xDB, 0xB6, 0x8D, 0x26,
        0x04, 0x09, 0xB6, 0x6D, 0xDB, 0xB6, 0x0D, 0xDB, 0xDC, 0xE1, 0xB6, 0x6D,
        0xDB, 0xB6, 0x0D, 0x69, 0x00, 0x05, 0x00, 0x00, 0x00, 0x00, 0x00, 0x00,
        0x00, 0x05, 0x00, 0x00, 0x00, 0x00, 0x00, 0x00, 0x00, 0x05, 0x00, 0x00,
        0x00, 0x00, 0x00, 0x00, 0x00, 0x05, 0x00, 0x00, 0x00, 0x00, 0x00, 0x00,
        0x00, 0x05, 0x00, 0x00, 0x00, 0x00, 0x00, 0x00, 0x9B, 0xD9, 0xB6, 0x6D,
        0xDB, 0xB6, 0x2D, 0x30, 0x00, 0x05, 0x00, 0x00, 0x00, 0x00, 0x00, 0x00,
        0xDB, 0xE0, 0xB6, 0x6D, 0xDB, 0xB6, 0x0D, 0x6D, 0x00, 0x05, 0x00, 0x00,
        0x00, 0x00, 0x00, 0x00, 0x61, 0xDB, 0xB6, 0x6D, 0xDB, 0xB6, 0x8D, 0x26,
        0x01, 0x06, 0xB6, 0x6D, 0xDB, 0xB6, 0x0D, 0xDB, 0xDD, 0xE2, 0xB6, 0x6D,
        0xDB, 0xB6, 0x0D, 0x48, 0x00, 0x05, 0x00, 0x00, 0x00, 0x00, 0x00, 0x00,
        0x00, 0x05, 0x00, 0x00, 0x00, 0x00, 0x00, 0x00, 0x00, 0x05, 0x00, 0x00,
        0x00, 0x00, 0x00, 0x00, 0x00, 0x05, 0x00, 0x00, 0x00, 0x00, 0x00, 0x00,
        0x00, 0x05, 0x00, 0x00, 0x00, 0x00, 0x00, 0x00, 0x00, 0x05, 0x00, 0x00,
        0x00, 0x00, 0x00, 0x00, 0x00, 0x05, 0x00, 0x00, 0x00, 0x00, 0x00, 0x00,
        0x00, 0x05, 0x00, 0x00, 0x00, 0x00, 0x00, 0x00, 0x00, 0x05, 0x00, 0x00,
        0x00, 0x00, 0x00, 0x00, 0x00, 0x05, 0x00, 0x00, 0x00, 0x00, 0x00, 0x00,
        0x00, 0x05, 0x00, 0x00, 0x00, 0x00, 0x00, 0x00, 0x00, 0x05, 0x00, 0x00,
        0x00, 0x00, 0x00, 0x00, 0x00, 0x05, 0x00, 0x00, 0x00, 0x00, 0x00, 0x00,
        0x00, 0x05, 0x00, 0x00, 0x00, 0x00, 0x00, 0x00, 0x00, 0x05, 0x00, 0x00,
        0x00, 0x00, 0x00, 0x00, 0x00, 0x05, 0x00, 0x00, 0x00, 0x00, 0x00, 0x00,
        0x00, 0x05, 0x00, 0x00, 0x00, 0x00, 0x00, 0x00, 0x00, 0x05, 0x00, 0x00,
        0x00, 0x00, 0x00, 0x00, 0x00, 0x05, 0x00, 0x00, 0x00, 0x00, 0x00, 0x00,
        0x00, 0x05, 0x00, 0x00, 0x00, 0x00, 0x00, 0x00, 0x00, 0x05, 0x00, 0x00,
        0x00, 0x00, 0x00, 0x00, 0xD9, 0x00, 0x16, 0x10, 0x0A, 0x09, 0x95, 0x98,
        0x00, 0x05, 0x00, 0x00, 0x00, 0x00, 0x00, 0x00, 0xDD, 0xA5, 0x00, 0x20,
        0x01, 0xDC, 0x14, 0x73, 0x00, 0x05, 0x00, 0x00, 0x00, 0x00, 0x00, 0x00,
        0xDA, 0x00, 0x16, 0x70, 0x0A, 0xF1, 0x94, 0x77, 0x17, 0x00, 0x4F, 0xD2,
        0x24, 0x4B, 0x02, 0x27, 0xDE, 0xB2, 0x00, 0x20, 0x01, 0xDC, 0x14, 0x93,
        0x00, 0x05, 0x00, 0x00, 0x00, 0x00, 0x00, 0x00, 0x00, 0x05, 0x00, 0x00,
        0x00, 0x00, 0x00, 0x00, 0x00, 0x05, 0x00, 0x00, 0x00, 0x00, 0x00, 0x00,
        0x00, 0x05, 0x00, 0x00, 0x00, 0x00, 0x00, 0x00, 0x00, 0x05, 0x00, 0x00,
        0x00, 0x00, 0x00, 0x00, 0xD9, 0x2B, 0x9B, 0xD0, 0x0E, 0x4B, 0x37, 0x9F,
        0x00, 0x05, 0x00, 0x00, 0x00, 0x00, 0x00, 0x00, 0xDD, 0xA5, 0x00, 0x20,
        0x01, 0xDC, 0x14, 0x73, 0x00, 0x05, 0x00, 0x00, 0x00, 0x00, 0x00, 0x00,
        0xDB, 0x00, 0x15, 0xF0, 0x09, 0xE9, 0x14, 0x73, 0x01, 0x13, 0xB0, 0x2D,
        0xDB, 0xB3, 0x1D, 0xDB, 0xDE, 0xBE, 0x00, 0x20, 0x01, 0x9C, 0x14, 0x73,
        0x00, 0x05, 0x00, 0x00, 0x00, 0x00, 0x00, 0x00, 0x00, 0x05, 0x00, 0x00,
        0x00, 0x00, 0x00, 0x00, 0x00, 0x05, 0x00, 0x00, 0x00, 0x00, 0x00, 0x00,
        0x00, 0x05, 0x00, 0x00, 0x00, 0x00, 0x00, 0x00, 0x00, 0x05, 0x00, 0x00,
        0x00, 0x00, 0x00, 0x00, 0x00, 0x05, 0x00, 0x00, 0x00, 0x00, 0x00, 0x00,
        0x00, 0x05, 0x00, 0x00, 0x00, 0x00, 0x00, 0x00, 0x00, 0x05, 0x00, 0x00,
        0x00, 0x00, 0x00, 0x00, 0x00, 0x05, 0x00, 0x00, 0x00, 0x00, 0x00, 0x00,
        0x00, 0x05, 0x00, 0x00, 0x00, 0x00, 0x00, 0x00, 0x00, 0x05, 0x00, 0x00,
        0x00, 0x00, 0x00, 0x00, 0x00, 0x05, 0x00, 0x00, 0x00, 0x00, 0x00, 0x00,
        0x00, 0x05, 0x00, 0x00, 0x00, 0x00, 0x00, 0x00, 0x00, 0x05, 0x00, 0x00,
        0x00, 0x00, 0x00, 0x00, 0x00, 0x05, 0x00, 0x00, 0x00, 0x00, 0x00, 0x00,
        0x00, 0x05, 0x00, 0x00, 0x00, 0x00, 0x00, 0x00, 0x00, 0x05, 0x00, 0x00,
        0x00, 0x00, 0x00, 0x00, 0x00, 0x05, 0x00, 0x00, 0x00, 0x00, 0x00, 0x00,
        0x00, 0x05, 0x00, 0x00, 0x00, 0x00, 0x00, 0x00, 0x00, 0x05, 0x00, 0x00,
        0x00, 0x00, 0x00, 0x00, 0x00, 0x05, 0x00, 0x00, 0x00, 0x00, 0x00, 0x00,
        0xCD, 0x00, 0xA1, 0x90, 0x50, 0x89, 0x99, 0xA4, 0x00, 0x05, 0x00, 0x00,
        0x00, 0x00, 0x00, 0x00, 0xDB, 0x84, 0x02, 0x30, 0x09, 0xE5, 0x14, 0x73,
        0x00, 0x05, 0x00, 0x00, 0x00, 0x00, 0x00, 0x00, 0xD1, 0x00, 0x9F, 0x10,
        0x4F, 0x79, 0x97, 0x98, 0x05, 0x1B, 0xB2, 0x4D, 0xDB, 0x85, 0x1D, 0xD9,
        0xDC, 0x97, 0x00, 0x30, 0x09, 0xE5, 0x14, 0x93, 0x00, 0x05, 0x00, 0x00,
        0x00, 0x00, 0x00, 0x00, 0x00, 0x05, 0x00, 0x00, 0x00, 0x00, 0x00, 0x00,
        0x00, 0x05, 0x00, 0x00, 0x00, 0x00, 0x00, 0x00, 0x00, 0x05, 0x00, 0x00,
        0x00, 0x00, 0x00, 0x00, 0x00, 0x05, 0x00, 0x00, 0x00, 0x00, 0x00, 0x00,
        0xCD, 0x03, 0xA4, 0xB0, 0x53, 0xAA, 0x29, 0xA6, 0x00, 0x05, 0x00, 0x00,
        0x00, 0x00, 0x00, 0x00, 0xDB, 0x84, 0x02, 0x30, 0x09, 0xE5, 0x14, 0x73,
        0x00, 0x05, 0x00, 0x00, 0x00, 0x00, 0x00, 0x00, 0xD5, 0x00, 0x1F, 0x90,
        0x4A, 0x31, 0x95, 0x77, 0x18, 0x00, 0x4F, 0xD2, 0x24, 0x4A, 0x82, 0x24,
        0xDD, 0xAB, 0x00, 0x30, 0x09, 0xE5, 0x14, 0x73, 0x00, 0x05, 0x00, 0x00,
        0x00, 0x00, 0x00, 0x00, 0x00, 0x05, 0x00, 0x00, 0x00, 0x00, 0x00, 0x00,
        0x00, 0x05, 0x00, 0x00, 0x00, 0x00, 0x00, 0x00, 0x00, 0x05, 0x00, 0x00,
        0x00, 0x00, 0x00, 0x00, 0x00, 0x05, 0x00, 0x00, 0x00, 0x00, 0x00, 0x00,
        0x00, 0x05, 0x00, 0x00, 0x00, 0x00, 0x00, 0x00, 0x00, 0x05, 0x00, 0x00,
        0x00, 0x00, 0x00, 0x00, 0x00, 0x05, 0x00, 0x00, 0x00, 0x00, 0x00, 0x00,
        0x00, 0x05, 0x00, 0x00, 0x00, 0x00, 0x00, 0x00, 0x00, 0x05, 0x00, 0x00,
        0x00, 0x00, 0x00, 0x00, 0x00, 0x05, 0x00, 0x00, 0x00, 0x00, 0x00, 0x00,
        0x00, 0x05, 0x00, 0x00, 0x00, 0x00, 0x00, 0x00, 0x00, 0x05, 0x00, 0x00,
        0x00, 0x00, 0x00, 0x00, 0x00, 0x05, 0x00, 0x00, 0x00, 0x00, 0x00, 0x00,
        0x00, 0x05, 0x00, 0x00, 0x00, 0x00, 0x00, 0x00, 0x00, 0x05, 0x00, 0x00,
        0x00, 0x00, 0x00, 0x00, 0x00, 0x05, 0x00, 0x00, 0x00, 0x00, 0x00, 0x00,
        0x00, 0x05, 0x00, 0x00, 0x00, 0x00, 0x00, 0x00, 0x00, 0x05, 0x00, 0x00,
        0x00, 0x00, 0x00, 0x00, 0x00, 0x05, 0x00, 0x00, 0x00, 0x00, 0x00, 0x00,
        0x00, 0x05, 0x00, 0x00, 0x00, 0x00, 0x00, 0x00, 0x54, 0x00, 0x49, 0x90,
        0xA4, 0x49, 0x92, 0x24, 0x00, 0x05, 0x00, 0x00, 0x00, 0x00, 0x00, 0x00,
        0xBC, 0x1D, 0x13, 0xD0, 0x49, 0xEF, 0x16, 0x73, 0x00, 0x05, 0x00, 0x00,
        0x00, 0x00, 0x00, 0x00, 0x71, 0x00, 0x79, 0x91, 0x78, 0xC9, 0x9B, 0xDC,
        0x02, 0x1E, 0x91, 0x9D, 0xC1, 0x99, 0x1C, 0x0A, 0xC3, 0x46, 0x13, 0xD0,
        0x49, 0xEF, 0x16, 0x73, 0x00, 0x05, 0x00, 0x00, 0x00, 0x00, 0x00, 0x00,
        0x00, 0x05, 0x00, 0x00, 0x00, 0x00, 0x00, 0x00, 0x00, 0x05, 0x00, 0x00,
        0x00, 0x00, 0x00, 0x00, 0x00, 0x05, 0x00, 0x00, 0x00, 0x00, 0x00, 0x00,
        0x00, 0x05, 0x00, 0x00, 0x00, 0x00, 0x00, 0x00, 0xDA, 0x01, 0x62, 0x8A,
        0xFD, 0x50, 0x03, 0xF1, 0x00, 0x05, 0x00, 0x00, 0x00, 0x00, 0x00, 0x00,
        0xBC, 0x1D, 0x13, 0xD0, 0x49, 0xEF, 0x16, 0x73, 0x00, 0x05, 0x00, 0x00,
        0x00, 0x00, 0x00, 0x00, 0x8F, 0x00, 0xF9, 0x90, 0x54, 0x89, 0x97, 0x98,
        0x1D, 0x00, 0x4A, 0xA2, 0x24, 0x78, 0x02, 0x27, 0xCB, 0x70, 0x93, 0xD0,
        0x49, 0xEF, 0x16, 0x73, 0x00, 0x05, 0x00, 0x00, 0x00, 0x00, 0x00, 0x00,
        0x00, 0x05, 0x00, 0x00, 0x00, 0x00, 0x00, 0x00, 0x00, 0x05, 0x00, 0x00,
        0x00, 0x00, 0x00, 0x00, 0x00, 0x05, 0x00, 0x00, 0x00, 0x00, 0x00, 0x00,
        0x00, 0x05, 0x00, 0x00, 0x00, 0x00, 0x00, 0x00, 0x00, 0x05, 0x00, 0x00,
        0x00, 0x00, 0x00, 0x00, 0x00, 0x05, 0x00, 0x00, 0x00, 0x00, 0x00, 0x00,
        0x00, 0x05, 0x00, 0x00, 0x00, 0x00, 0x00, 0x00, 0x00, 0x05, 0x00, 0x00,
        0x00, 0x00, 0x00, 0x00, 0x00, 0x05, 0x00, 0x00, 0x00, 0x00, 0x00, 0x00,
        0x00, 0x05, 0x00, 0x00, 0x00, 0x00, 0x00, 0x00, 0x00, 0x05, 0x00, 0x00,
        0x00, 0x00, 0x00, 0x00, 0x00, 0x05, 0x00, 0x00, 0x00, 0x00, 0x00, 0x00,
        0x00, 0x05, 0x00, 0x00, 0x00, 0x00, 0x00, 0x00, 0x00, 0x05, 0x00, 0x00,
        0x00, 0x00, 0x00, 0x00, 0x00, 0x05, 0x00, 0x00, 0x00, 0x00, 0x00, 0x00,
        0x00, 0x05, 0x00, 0x00, 0x00, 0x00, 0x00, 0x00, 0x00, 0x05, 0x00, 0x00,
        0x00, 0x00, 0x00, 0x00, 0x00, 0x05, 0x00, 0x00, 0x00, 0x00, 0x00, 0x00,
        0x00, 0x05, 0x00, 0x00, 0x00, 0x00, 0x00, 0x00, 0x00, 0x05, 0x00, 0x00,
        0x00, 0x00, 0x00, 0x00, 0x27, 0x2C, 0xB6, 0x61, 0xDB, 0xB6, 0x6D, 0xDB,
        0x00, 0x05, 0x00, 0x00, 0x00, 0x00, 0x00, 0x00, 0x1D, 0xAB, 0x6B, 0x23,
        0xB6, 0x18, 0x6B, 0x8D, 0x00, 0x05, 0x00, 0x00, 0x00, 0x00, 0x00, 0x00,
        0x4E, 0x00, 0x49, 0x91, 0x98, 0xC9, 0x9B, 0xBC, 0x1E, 0x00, 0xE8, 0x83,
        0x3E, 0xA0, 0x83, 0xF9, 0xB6, 0x30, 0x9C, 0x50, 0x4E, 0x2F, 0x17, 0x77,
        0x00, 0x05, 0x00, 0x00, 0x00, 0x00, 0x00, 0x00, 0x00, 0x05, 0x00, 0x00,
        0x00, 0x00, 0x00, 0x00, 0x00, 0x05, 0x00, 0x00, 0x00, 0x00, 0x00, 0x00,
        0x00, 0x05, 0x00, 0x00, 0x00, 0x00, 0x00, 0x00, 0x00, 0x05, 0x00, 0x00,
        0x00, 0x00, 0x00, 0x00, 0xDB, 0x01, 0xD8, 0x0F, 0x35, 0x10, 0x0F, 0xD1,
        0x00, 0x05, 0x00, 0x00, 0x00, 0x00, 0x00, 0x00, 0x1D, 0xAB, 0x6B, 0x23,
        0xB6, 0x18, 0x6B, 0x8D, 0x00, 0x05, 0x00, 0x00, 0x00, 0x00, 0x00, 0x00,
        0x76, 0x00, 0x09, 0x91, 0x54, 0x89, 0x97, 0x9C, 0x1D, 0x00, 0x4A, 0x82,
        0x27, 0x70, 0x02, 0x26, 0xC1, 0x5F, 0x9C, 0x60, 0x4E, 0x2F, 0x17, 0x77,
        0x00, 0x05, 0x00, 0x00, 0x00, 0x00, 0x00, 0x00, 0x00, 0x05, 0x00, 0x00,
        0x00, 0x00, 0x00, 0x00, 0x00, 0x05, 0x00, 0x00, 0x00, 0x00, 0x00, 0x00,
        0x00, 0x05, 0x00, 0x00, 0x00, 0x00, 0x00, 0x00, 0x00, 0x05, 0x00, 0x00,
        0x00, 0x00, 0x00, 0x00, 0x00, 0x05, 0x00, 0x00, 0x00, 0x00, 0x00, 0x00,
        0x00, 0x05, 0x00, 0x00, 0x00, 0x00, 0x00, 0x00, 0x00, 0x05, 0x00, 0x00,
        0x00, 0x00, 0x00, 0x00, 0x00, 0x05, 0x00, 0x00, 0x00, 0x00, 0x00, 0x00,
        0x00, 0x05, 0x00, 0x00, 0x00, 0x00, 0x00, 0x00, 0x00, 0x05, 0x00, 0x00,
        0x00, 0x00, 0x00, 0x00, 0x00, 0x05, 0x00, 0x00, 0x00, 0x00, 0x00, 0x00,
        0x00, 0x05, 0x00, 0x00, 0x00, 0x00, 0x00, 0x00, 0x00, 0x05, 0x00, 0x00,
        0x00, 0x00, 0x00, 0x00, 0x00, 0x05, 0x00, 0x00, 0x00, 0x00, 0x00, 0x00,
        0x00, 0x05, 0x00, 0x00, 0x00, 0x00, 0x00, 0x00, 0x00, 0x05, 0x00, 0x00,
        0x00, 0x00, 0x00, 0x00, 0x00, 0x05, 0x00, 0x00, 0x00, 0x00, 0x00, 0x00,
        0x00, 0x05, 0x00, 0x00, 0x00, 0x00, 0x00, 0x00, 0x00, 0x05, 0x00, 0x00,
        0x00, 0x00, 0x00, 0x00, 0x00, 0x05, 0x00, 0x00, 0x00, 0x00, 0x00, 0x00,
        0x00, 0x05, 0x00, 0x00, 0x00, 0x00, 0x00, 0x00, 0x00, 0x05, 0x00, 0x00,
        0x00, 0x00, 0x00, 0x00, 0x13, 0x70, 0x5E, 0x63, 0xAC, 0xB6, 0x68, 0x63,
        0x00, 0x05, 0x00, 0x00, 0x00, 0x00, 0x00, 0x00, 0x02, 0x1E, 0xB6, 0x62,
        0xAB, 0x36, 0x68, 0x7B, 0x1F, 0x04, 0xE0, 0x83, 0xF9, 0x98, 0x0F, 0xF9,
        0x88, 0x1C, 0xA7, 0x70, 0x53, 0x79, 0x97, 0x9B, 0x01, 0x06, 0xB6, 0x0D,
        0xDB, 0xB3, 0x4D, 0xD8, 0x00, 0x05, 0x00, 0x00, 0x00, 0x00, 0x00, 0x00,
        0x00, 0x05, 0x00, 0x00, 0x00, 0x00, 0x00, 0x00, 0x00, 0x05, 0x00, 0x00,
        0x00, 0x00, 0x00, 0x00, 0x00, 0x05, 0x00, 0x00, 0x00, 0x00, 0x00, 0x00,
        0xDD, 0x3D, 0x50, 0x03, 0xF1, 0x10, 0x0D, 0xAD, 0x00, 0x05, 0x00, 0x00,
        0x00, 0x00, 0x00, 0x00, 0x70, 0x00, 0xE9, 0xE0, 0x53, 0x8D, 0xC9, 0xBF,
        0x00, 0x05, 0x00, 0x00, 0x00, 0x00, 0x00, 0x00, 0x04, 0x3C, 0xB6, 0x62,
        0xAB, 0x36, 0x68, 0x7B, 0x1E, 0x00, 0x60, 0x02, 0x26, 0x58, 0x82, 0x25,
        0xA0, 0x38, 0x9D, 0x60, 0x4E, 0x2F, 0x17, 0x77, 0x00, 0x05, 0x00, 0x00,
        0x00, 0x00, 0x00, 0x00, 0x00, 0x05, 0x00, 0x00, 0x00, 0x00, 0x00, 0x00,
        0x00, 0x05, 0x00, 0x00, 0x00, 0x00, 0x00, 0x00, 0x00, 0x05, 0x00, 0x00,
        0x00, 0x00, 0x00, 0x00, 0x00, 0x05, 0x00, 0x00, 0x00, 0x00, 0x00, 0x00,
        0x00, 0x05, 0x00, 0x00, 0x00, 0x00, 0x00, 0x00, 0x00, 0x05, 0x00, 0x00,
        0x00, 0x00, 0x00, 0x00, 0x00, 0x05, 0x00, 0x00, 0x00, 0x00, 0x00, 0x00,
        0x00, 0x05, 0x00, 0x00, 0x00, 0x00, 0x00, 0x00, 0x00, 0x05, 0x00, 0x00,
        0x00, 0x00, 0x00, 0x00, 0x00, 0x05, 0x00, 0x00, 0x00, 0x00, 0x00, 0x00,
        0x00, 0x05, 0x00, 0x00, 0x00, 0x00, 0x00, 0x00, 0x00, 0x05, 0x00, 0x00,
        0x00, 0x00, 0x00, 0x00, 0x00, 0x05, 0x00, 0x00, 0x00, 0x00, 0x00, 0x00,
        0x00, 0x05, 0x00, 0x00, 0x00, 0x00, 0x00, 0x00, 0x00, 0x05, 0x00, 0x00,
        0x00, 0x00, 0x00, 0x00, 0x00, 0x05, 0x00, 0x00, 0x00, 0x00, 0x00, 0x00,
        0x00, 0x05, 0x00, 0x00, 0x00, 0x00, 0x00, 0x00, 0x00, 0x05, 0x00, 0x00,
        0x00, 0x00, 0x00, 0x00, 0x00, 0x05, 0x00, 0x00, 0x00, 0x00, 0x00, 0x00,
        0x00, 0x05, 0x00, 0x00, 0x00, 0x00, 0x00, 0x00, 0x00, 0x05, 0x00, 0x00,
        0x00, 0x00, 0x00, 0x00, 0x00, 0x05, 0x00, 0x00, 0x00, 0x00, 0x00, 0x00,
        0x13, 0x5C, 0x06, 0x63, 0xAB, 0x36, 0x66, 0x5B, 0x00, 0x05, 0x00, 0x00,
        0x00, 0x00, 0x00, 0x00, 0x02, 0x17, 0xB6, 0x62, 0xA3, 0xB6, 0x69, 0x7B,
        0x1F, 0x06, 0xD8, 0x83, 0x3D, 0x90, 0x0F, 0xF5, 0x78, 0x17, 0xEF, 0x70,
        0x53, 0x79, 0x97, 0x9B, 0x01, 0x06, 0xB0, 0x3D, 0xDB, 0x84, 0x1D, 0xD9,
        0x00, 0x05, 0x00, 0x00, 0x00, 0x00, 0x00, 0x00, 0x00, 0x05, 0x00, 0x00,
        0x00, 0x00, 0x00, 0x00, 0x00, 0x05, 0x00, 0x00, 0x00, 0x00, 0x00, 0x00,
        0x00, 0x05, 0x00, 0x00, 0x00, 0x00, 0x00, 0x00, 0xDD, 0x55, 0x50, 0x03,
        0xF1, 0x10, 0x0D, 0xCD, 0x00, 0x05, 0x00, 0x00, 0x00, 0x00, 0x00, 0x00,
        0x5C, 0x00, 0xF6, 0xC0, 0x54, 0xF3, 0x89, 0xA6, 0x00, 0x05, 0x00, 0x00,
        0x00, 0x00, 0x00, 0x00, 0x04, 0x2F, 0xB6, 0x62, 0xA3, 0xB6, 0x69, 0x7B,
        0x1E, 0x00, 0x60, 0x82, 0x25, 0x58, 0x02, 0x3D, 0x94, 0x2E, 0xA6, 0xF0,
        0x4E, 0x2F, 0x17, 0x77, 0x00, 0x05, 0x00, 0x00, 0x00, 0x00, 0x00, 0x00,
        0x00, 0x05, 0x00, 0x00, 0x00, 0x00, 0x00, 0x00, 0x00, 0x05, 0x00, 0x00,
        0x00, 0x00, 0x00, 0x00, 0x00, 0x05, 0x00, 0x00, 0x00, 0x00, 0x00, 0x00,
        0x00, 0x05, 0x00, 0x00, 0x00, 0x00, 0x00, 0x00, 0x00, 0x05, 0x00, 0x00,
        0x00, 0x00, 0x00, 0x00, 0x00, 0x05, 0x00, 0x00, 0x00, 0x00, 0x00, 0x00,
        0x00, 0x05, 0x00, 0x00, 0x00, 0x00, 0x00, 0x00, 0x00, 0x05, 0x00, 0x00,
        0x00, 0x00, 0x00, 0x00, 0x00, 0x05, 0x00, 0x00, 0x00, 0x00, 0x00, 0x00,
        0x00, 0x05, 0x00, 0x00, 0x00, 0x00, 0x00, 0x00, 0x00, 0x05, 0x00, 0x00,
        0x00, 0x00, 0x00, 0x00, 0x00, 0x05, 0x00, 0x00, 0x00, 0x00, 0x00, 0x00,
        0x00, 0x05, 0x00, 0x00, 0x00, 0x00, 0x00, 0x00, 0x00, 0x05, 0x00, 0x00,
        0x00, 0x00, 0x00, 0x00, 0x00, 0x05, 0x00, 0x00, 0x00, 0x00, 0x00, 0x00,
        0x00, 0x05, 0x00, 0x00, 0x00, 0x00, 0x00, 0x00, 0x00, 0x05, 0x00, 0x00,
        0x00, 0x00, 0x00, 0x00, 0x00, 0x05, 0x00, 0x00, 0x00, 0x00, 0x00, 0x00,
        0x00, 0x05, 0x00, 0x00, 0x00, 0x00, 0x00, 0x00, 0x00, 0x05, 0x00, 0x00,
        0x00, 0x00, 0x00, 0x00, 0x00, 0x05, 0x00, 0x00, 0x00, 0x00, 0x00, 0x00,
        0x00, 0x05, 0x00, 0x00, 0x00, 0x00, 0x00, 0x00, 0x10, 0x22, 0xB6, 0x63,
        0x1B, 0xB6, 0x6D, 0xDB, 0x00, 0x05, 0x00, 0x00, 0x00, 0x00, 0x00, 0x00,
        0x01, 0x09, 0xB6, 0x63, 0x9B, 0xB6, 0x67, 0x1B, 0x1F, 0x09, 0x90, 0x03,
        0x35, 0x50, 0x03, 0xF1, 0x4A, 0x0C, 0x2F, 0x71, 0x77, 0x71, 0x99, 0x9B,
        0x08, 0x00, 0x72, 0x02, 0x3E, 0x98, 0x03, 0xF5, 0x00, 0x05, 0x00, 0x00,
        0x00, 0x00, 0x00, 0x00, 0x00, 0x05, 0x00, 0x00, 0x00, 0x00, 0x00, 0x00,
        0x00, 0x05, 0x00, 0x00, 0x00, 0x00, 0x00, 0x00, 0x00, 0x05, 0x00, 0x00,
        0x00, 0x00, 0x00, 0x00, 0xDE, 0x85, 0x50, 0x03, 0xF1, 0x10, 0x0D, 0xCD,
        0x00, 0x05, 0x00, 0x00, 0x00, 0x00, 0x00, 0x00, 0x7B, 0x00, 0x73, 0xAC,
        0xFE, 0xA2, 0x83, 0xF5, 0x00, 0x05, 0x00, 0x00, 0x00, 0x00, 0x00, 0x00,
        0x13, 0x00, 0x49, 0x90, 0x64, 0x49, 0x9A, 0xE4, 0x05, 0x1F, 0x29, 0x9C,
        0xCA, 0xA9, 0x9C, 0xCE, 0x73, 0x18, 0xE6, 0xF0, 0x4E, 0x37, 0x17, 0x77,
        0x00, 0x05, 0x00, 0x00, 0x00, 0x00, 0x00, 0x00, 0x00, 0x05, 0x00, 0x00,
        0x00, 0x00, 0x00, 0x00, 0x00, 0x05, 0x00, 0x00, 0x00, 0x00, 0x00, 0x00,
        0x00, 0x05, 0x00, 0x00, 0x00, 0x00, 0x00, 0x00, 0x00, 0x05, 0x00, 0x00,
        0x00, 0x00, 0x00, 0x00, 0x00, 0x05, 0x00, 0x00, 0x00, 0x00, 0x00, 0x00,
        0x00, 0x05, 0x00, 0x00, 0x00, 0x00, 0x00, 0x00, 0x00, 0x05, 0x00, 0x00,
        0x00, 0x00, 0x00, 0x00, 0x00, 0x05, 0x00, 0x00, 0x00, 0x00, 0x00, 0x00,
        0x00, 0x05, 0x00, 0x00, 0x00, 0x00, 0x00, 0x00, 0x00, 0x05, 0x00, 0x00,
        0x00, 0x00, 0x00, 0x00, 0x00, 0x05, 0x00, 0x00, 0x00, 0x00, 0x00, 0x00,
        0x00, 0x05, 0x00, 0x00, 0x00, 0x00, 0x00, 0x00, 0x00, 0x05, 0x00, 0x00,
        0x00, 0x00, 0x00, 0x00, 0x00, 0x05, 0x00, 0x00, 0x00, 0x00, 0x00, 0x00,
        0x00, 0x05, 0x00, 0x00, 0x00, 0x00, 0x00, 0x00, 0x00, 0x05, 0x00, 0x00,
        0x00, 0x00, 0x00, 0x00, 0x00, 0x05, 0x00, 0x00, 0x00, 0x00, 0x00, 0x00,
        0x00, 0x05, 0x00, 0x00, 0x00, 0x00, 0x00, 0x00, 0x00, 0x05, 0x00, 0x00,
        0x00, 0x00, 0x00, 0x00, 0x00, 0x05, 0x00, 0x00, 0x00, 0x00, 0x00, 0x00,
        0x00, 0x05, 0x00, 0x00, 0x00, 0x00, 0x00, 0x00, 0x00, 0x05, 0x00, 0x00,
        0x00, 0x00, 0x00, 0x00, 0x10, 0x15, 0xB6, 0x61, 0xDB, 0xB6, 0x6D, 0xDB,
        0x00, 0x05, 0x00, 0x00, 0x00, 0x00, 0x00, 0x00, 0xDB, 0x00, 0x49, 0x92,
        0x24, 0x49, 0x52, 0x01, 0x1F, 0x00, 0x10, 0x0D, 0xD1, 0xD0, 0x9A, 0x24,
        0xDE, 0x0C, 0xF9, 0x9D, 0xFC, 0xC9, 0x0F, 0x00, 0x08, 0x00, 0xE0, 0x83,
        0x39, 0x50, 0x9F, 0x24, 0x00, 0x05, 0x00, 0x00, 0x00, 0x00, 0x00, 0x00,
        0x00, 0x05, 0x00, 0x00, 0x00, 0x00, 0x00, 0x00, 0x00, 0x05, 0x00, 0x00,
        0x00, 0x00, 0x00, 0x00, 0x00, 0x05, 0x00, 0x00, 0x00, 0x00, 0x00, 0x00,
        0xDE, 0x00, 0x80, 0x06, 0x68, 0x80, 0xD6, 0x24, 0x1C, 0x00, 0x49, 0x92,
        0x24, 0x49, 0x12, 0x0B, 0x7B, 0x00, 0xEA, 0x2F, 0x3A, 0x58, 0x9F, 0x24,
        0x1D, 0x22, 0xB6, 0x6D, 0xDB, 0xB6, 0x0D, 0x69, 0x03, 0x0D, 0xB6, 0x63,
        0x7B, 0xB6, 0x61, 0xDB, 0x09, 0x1F, 0x29, 0x9C, 0xCA, 0xA9, 0x6C, 0xDB,
        0x18, 0x69, 0x5A, 0x83, 0xB1, 0x10, 0x6B, 0xDB, 0x00, 0x05, 0x00, 0x00,
        0x00, 0x00, 0x00, 0x00, 0x00, 0x05, 0x00, 0x00, 0x00, 0x00, 0x00, 0x00,
        0x00, 0x05, 0x00, 0x00, 0x00, 0x00, 0x00, 0x00, 0x00, 0x05, 0x00, 0x00,
        0x00, 0x00, 0x00, 0x00, 0x00, 0x05, 0x00, 0x00, 0x00, 0x00, 0x00, 0x00,
        0x00, 0x05, 0x00, 0x00, 0x00, 0x00, 0x00, 0x00, 0x00, 0x05, 0x00, 0x00,
        0x00, 0x00, 0x00, 0x00, 0x00, 0x05, 0x00, 0x00, 0x00, 0x00, 0x00, 0x00,
        0x00, 0x05, 0x00, 0x00, 0x00, 0x00, 0x00, 0x00, 0x00, 0x05, 0x00, 0x00,
        0x00, 0x00, 0x00, 0x00, 0x00, 0x05, 0x00, 0x00, 0x00, 0x00, 0x00, 0x00,
        0x00, 0x05, 0x00, 0x00, 0x00, 0x00, 0x00, 0x00, 0x00, 0x05, 0x00, 0x00,
        0x00, 0x00, 0x00, 0x00, 0x00, 0x05, 0x00, 0x00, 0x00, 0x00, 0x00, 0x00,
        0x00, 0x05, 0x00, 0x00, 0x00, 0x00, 0x00, 0x00, 0x00, 0x05, 0x00, 0x00,
        0x00, 0x00, 0x00, 0x00, 0x00, 0x05, 0x00, 0x00, 0x00, 0x00, 0x00, 0x00,
        0x00, 0x05, 0x00, 0x00, 0x00, 0x00, 0x00, 0x00, 0x00, 0x05, 0x00, 0x00,
        0x00, 0x00, 0x00, 0x00, 0x00, 0x05, 0x00, 0x00, 0x00, 0x00, 0x00, 0x00,
        0x00, 0x05, 0x00, 0x00, 0x00, 0x00, 0x00, 0x00, 0x00, 0x05, 0x00, 0x00,
        0x00, 0x00, 0x00, 0x00, 0x00, 0x05, 0x00, 0x00, 0x00, 0x00, 0x00, 0x00,
        0x00, 0x05, 0x00, 0x00, 0x00, 0x00, 0x00, 0x00, 0x00, 0x05, 0x00, 0x00,
        0x00, 0x00, 0x00, 0x00, 0xDB, 0x00, 0x15, 0xF0, 0x09, 0xE9, 0x14, 0x73,
        0x01, 0x13, 0xB0, 0x2D, 0xDB, 0xB3, 0x1D, 0xDB, 0xDE, 0xBE, 0x00, 0x20,
        0x01, 0x9C, 0x14, 0x73, 0x00, 0x05, 0x00, 0x00, 0x00, 0x00, 0x00, 0x00,
        0x00, 0x05, 0x00, 0x00, 0x00, 0x00, 0x00, 0x00, 0x00, 0x05, 0x00, 0x00,
        0x00, 0x00, 0x00, 0x00, 0x00, 0x05, 0x00, 0x00, 0x00, 0x00, 0x00, 0x00,
        0x00, 0x05, 0x00, 0x00, 0x00, 0x00, 0x00, 0x00, 0xD2, 0x00, 0x4D, 0xB2,
        0x27, 0xE8, 0x83, 0xF9, 0x1C, 0x00, 0xB1, 0x90, 0x78, 0x49, 0x9E, 0x24,
        0x00, 0x05, 0x00, 0x00, 0x00, 0x00, 0x00, 0x00, 0x09, 0x1F, 0x49, 0xD2,
        0x26, 0x22, 0x6B, 0x8C, 0x00, 0x05, 0x00, 0x00, 0x00, 0x00, 0x00, 0x00,
        0x00, 0x05, 0x00, 0x00, 0x00, 0x00, 0x00, 0x00, 0x00, 0x05, 0x00, 0x00,
        0x00, 0x00, 0x00, 0x00, 0x00, 0x05, 0x00, 0x00, 0x00, 0x00, 0x00, 0x00,
        0x00, 0x05, 0x00, 0x00, 0x00, 0x00, 0x00, 0x00, 0x00, 0x05, 0x00, 0x00,
        0x00, 0x00, 0x00, 0x00, 0x00, 0x05, 0x00, 0x00, 0x00, 0x00, 0x00, 0x00,
        0x00, 0x05, 0x00, 0x00, 0x00, 0x00, 0x00, 0x00, 0x00, 0x05, 0x00, 0x00,
        0x00, 0x00, 0x00, 0x00, 0x00, 0x05, 0x00, 0x00, 0x00, 0x00, 0x00, 0x00,
        0x00, 0x05, 0x00, 0x00, 0x00, 0x00, 0x00, 0x00, 0x00, 0x05, 0x00, 0x00,
        0x00, 0x00, 0x00, 0x00, 0x00, 0x05, 0x00, 0x00, 0x00, 0x00, 0x00, 0x00,
        0x00, 0x05, 0x00, 0x00, 0x00, 0x00, 0x00, 0x00, 0x00, 0x05, 0x00, 0x00,
        0x00, 0x00, 0x00, 0x00, 0x00, 0x05, 0x00, 0x00, 0x00, 0x00, 0x00, 0x00,
        0x00, 0x05, 0x00, 0x00, 0x00, 0x00, 0x00, 0x00, 0x00, 0x05, 0x00, 0x00,
        0x00, 0x00, 0x00, 0x00, 0x00, 0x05, 0x00, 0x00, 0x00, 0x00, 0x00, 0x00,
        0x00, 0x05, 0x00, 0x00, 0x00, 0x00, 0x00, 0x00, 0x00, 0x05, 0x00, 0x00,
        0x00, 0x00, 0x00, 0x00, 0x00, 0x05, 0x00, 0x00, 0x00, 0x00, 0x00, 0x00,
        0x00, 0x05, 0x00, 0x00, 0x00, 0x00, 0x00, 0x00, 0x00, 0x05, 0x00, 0x00,
        0x00, 0x00, 0x00, 0x00, 0x00, 0x05, 0x00, 0x00, 0x00, 0x00, 0x00, 0x00,
        0x00, 0x05, 0x00, 0x00, 0x00, 0x00, 0x00, 0x00, 0x00, 0x05, 0x00, 0x00,
        0x00, 0x00, 0x00, 0x00, 0x00, 0x05, 0x00, 0x00, 0x00, 0x00, 0x00, 0x00,
        0xD5, 0x00, 0x1F, 0x90, 0x4A, 0x31, 0x95, 0x77, 0x18, 0x00, 0x4F, 0xD2,
        0x24, 0x4A, 0x82, 0x24, 0xDD, 0xAB, 0x00, 0x30, 0x09, 0xE5, 0x14, 0x73,
        0x00, 0x05, 0x00, 0x00, 0x00, 0x00, 0x00, 0x00, 0x00, 0x05, 0x00, 0x00,
        0x00, 0x00, 0x00, 0x00, 0x00, 0x05, 0x00, 0x00, 0x00, 0x00, 0x00, 0x00,
        0x00, 0x05, 0x00, 0x00, 0x00, 0x00, 0x00, 0x00, 0x00, 0x05, 0x00, 0x00,
        0x00, 0x00, 0x00, 0x00, 0xD7, 0x00, 0x7B, 0xA2, 0x3E, 0x98, 0x8F, 0xD5,
        0x03, 0x15, 0xF6, 0x62, 0x1B, 0xB6, 0x6D, 0xDB, 0x04, 0x14, 0xB6, 0x6D,
        0xDB, 0xB6, 0x1D, 0xD8, 0x1D, 0x00, 0x02, 0xC0, 0x49, 0x31, 0x97, 0xBC,
        0x00, 0x05, 0x00, 0x00, 0x00, 0x00, 0x00, 0x00, 0x00, 0x05, 0x00, 0x00,
        0x00, 0x00, 0x00, 0x00, 0x00, 0x05, 0x00, 0x00, 0x00, 0x00, 0x00, 0x00,
        0x00, 0x05, 0x00, 0x00, 0x00, 0x00, 0x00, 0x00, 0x00, 0x05, 0x00, 0x00,
        0x00, 0x00, 0x00, 0x00, 0x00, 0x05, 0x00, 0x00, 0x00, 0x00, 0x00, 0x00,
        0x00, 0x05, 0x00, 0x00, 0x00, 0x00, 0x00, 0x00, 0x00, 0x05, 0x00, 0x00,
        0x00, 0x00, 0x00, 0x00, 0x00, 0x05, 0x00, 0x00, 0x00, 0x00, 0x00, 0x00,
        0x00, 0x05, 0x00, 0x00, 0x00, 0x00, 0x00, 0x00, 0x00, 0x05, 0x00, 0x00,
        0x00, 0x00, 0x00, 0x00, 0x00, 0x05, 0x00, 0x00, 0x00, 0x00, 0x00, 0x00,
        0x00, 0x05, 0x00, 0x00, 0x00, 0x00, 0x00, 0x00, 0x00, 0x05, 0x00, 0x00,
        0x00, 0x00, 0x00, 0x00, 0x00, 0x05, 0x00, 0x00, 0x00, 0x00, 0x00, 0x00,
        0x00, 0x05, 0x00, 0x00, 0x00, 0x00, 0x00, 0x00, 0x00, 0x05, 0x00, 0x00,
        0x00, 0x00, 0x00, 0x00, 0x00, 0x05, 0x00, 0x00, 0x00, 0x00, 0x00, 0x00,
        0x00, 0x05, 0x00, 0x00, 0x00, 0x00, 0x00, 0x00, 0x00, 0x05, 0x00, 0x00,
        0x00, 0x00, 0x00, 0x00, 0x00, 0x05, 0x00, 0x00, 0x00, 0x00, 0x00, 0x00,
        0x00, 0x05, 0x00, 0x00, 0x00, 0x00, 0x00, 0x00, 0x00, 0x05, 0x00, 0x00,
        0x00, 0x00, 0x00, 0x00, 0x00, 0x05, 0x00, 0x00, 0x00, 0x00, 0x00, 0x00,
        0x00, 0x05, 0x00, 0x00, 0x00, 0x00, 0x00, 0x00, 0x00, 0x05, 0x00, 0x00,
        0x00, 0x00, 0x00, 0x00, 0x00, 0x05, 0x00, 0x00, 0x00, 0x00, 0x00, 0x00,
        0x00, 0x05, 0x00, 0x00, 0x00, 0x00, 0x00, 0x00, 0x8F, 0x00, 0xF9, 0x90,
        0x54, 0x89, 0x97, 0x98, 0x1D, 0x00, 0x4A, 0xA2, 0x24, 0x78, 0x02, 0x27,
        0xCB, 0x70, 0x93, 0xD0, 0x49, 0xEF, 0x16, 0x73, 0x00, 0x05, 0x00, 0x00,
        0x00, 0x00, 0x00, 0x00, 0x00, 0x05, 0x00, 0x00, 0x00, 0x00, 0x00, 0x00,
        0x00, 0x05, 0x00, 0x00, 0x00, 0x00, 0x00, 0x00, 0x00, 0x05, 0x00, 0x00,
        0x00, 0x00, 0x00, 0x00, 0x00, 0x05, 0x00, 0x00, 0x00, 0x00, 0x00, 0x00,
        0xDC, 0x2F, 0x98, 0x03, 0xF5, 0x10, 0x0D, 0xAD, 0x00, 0x05, 0x00, 0x00,
        0x00, 0x00, 0x00, 0x00, 0x04, 0x4E, 0x82, 0x3D, 0xC1, 0x9D, 0x10, 0x4E,
        0x02, 0x0C, 0xB6, 0x62, 0x1B, 0xB6, 0x6D, 0xDB, 0x00, 0x05, 0x00, 0x00,
        0x00, 0x00, 0x00, 0x00, 0x00, 0x05, 0x00, 0x00, 0x00, 0x00, 0x00, 0x00,
        0x00, 0x05, 0x00, 0x00, 0x00, 0x00, 0x00, 0x00, 0x00, 0x05, 0x00, 0x00,
        0x00, 0x00, 0x00, 0x00, 0x00, 0x05, 0x00, 0x00, 0x00, 0x00, 0x00, 0x00,
        0x00, 0x05, 0x00, 0x00, 0x00, 0x00, 0x00, 0x00, 0x00, 0x05, 0x00, 0x00,
        0x00, 0x00, 0x00, 0x00, 0x00, 0x05, 0x00, 0x00, 0x00, 0x00, 0x00, 0x00,
        0x00, 0x05, 0x00, 0x00, 0x00, 0x00, 0x00, 0x00, 0x00, 0x05, 0x00, 0x00,
        0x00, 0x00, 0x00, 0x00, 0x00, 0x05, 0x00, 0x00, 0x00, 0x00, 0x00, 0x00,
        0x00, 0x05, 0x00, 0x00, 0x00, 0x00, 0x00, 0x00, 0x00, 0x05, 0x00, 0x00,
        0x00, 0x00, 0x00, 0x00, 0x00, 0x05, 0x00, 0x00, 0x00, 0x00, 0x00, 0x00,
        0x00, 0x05, 0x00, 0x00, 0x00, 0x00, 0x00, 0x00, 0x00, 0x05, 0x00, 0x00,
        0x00, 0x00, 0x00, 0x00, 0x00, 0x05, 0x00, 0x00, 0x00, 0x00, 0x00, 0x00,
        0x00, 0x05, 0x00, 0x00, 0x00, 0x00, 0x00, 0x00, 0x00, 0x05, 0x00, 0x00,
        0x00, 0x00, 0x00, 0x00, 0x00, 0x05, 0x00, 0x00, 0x00, 0x00, 0x00, 0x00,
        0x00, 0x05, 0x00, 0x00, 0x00, 0x00, 0x00, 0x00, 0x00, 0x05, 0x00, 0x00,
        0x00, 0x00, 0x00, 0x00, 0x00, 0x05, 0x00, 0x00, 0x00, 0x00, 0x00, 0x00,
        0x00, 0x05, 0x00, 0x00, 0x00, 0x00, 0x00, 0x00, 0x00, 0x05, 0x00, 0x00,
        0x00, 0x00, 0x00, 0x00, 0x00, 0x05, 0x00, 0x00, 0x00, 0x00, 0x00, 0x00,
        0x00, 0x05, 0x00, 0x00, 0x00, 0x00, 0x00, 0x00, 0x00, 0x05, 0x00, 0x00,
        0x00, 0x00, 0x00, 0x00, 0x76, 0x00, 0x09, 0x91, 0x54, 0x89, 0x97, 0x9C,
        0x1D, 0x00, 0x4A, 0x82, 0x27, 0x70, 0x02, 0x26, 0xC1, 0x5F, 0x9C, 0x60,
        0x4E, 0x2F, 0x17, 0x77, 0x00, 0x05, 0x00, 0x00, 0x00, 0x00, 0x00, 0x00,
        0x00, 0x05, 0x00, 0x00, 0x00, 0x00, 0x00, 0x00, 0x00, 0x05, 0x00, 0x00,
        0x00, 0x00, 0x00, 0x00, 0x00, 0x05, 0x00, 0x00, 0x00, 0x00, 0x00, 0x00,
        0x00, 0x05, 0x00, 0x00, 0x00, 0x00, 0x00, 0x00, 0xDD, 0x49, 0x98, 0x03,
        0xF5, 0x10, 0x0D, 0xAD, 0x00, 0x05, 0x00, 0x00, 0x00, 0x00, 0x00, 0x00,
        0x5F, 0x00, 0x7D, 0xC2, 0xFE, 0xA2, 0x8F, 0xD5, 0x02, 0x07, 0xB6, 0x61,
        0xDB, 0xB6, 0x6D, 0xDB, 0x00, 0x05, 0x00, 0x00, 0x00, 0x00, 0x00, 0x00,
        0x00, 0x05, 0x00, 0x00, 0x00, 0x00, 0x00, 0x00, 0x00, 0x05, 0x00, 0x00,
        0x00, 0x00, 0x00, 0x00, 0x00, 0x05, 0x00, 0x00, 0x00, 0x00, 0x00, 0x00,
        0x00, 0x05, 0x00, 0x00, 0x00, 0x00, 0x00, 0x00, 0x00, 0x05, 0x00, 0x00,
        0x00, 0x00, 0x00, 0x00, 0x00, 0x05, 0x00, 0x00, 0x00, 0x00, 0x00, 0x00,
        0x00, 0x05, 0x00, 0x00, 0x00, 0x00, 0x00, 0x00, 0x00, 0x05, 0x00, 0x00,
        0x00, 0x00, 0x00, 0x00, 0x00, 0x05, 0x00, 0x00, 0x00, 0x00, 0x00, 0x00,
        0x00, 0x05, 0x00, 0x00, 0x00, 0x00, 0x00, 0x00, 0x00, 0x05, 0x00, 0x00,
        0x00, 0x00, 0x00, 0x00, 0x00, 0x05, 0x00, 0x00, 0x00, 0x00, 0x00, 0x00,
        0x00, 0x05, 0x00, 0x00, 0x00, 0x00, 0x00, 0x00, 0x00, 0x05, 0x00, 0x00,
        0x00, 0x00, 0x00, 0x00, 0x00, 0x05, 0x00, 0x00, 0x00, 0x00, 0x00, 0x00,
        0x00, 0x05, 0x00, 0x00, 0x00, 0x00, 0x00, 0x00, 0x00, 0x05, 0x00, 0x00,
        0x00, 0x00, 0x00, 0x00, 0x00, 0x05, 0x00, 0x00, 0x00, 0x00, 0x00, 0x00,
        0x00, 0x05, 0x00, 0x00, 0x00, 0x00, 0x00, 0x00, 0x00, 0x05, 0x00, 0x00,
        0x00, 0x00, 0x00, 0x00, 0x00, 0x05, 0x00, 0x00, 0x00, 0x00, 0x00, 0x00,
        0x00, 0x05, 0x00, 0x00, 0x00, 0x00, 0x00, 0x00, 0x00, 0x05, 0x00, 0x00,
        0x00, 0x00, 0x00, 0x00, 0x00, 0x05, 0x00, 0x00, 0x00, 0x00, 0x00, 0x00,
        0x00, 0x05, 0x00, 0x00, 0x00, 0x00, 0x00, 0x00, 0x00, 0x05, 0x00, 0x00,
        0x00, 0x00, 0x00, 0x00, 0x00, 0x05, 0x00, 0x00, 0x00, 0x00, 0x00, 0x00,
        0x04, 0x3C, 0xB6, 0x62, 0xAB, 0x36, 0x68, 0x7B, 0x1E, 0x00, 0x60, 0x02,
        0x26, 0x58, 0x82, 0x25, 0xA0, 0x38, 0x9D, 0x60, 0x4E, 0x2F, 0x17, 0x77,
        0x00, 0x05, 0x00, 0x00, 0x00, 0x00, 0x00, 0x00, 0x00, 0x05, 0x00, 0x00,
        0x00, 0x00, 0x00, 0x00, 0x00, 0x05, 0x00, 0x00, 0x00, 0x00, 0x00, 0x00,
        0x00, 0x05, 0x00, 0x00, 0x00, 0x00, 0x00, 0x00, 0x00, 0x05, 0x00, 0x00,
        0x00, 0x00, 0x00, 0x00, 0xDE, 0x82, 0x50, 0x03, 0xF1, 0x10, 0x0D, 0xAD,
        0x00, 0x05, 0x00, 0x00, 0x00, 0x00, 0x00, 0x00, 0x86, 0x1F, 0xF4, 0xB3,
        0xFA, 0x62, 0x8D, 0xD1, 0x00, 0x05, 0x00, 0x00, 0x00, 0x00, 0x00, 0x00,
        0x00, 0x05, 0x00, 0x00, 0x00, 0x00, 0x00, 0x00, 0x00, 0x05, 0x00, 0x00,
        0x00, 0x00, 0x00, 0x00, 0x00, 0x05, 0x00, 0x00, 0x00, 0x00, 0x00, 0x00,
        0x00, 0x05, 0x00, 0x00, 0x00, 0x00, 0x00, 0x00, 0x00, 0x05, 0x00, 0x00,
        0x00, 0x00, 0x00, 0x00, 0x00, 0x05, 0x00, 0x00, 0x00, 0x00, 0x00, 0x00,
        0x00, 0x05, 0x00, 0x00, 0x00, 0x00, 0x00, 0x00, 0x00, 0x05, 0x00, 0x00,
        0x00, 0x00, 0x00, 0x00, 0x00, 0x05, 0x00, 0x00, 0x00, 0x00, 0x00, 0x00,
        0x00, 0x05, 0x00, 0x00, 0x00, 0x00, 0x00, 0x00, 0x00, 0x05, 0x00, 0x00,
        0x00, 0x00, 0x00, 0x00, 0x00, 0x05, 0x00, 0x00, 0x00, 0x00, 0x00, 0x00,
        0x00, 0x05, 0x00, 0x00, 0x00, 0x00, 0x00, 0x00, 0x00, 0x05, 0x00, 0x00,
        0x00, 0x00, 0x00, 0x00, 0x00, 0x05, 0x00, 0x00, 0x00, 0x00, 0x00, 0x00,
        0x00, 0x05, 0x00, 0x00, 0x00, 0x00, 0x00, 0x00, 0x00, 0x05, 0x00, 0x00,
        0x00, 0x00, 0x00, 0x00, 0x00, 0x05, 0x00, 0x00, 0x00, 0x00, 0x00, 0x00,
        0x00, 0x05, 0x00, 0x00, 0x00, 0x00, 0x00, 0x00, 0x00, 0x05, 0x00, 0x00,
        0x00, 0x00, 0x00, 0x00, 0x00, 0x05, 0x00, 0x00, 0x00, 0x00, 0x00, 0x00,
        0x00, 0x05, 0x00, 0x00, 0x00, 0x00, 0x00, 0x00, 0x00, 0x05, 0x00, 0x00,
        0x00, 0x00, 0x00, 0x00, 0x00, 0x05, 0x00, 0x00, 0x00, 0x00, 0x00, 0x00,
        0x00, 0x05, 0x00, 0x00, 0x00, 0x00, 0x00, 0x00, 0x00, 0x05, 0x00, 0x00,
        0x00, 0x00, 0x00, 0x00, 0x00, 0x05, 0x00, 0x00, 0x00, 0x00, 0x00, 0x00,
        0x00, 0x05, 0x00, 0x00, 0x00, 0x00, 0x00, 0x00, 0x04, 0x2F, 0xB6, 0x62,
        0xA3, 0xB6, 0x69, 0x7B, 0x1E, 0x00, 0x60, 0x82, 0x25, 0x58, 0x02, 0x3D,
        0x94, 0x2E, 0xA6, 0xF0, 0x4E, 0x2F, 0x17, 0x77, 0x00, 0x05, 0x00, 0x00,
        0x00, 0x00, 0x00, 0x00, 0x00, 0x05, 0x00, 0x00, 0x00, 0x00, 0x00, 0x00,
        0x00, 0x05, 0x00, 0x00, 0x00, 0x00, 0x00, 0x00, 0x00, 0x05, 0x00, 0x00,
        0x00, 0x00, 0x00, 0x00, 0x00, 0x05, 0x00, 0x00, 0x00, 0x00, 0x00, 0x00,
        0xDE, 0x90, 0x50, 0x03, 0xF1, 0x10, 0x0D, 0xCD, 0x00, 0x05, 0x00, 0x00,
        0x00, 0x00, 0x00, 0x00, 0x90, 0x2A, 0xEB, 0x23, 0xFA, 0x62, 0x8D, 0xD1,
        0x00, 0x05, 0x00, 0x00, 0x00, 0x00, 0x00, 0x00, 0x00, 0x05, 0x00, 0x00,
        0x00, 0x00, 0x00, 0x00, 0x00, 0x05, 0x00, 0x00, 0x00, 0x00, 0x00, 0x00,
        0x00, 0x05, 0x00, 0x00, 0x00, 0x00, 0x00, 0x00, 0x00, 0x05, 0x00, 0x00,
        0x00, 0x00, 0x00, 0x00, 0x00, 0x05, 0x00, 0x00, 0x00, 0x00, 0x00, 0x00,
        0x00, 0x05, 0x00, 0x00, 0x00, 0x00, 0x00, 0x00, 0x00, 0x05, 0x00, 0x00,
        0x00, 0x00, 0x00, 0x00, 0x00, 0x05, 0x00, 0x00, 0x00, 0x00, 0x00, 0x00,
        0x00, 0x05, 0x00, 0x00, 0x00, 0x00, 0x00, 0x00, 0x00, 0x05, 0x00, 0x00,
        0x00, 0x00, 0x00, 0x00, 0x00, 0x05, 0x00, 0x00, 0x00, 0x00, 0x00, 0x00,
        0x00, 0x05, 0x00, 0x00, 0x00, 0x00, 0x00, 0x00, 0x00, 0x05, 0x00, 0x00,
        0x00, 0x00, 0x00, 0x00, 0x00, 0x05, 0x00, 0x00, 0x00, 0x00, 0x00, 0x00,
        0x00, 0x05, 0x00, 0x00, 0x00, 0x00, 0x00, 0x00, 0x00, 0x05, 0x00, 0x00,
        0x00, 0x00, 0x00, 0x00, 0x00, 0x05, 0x00, 0x00, 0x00, 0x00, 0x00, 0x00,
        0x00, 0x05, 0x00, 0x00, 0x00, 0x00, 0x00, 0x00, 0x00, 0x05, 0x00, 0x00,
        0x00, 0x00, 0x00, 0x00, 0x00, 0x05, 0x00, 0x00, 0x00, 0x00, 0x00, 0x00,
        0x00, 0x05, 0x00, 0x00, 0x00, 0x00, 0x00, 0x00, 0x00, 0x05, 0x00, 0x00,
        0x00, 0x00, 0x00, 0x00, 0x00, 0x05, 0x00, 0x00, 0x00, 0x00, 0x00, 0x00,
        0x00, 0x05, 0x00, 0x00, 0x00, 0x00, 0x00, 0x00, 0x00, 0x05, 0x00, 0x00,
        0x00, 0x00, 0x00, 0x00, 0x00, 0x05, 0x00, 0x00, 0x00, 0x00, 0x00, 0x00,
        0x00, 0x05, 0x00, 0x00, 0x00, 0x00, 0x00, 0x00, 0x00, 0x05, 0x00, 0x00,
        0x00, 0x00, 0x00, 0x00, 0x13, 0x00, 0x49, 0x90, 0x64, 0x49, 0x9A, 0xE4,
        0x05, 0x1F, 0x29, 0x9C, 0xCA, 0xA9, 0x9C, 0xCE, 0x73, 0x18, 0xE6, 0xF0,
        0x4E, 0x37, 0x17, 0x77, 0x00, 0x05, 0x00, 0x00, 0x00, 0x00, 0x00, 0x00,
        0x00, 0x05, 0x00, 0x00, 0x00, 0x00, 0x00, 0x00, 0x00, 0x05, 0x00, 0x00,
        0x00, 0x00, 0x00, 0x00, 0x00, 0x05, 0x00, 0x00, 0x00, 0x00, 0x00, 0x00,
        0x00, 0x05, 0x00, 0x00, 0x00, 0x00, 0x00, 0x00, 0xDE, 0xAB, 0x50, 0x03,
        0xF1, 0x10, 0x0D, 0xCC, 0x00, 0x05, 0x00, 0x00, 0x00, 0x00, 0x00, 0x00,
        0xA6, 0x4C, 0xAB, 0x23, 0xFA, 0x58, 0x8D, 0xD1, 0x00, 0x05, 0x00, 0x00,
        0x00, 0x00, 0x00, 0x00, 0x00, 0x05, 0x00, 0x00, 0x00, 0x00, 0x00, 0x00,
        0x00, 0x05, 0x00, 0x00, 0x00, 0x00, 0x00, 0x00, 0x00, 0x05, 0x00, 0x00,
        0x00, 0x00, 0x00, 0x00, 0x00, 0x05, 0x00, 0x00, 0x00, 0x00, 0x00, 0x00,
        0x00, 0x05, 0x00, 0x00, 0x00, 0x00, 0x00, 0x00, 0x00, 0x05, 0x00, 0x00,
        0x00, 0x00, 0x00, 0x00, 0x00, 0x05, 0x00, 0x00, 0x00, 0x00, 0x00, 0x00,
        0x00, 0x05, 0x00, 0x00, 0x00, 0x00, 0x00, 0x00, 0x00, 0x05, 0x00, 0x00,
        0x00, 0x00, 0x00, 0x00, 0x00, 0x05, 0x00, 0x00, 0x00, 0x00, 0x00, 0x00,
        0x00, 0x05, 0x00, 0x00, 0x00, 0x00, 0x00, 0x00, 0x00, 0x05, 0x00, 0x00,
        0x00, 0x00, 0x00, 0x00, 0x00, 0x05, 0x00, 0x00, 0x00, 0x00, 0x00, 0x00,
        0x00, 0x05, 0x00, 0x00, 0x00, 0x00, 0x00, 0x00, 0x00, 0x05, 0x00, 0x00,
        0x00, 0x00, 0x00, 0x00, 0x00, 0x05, 0x00, 0x00, 0x00, 0x00, 0x00, 0x00,
        0x00, 0x05, 0x00, 0x00, 0x00, 0x00, 0x00, 0x00, 0x00, 0x05, 0x00, 0x00,
        0x00, 0x00, 0x00, 0x00, 0x00, 0x05, 0x00, 0x00, 0x00, 0x00, 0x00, 0x00,
        0x00, 0x05, 0x00, 0x00, 0x00, 0x00, 0x00, 0x00, 0x00, 0x05, 0x00, 0x00,
        0x00, 0x00, 0x00, 0x00, 0x00, 0x05, 0x00, 0x00, 0x00, 0x00, 0x00, 0x00,
        0x00, 0x05, 0x00, 0x00, 0x00, 0x00, 0x00, 0x00, 0x00, 0x05, 0x00, 0x00,
        0x00, 0x00, 0x00, 0x00, 0x00, 0x05, 0x00, 0x00, 0x00, 0x00, 0x00, 0x00,
        0x00, 0x05, 0x00, 0x00, 0x00, 0x00, 0x00, 0x00, 0x00, 0x05, 0x00, 0x00,
        0x00, 0x00, 0x00, 0x00, 0x00, 0x05, 0x00, 0x00, 0x00, 0x00, 0x00, 0x00,
        0x03, 0x0D, 0xB6, 0x63, 0x7B, 0xB6, 0x61, 0xDB, 0x37, 0x00, 0xEC, 0xC3,
        0x3A, 0xAC, 0x83, 0x24, 0x18, 0x69, 0x5A, 0x83, 0xB1, 0x10, 0x6B, 0xDB,
        0x00, 0x05, 0x00, 0x00, 0x00, 0x00, 0x00, 0x00, 0x00, 0x05, 0x00, 0x00,
        0x00, 0x00, 0x00, 0x00, 0x00, 0x05, 0x00, 0x00, 0x00, 0x00, 0x00, 0x00,
        0x00, 0x05, 0x00, 0x00, 0x00, 0x00, 0x00, 0x00, 0x00, 0x05, 0x00, 0x00,
        0x00, 0x00, 0x00, 0x00, 0xDE, 0x00, 0x80, 0x04, 0x48, 0x80, 0x94, 0x24,
        0x00, 0x05, 0x00, 0x00, 0x00, 0x00, 0x00, 0x00, 0x56, 0xA6, 0xA5, 0x10,
        0x4E, 0xE9, 0x64, 0xDB, 0x00, 0x05, 0x00, 0x00, 0x00, 0x00, 0x00, 0x00,
        0x00, 0x05, 0x00, 0x00, 0x00, 0x00, 0x00, 0x00, 0x00, 0x05, 0x00, 0x00,
        0x00, 0x00, 0x00, 0x00, 0x00, 0x05, 0x00, 0x00, 0x00, 0x00, 0x00, 0x00,
        0x00, 0x05, 0x00, 0x00, 0x00, 0x00, 0x00, 0x00, 0x00, 0x05, 0x00, 0x00,
        0x00, 0x00, 0x00, 0x00, 0x00, 0x05, 0x00, 0x00, 0x00, 0x00, 0x00, 0x00,
        0x00, 0x05, 0x00, 0x00, 0x00, 0x00, 0x00, 0x00, 0x00, 0x05, 0x00, 0x00,
        0x00, 0x00, 0x00, 0x00, 0x00, 0x05, 0x00, 0x00, 0x00, 0x00, 0x00, 0x00,
        0x00, 0x05, 0x00, 0x00, 0x00, 0x00, 0x00, 0x00, 0x00, 0x05, 0x00, 0x00,
        0x00, 0x00, 0x00, 0x00, 0x00, 0x05, 0x00, 0x00, 0x00, 0x00, 0x00, 0x00,
        0x00, 0x05, 0x00, 0x00, 0x00, 0x00, 0x00, 0x00, 0x00, 0x05, 0x00, 0x00,
        0x00, 0x00, 0x00, 0x00, 0x00, 0x05, 0x00, 0x00, 0x00, 0x00, 0x00, 0x00,
        0x00, 0x05, 0x00, 0x00, 0x00, 0x00, 0x00, 0x00, 0x00, 0x05, 0x00, 0x00,
        0x00, 0x00, 0x00, 0x00, 0x00, 0x05, 0x00, 0x00, 0x00, 0x00, 0x00, 0x00,
        0x00, 0x05, 0x00, 0x00, 0x00, 0x00, 0x00, 0x00, 0x00, 0x05, 0x00, 0x00,
        0x00, 0x00, 0x00, 0x00, 0x00, 0x05, 0x00, 0x00, 0x00, 0x00, 0x00, 0x00,
        0x00, 0x05, 0x00, 0x00, 0x00, 0x00, 0x00, 0x00, 0x00, 0x05, 0x00, 0x00,
        0x00, 0x00, 0x00, 0x00, 0x00, 0x05, 0x00, 0x00, 0x00, 0x00, 0x00, 0x00,
        0x00, 0x05, 0x00, 0x00, 0x00, 0x00, 0x00, 0x00, 0x00, 0x05, 0x00, 0x00,
        0x00, 0x00, 0x00, 0x00, 0x00, 0x05, 0x00, 0x00, 0x00, 0x00, 0x00, 0x00,
        0x00, 0x05, 0x00, 0x00, 0x00, 0x00, 0x00, 0x00, 0x00, 0x05, 0x00, 0x00,
        0x00, 0x00, 0x00, 0x00, 0xC8, 0x00, 0x4E, 0xC2, 0x24, 0x4A, 0x82, 0x26,
        0x00, 0x05, 0x00, 0x00, 0x00, 0x00, 0x00, 0x00, 0x00, 0x05, 0x00, 0x00,
        0x00, 0x00, 0x00, 0x00, 0x00, 0x05, 0x00, 0x00, 0x00, 0x00, 0x00, 0x00,
        0x00, 0x05, 0x00, 0x00, 0x00, 0x00, 0x00, 0x00, 0x00, 0x05, 0x00, 0x00,
        0x00, 0x00, 0x00, 0x00, 0x00, 0x05, 0x00, 0x00, 0x00, 0x00, 0x00, 0x00,
        0x07, 0x1C, 0xB0, 0x3D, 0xDB, 0xB5, 0x1D, 0xD9, 0x00, 0x05, 0x00, 0x00,
        0x00, 0x00, 0x00, 0x00, 0x00, 0x05, 0x00, 0x00, 0x00, 0x00, 0x00, 0x00,
        0x00, 0x05, 0x00, 0x00, 0x00, 0x00, 0x00, 0x00, 0x00, 0x05, 0x00, 0x00,
        0x00, 0x00, 0x00, 0x00, 0x00, 0x05, 0x00, 0x00, 0x00, 0x00, 0x00, 0x00,
        0x00, 0x05, 0x00, 0x00, 0x00, 0x00, 0x00, 0x00, 0x00, 0x05, 0x00, 0x00,
        0x00, 0x00, 0x00, 0x00, 0x00, 0x05, 0x00, 0x00, 0x00, 0x00, 0x00, 0x00,
        0x00, 0x05, 0x00, 0x00, 0x00, 0x00, 0x00, 0x00, 0x00, 0x05, 0x00, 0x00,
        0x00, 0x00, 0x00, 0x00, 0x00, 0x05, 0x00, 0x00, 0x00, 0x00, 0x00, 0x00,
        0x00, 0x05, 0x00, 0x00, 0x00, 0x00, 0x00, 0x00, 0x00, 0x05, 0x00, 0x00,
        0x00, 0x00, 0x00, 0x00, 0x00, 0x05, 0x00, 0x00, 0x00, 0x00, 0x00, 0x00,
        0x00, 0x05, 0x00, 0x00, 0x00, 0x00, 0x00, 0x00, 0x00, 0x05, 0x00, 0x00,
        0x00, 0x00, 0x00, 0x00, 0x00, 0x05, 0x00, 0x00, 0x00, 0x00, 0x00, 0x00,
        0x00, 0x05, 0x00, 0x00, 0x00, 0x00, 0x00, 0x00, 0x00, 0x05, 0x00, 0x00,
        0x00, 0x00, 0x00, 0x00, 0x00, 0x05, 0x00, 0x00, 0x00, 0x00, 0x00, 0x00,
        0x00, 0x05, 0x00, 0x00, 0x00, 0x00, 0x00, 0x00, 0x00, 0x05, 0x00, 0x00,
        0x00, 0x00, 0x00, 0x00, 0x00, 0x05, 0x00, 0x00, 0x00, 0x00, 0x00, 0x00,
        0x00, 0x05, 0x00, 0x00, 0x00, 0x00, 0x00, 0x00, 0x00, 0x05, 0x00, 0x00,
        0x00, 0x00, 0x00, 0x00, 0x00, 0x05, 0x00, 0x00, 0x00, 0x00, 0x00, 0x00,
        0x00, 0x05, 0x00, 0x00, 0x00, 0x00, 0x00, 0x00, 0x00, 0x05, 0x00, 0x00,
        0x00, 0x00, 0x00, 0x00, 0x00, 0x05, 0x00, 0x00, 0x00, 0x00, 0x00, 0x00,
        0x00, 0x05, 0x00, 0x00, 0x00, 0x00, 0x00, 0x00, 0x00, 0x05, 0x00, 0x00,
        0x00, 0x00, 0x00, 0x00, 0x00, 0x05, 0x00, 0x00, 0x00, 0x00, 0x00, 0x00,
        0xD2, 0x00, 0x4C, 0xA2, 0x24, 0x68, 0x02, 0x26, 0x00, 0x05, 0x00, 0x00,
        0x00, 0x00, 0x00, 0x00, 0x00, 0x05, 0x00, 0x00, 0x00, 0x00, 0x00, 0x00,
        0x00, 0x05, 0x00, 0x00, 0x00, 0x00, 0x00, 0x00, 0x00, 0x05, 0x00, 0x00,
        0x00, 0x00, 0x00, 0x00, 0x00, 0x05, 0x00, 0x00, 0x00, 0x00, 0x00, 0x00,
        0x00, 0x05, 0x00, 0x00, 0x00, 0x00, 0x00, 0x00, 0x0B, 0x1E, 0xB2, 0x5D,
        0xDB, 0x81, 0x9D, 0xD9, 0x00, 0x05, 0x00, 0x00, 0x00, 0x00, 0x00, 0x00,
        0x00, 0x05, 0x00, 0x00, 0x00, 0x00, 0x00, 0x00, 0x00, 0x05, 0x00, 0x00,
        0x00, 0x00, 0x00, 0x00, 0x00, 0x05, 0x00, 0x00, 0x00, 0x00, 0x00, 0x00,
        0x00, 0x05, 0x00, 0x00, 0x00, 0x00, 0x00, 0x00, 0x00, 0x05, 0x00, 0x00,
        0x00, 0x00, 0x00, 0x00, 0x00, 0x05, 0x00, 0x00, 0x00, 0x00, 0x00, 0x00,
        0x00, 0x05, 0x00, 0x00, 0x00, 0x00, 0x00, 0x00, 0x00, 0x05, 0x00, 0x00,
        0x00, 0x00, 0x00, 0x00, 0x00, 0x05, 0x00, 0x00, 0x00, 0x00, 0x00, 0x00,
        0x00, 0x05, 0x00, 0x00, 0x00, 0x00, 0x00, 0x00, 0x00, 0x05, 0x00, 0x00,
        0x00, 0x00, 0x00, 0x00, 0x00, 0x05, 0x00, 0x00, 0x00, 0x00, 0x00, 0x00,
        0x00, 0x05, 0x00, 0x00, 0x00, 0x00, 0x00, 0x00, 0x00, 0x05, 0x00, 0x00,
        0x00, 0x00, 0x00, 0x00, 0x00, 0x05, 0x00, 0x00, 0x00, 0x00, 0x00, 0x00,
        0x00, 0x05, 0x00, 0x00, 0x00, 0x00, 0x00, 0x00, 0x00, 0x05, 0x00, 0x00,
        0x00, 0x00, 0x00, 0x00, 0x00, 0x05, 0x00, 0x00, 0x00, 0x00, 0x00, 0x00,
        0x00, 0x05, 0x00, 0x00, 0x00, 0x00, 0x00, 0x00, 0x00, 0x05, 0x00, 0x00,
        0x00, 0x00, 0x00, 0x00, 0x00, 0x05, 0x00, 0x00, 0x00, 0x00, 0x00, 0x00,
        0x00, 0x05, 0x00, 0x00, 0x00, 0x00, 0x00, 0x00, 0x00, 0x05, 0x00, 0x00,
        0x00, 0x00, 0x00, 0x00, 0x00, 0x05, 0x00, 0x00, 0x00, 0x00, 0x00, 0x00,
        0x00, 0x05, 0x00, 0x00, 0x00, 0x00, 0x00, 0x00, 0x00, 0x05, 0x00, 0x00,
        0x00, 0x00, 0x00, 0x00, 0x00, 0x05, 0x00, 0x00, 0x00, 0x00, 0x00, 0x00,
        0x00, 0x05, 0x00, 0x00, 0x00, 0x00, 0x00, 0x00, 0x00, 0x05, 0x00, 0x00,
        0x00, 0x00, 0x00, 0x00, 0x00, 0x05, 0x00, 0x00, 0x00, 0x00, 0x00, 0x00,
        0x00, 0x05, 0x00, 0x00, 0x00, 0x00, 0x00, 0x00, 0xDA, 0x00, 0x60, 0x82,
        0x39, 0x50, 0x03, 0xF1, 0x00, 0x05, 0x00, 0x00, 0x00, 0x00, 0x00, 0x00,
        0x00, 0x05, 0x00, 0x00, 0x00, 0x00, 0x00, 0x00, 0x00, 0x05, 0x00, 0x00,
        0x00, 0x00, 0x00, 0x00, 0x00, 0x05, 0x00, 0x00, 0x00, 0x00, 0x00, 0x00,
        0x00, 0x05, 0x00, 0x00, 0x00, 0x00, 0x00, 0x00, 0x00, 0x05, 0x00, 0x00,
        0x00, 0x00, 0x00, 0x00, 0x1F, 0x00, 0x60, 0x82, 0x3D, 0x58, 0x03, 0xF5,
        0x00, 0x05, 0x00, 0x00, 0x00, 0x00, 0x00, 0x00, 0x00, 0x05, 0x00, 0x00,
        0x00, 0x00, 0x00, 0x00, 0x00, 0x05, 0x00, 0x00, 0x00, 0x00, 0x00, 0x00,
        0x00, 0x05, 0x00, 0x00, 0x00, 0x00, 0x00, 0x00, 0x00, 0x05, 0x00, 0x00,
        0x00, 0x00, 0x00, 0x00, 0x00, 0x05, 0x00, 0x00, 0x00, 0x00, 0x00, 0x00,
        0x00, 0x05, 0x00, 0x00, 0x00, 0x00, 0x00, 0x00, 0x00, 0x05, 0x00, 0x00,
        0x00, 0x00, 0x00, 0x00, 0x00, 0x05, 0x00, 0x00, 0x00, 0x00, 0x00, 0x00,
        0x00, 0x05, 0x00, 0x00, 0x00, 0x00, 0x00, 0x00, 0x00, 0x05, 0x00, 0x00,
        0x00, 0x00, 0x00, 0x00, 0x00, 0x05, 0x00, 0x00, 0x00, 0x00, 0x00, 0x00,
        0x00, 0x05, 0x00, 0x00, 0x00, 0x00, 0x00, 0x00, 0x00, 0x05, 0x00, 0x00,
        0x00, 0x00, 0x00, 0x00, 0x00, 0x05, 0x00, 0x00, 0x00, 0x00, 0x00, 0x00,
        0x00, 0x05, 0x00, 0x00, 0x00, 0x00, 0x00, 0x00, 0x00, 0x05, 0x00, 0x00,
        0x00, 0x00, 0x00, 0x00, 0x00, 0x05, 0x00, 0x00, 0x00, 0x00, 0x00, 0x00,
        0x00, 0x05, 0x00, 0x00, 0x00, 0x00, 0x00, 0x00, 0x00, 0x05, 0x00, 0x00,
        0x00, 0x00, 0x00, 0x00, 0x00, 0x05, 0x00, 0x00, 0x00, 0x00, 0x00, 0x00,
        0x00, 0x05, 0x00, 0x00, 0x00, 0x00, 0x00, 0x00, 0x00, 0x05, 0x00, 0x00,
        0x00, 0x00, 0x00, 0x00, 0x00, 0x05, 0x00, 0x00, 0x00, 0x00, 0x00, 0x00,
        0x00, 0x05, 0x00, 0x00, 0x00, 0x00, 0x00, 0x00, 0x00, 0x05, 0x00, 0x00,
        0x00, 0x00, 0x00, 0x00, 0x00, 0x05, 0x00, 0x00, 0x00, 0x00, 0x00, 0x00,
        0x00, 0x05, 0x00, 0x00, 0x00, 0x00, 0x00, 0x00, 0x00, 0x05, 0x00, 0x00,
        0x00, 0x00, 0x00, 0x00, 0x00, 0x05, 0x00, 0x00, 0x00, 0x00, 0x00, 0x00,
        0x00, 0x05, 0x00, 0x00, 0x00, 0x00, 0x00, 0x00, 0x00, 0x05, 0x00, 0x00,
        0x00, 0x00, 0x00, 0x00, 0xDB, 0x00, 0x98, 0x03, 0x35, 0x10, 0x0F, 0xD1,
        0x00, 0x05, 0x00, 0x00, 0x00, 0x00, 0x00, 0x00, 0x00, 0x05, 0x00, 0x00,
        0x00, 0x00, 0x00, 0x00, 0x00, 0x05, 0x00, 0x00, 0x00, 0x00, 0x00, 0x00,
        0x00, 0x05, 0x00, 0x00, 0x00, 0x00, 0x00, 0x00, 0x00, 0x05, 0x00, 0x00,
        0x00, 0x00, 0x00, 0x00, 0x00, 0x05, 0x00, 0x00, 0x00, 0x00, 0x00, 0x00,
        0x1F, 0x00, 0xD8, 0x83, 0x35, 0x50, 0x0F, 0xD1, 0x00, 0x05, 0x00, 0x00,
        0x00, 0x00, 0x00, 0x00, 0x00, 0x05, 0x00, 0x00, 0x00, 0x00, 0x00, 0x00,
        0x00, 0x05, 0x00, 0x00, 0x00, 0x00, 0x00, 0x00, 0x00, 0x05, 0x00, 0x00,
        0x00, 0x00, 0x00, 0x00, 0x00, 0x05, 0x00, 0x00, 0x00, 0x00, 0x00, 0x00,
        0x00, 0x05, 0x00, 0x00, 0x00, 0x00, 0x00, 0x00, 0x00, 0x05, 0x00, 0x00,
        0x00, 0x00, 0x00, 0x00, 0x00, 0x05, 0x00, 0x00, 0x00, 0x00, 0x00, 0x00,
        0x00, 0x05, 0x00, 0x00, 0x00, 0x00, 0x00, 0x00, 0x00, 0x05, 0x00, 0x00,
        0x00, 0x00, 0x00, 0x00, 0x00, 0x05, 0x00, 0x00, 0x00, 0x00, 0x00, 0x00,
        0x00, 0x05, 0x00, 0x00, 0x00, 0x00, 0x00, 0x00, 0x00, 0x05, 0x00, 0x00,
        0x00, 0x00, 0x00, 0x00, 0x00, 0x05, 0x00, 0x00, 0x00, 0x00, 0x00, 0x00,
        0x00, 0x05, 0x00, 0x00, 0x00, 0x00, 0x00, 0x00, 0x00, 0x05, 0x00, 0x00,
        0x00, 0x00, 0x00, 0x00, 0x00, 0x05, 0x00, 0x00, 0x00, 0x00, 0x00, 0x00,
        0x00, 0x05, 0x00, 0x00, 0x00, 0x00, 0x00, 0x00, 0x00, 0x05, 0x00, 0x00,
        0x00, 0x00, 0x00, 0x00, 0x00, 0x05, 0x00, 0x00, 0x00, 0x00, 0x00, 0x00,
        0x00, 0x05, 0x00, 0x00, 0x00, 0x00, 0x00, 0x00, 0x00, 0x05, 0x00, 0x00,
        0x00, 0x00, 0x00, 0x00, 0x00, 0x05, 0x00, 0x00, 0x00, 0x00, 0x00, 0x00,
        0x00, 0x05, 0x00, 0x00, 0x00, 0x00, 0x00, 0x00, 0x00, 0x05, 0x00, 0x00,
        0x00, 0x00, 0x00, 0x00, 0x00, 0x05, 0x00, 0x00, 0x00, 0x00, 0x00, 0x00,
        0x00, 0x05, 0x00, 0x00, 0x00, 0x00, 0x00, 0x00, 0x00, 0x05, 0x00, 0x00,
        0x00, 0x00, 0x00, 0x00, 0x00, 0x05, 0x00, 0x00, 0x00, 0x00, 0x00, 0x00,
        0x00, 0x05, 0x00, 0x00, 0x00, 0x00, 0x00, 0x00, 0x00, 0x05, 0x00, 0x00,
        0x00, 0x00, 0x00, 0x00, 0x00, 0x05, 0x00, 0x00, 0x00, 0x00, 0x00, 0x00,
        0xDD, 0x3D, 0x50, 0x03, 0xF1, 0x10, 0x0D, 0xAD, 0x00, 0x05, 0x00, 0x00,
        0x00, 0x00, 0x00, 0x00, 0x15, 0x44, 0xB6, 0x0D, 0xDB, 0xB4, 0x1D, 0xD8,
        0x00, 0x05, 0x00, 0x00, 0x00, 0x00, 0x00, 0x00, 0x00, 0x05, 0x00, 0x00,
        0x00, 0x00, 0x00, 0x00, 0x00, 0x05, 0x00, 0x00, 0x00, 0x00, 0x00, 0x00,
        0x00, 0x05, 0x00, 0x00, 0x00, 0x00, 0x00, 0x00, 0x1F, 0x08, 0x50, 0x03,
        0xF1, 0x00, 0x0D, 0xAC, 0x00, 0x05, 0x00, 0x00, 0x00, 0x00, 0x00, 0x00,
        0x03, 0x09, 0xB6, 0x0D, 0xDB, 0xB4, 0x1D, 0xD8, 0x00, 0x05, 0x00, 0x00,
        0x00, 0x00, 0x00, 0x00, 0x00, 0x05, 0x00, 0x00, 0x00, 0x00, 0x00, 0x00,
        0x00, 0x05, 0x00, 0x00, 0x00, 0x00, 0x00, 0x00, 0x00, 0x05, 0x00, 0x00,
        0x00, 0x00, 0x00, 0x00, 0x00, 0x05, 0x00, 0x00, 0x00, 0x00, 0x00, 0x00,
        0x00, 0x05, 0x00, 0x00, 0x00, 0x00, 0x00, 0x00, 0x00, 0x05, 0x00, 0x00,
        0x00, 0x00, 0x00, 0x00, 0x00, 0x05, 0x00, 0x00, 0x00, 0x00, 0x00, 0x00,
        0x00, 0x05, 0x00, 0x00, 0x00, 0x00, 0x00, 0x00, 0x00, 0x05, 0x00, 0x00,
        0x00, 0x00, 0x00, 0x00, 0x00, 0x05, 0x00, 0x00, 0x00, 0x00, 0x00, 0x00,
        0x00, 0x05, 0x00, 0x00, 0x00, 0x00, 0x00, 0x00, 0x00, 0x05, 0x00, 0x00,
        0x00, 0x00, 0x00, 0x00, 0x00, 0x05, 0x00, 0x00, 0x00, 0x00, 0x00, 0x00,
        0x00, 0x05, 0x00, 0x00, 0x00, 0x00, 0x00, 0x00, 0x00, 0x05, 0x00, 0x00,
        0x00, 0x00, 0x00, 0x00, 0x00, 0x05, 0x00, 0x00, 0x00, 0x00, 0x00, 0x00,
        0x00, 0x05, 0x00, 0x00, 0x00, 0x00, 0x00, 0x00, 0x00, 0x05, 0x00, 0x00,
        0x00, 0x00, 0x00, 0x00, 0x00, 0x05, 0x00, 0x00, 0x00, 0x00, 0x00, 0x00,
        0x00, 0x05, 0x00, 0x00, 0x00, 0x00, 0x00, 0x00, 0x00, 0x05, 0x00, 0x00,
        0x00, 0x00, 0x00, 0x00, 0x00, 0x05, 0x00, 0x00, 0x00, 0x00, 0x00, 0x00,
        0x00, 0x05, 0x00, 0x00, 0x00, 0x00, 0x00, 0x00, 0x00, 0x05, 0x00, 0x00,
        0x00, 0x00, 0x00, 0x00, 0x00, 0x05, 0x00, 0x00, 0x00, 0x00, 0x00, 0x00,
        0x00, 0x05, 0x00, 0x00, 0x00, 0x00, 0x00, 0x00, 0x00, 0x05, 0x00, 0x00,
        0x00, 0x00, 0x00, 0x00, 0x00, 0x05, 0x00, 0x00, 0x00, 0x00, 0x00, 0x00,
        0x00, 0x05, 0x00, 0x00, 0x00, 0x00, 0x00, 0x00, 0xDD, 0x55, 0x50, 0x03,
        0xF1, 0x10, 0x0D, 0xCD, 0x00, 0x05, 0x00, 0x00, 0x00, 0x00, 0x00, 0x00,
        0x55, 0x00, 0x4E, 0xC2, 0x24, 0x72, 0x82, 0x26, 0x00, 0x05, 0x00, 0x00,
        0x00, 0x00, 0x00, 0x00, 0x00, 0x05, 0x00, 0x00, 0x00, 0x00, 0x00, 0x00,
        0x00, 0x05, 0x00, 0x00, 0x00, 0x00, 0x00, 0x00, 0x00, 0x05, 0x00, 0x00,
        0x00, 0x00, 0x00, 0x00, 0x1F, 0x0C, 0x50, 0x03, 0xF1, 0xD0, 0x0C, 0xAD,
        0x00, 0x05, 0x00, 0x00, 0x00, 0x00, 0x00, 0x00, 0x0C, 0x00, 0x4E, 0xC2,
        0x24, 0x73, 0x82, 0x26, 0x00, 0x05, 0x00, 0x00, 0x00, 0x00, 0x00, 0x00,
        0x00, 0x05, 0x00, 0x00, 0x00, 0x00, 0x00, 0x00, 0x00, 0x05, 0x00, 0x00,
        0x00, 0x00, 0x00, 0x00, 0x00, 0x05, 0x00, 0x00, 0x00, 0x00, 0x00, 0x00,
        0x00, 0x05, 0x00, 0x00, 0x00, 0x00, 0x00, 0x00, 0x00, 0x05, 0x00, 0x00,
        0x00, 0x00, 0x00, 0x00, 0x00, 0x05, 0x00, 0x00, 0x00, 0x00, 0x00, 0x00,
        0x00, 0x05, 0x00, 0x00, 0x00, 0x00, 0x00, 0x00, 0x00, 0x05, 0x00, 0x00,
        0x00, 0x00, 0x00, 0x00, 0x00, 0x05, 0x00, 0x00, 0x00, 0x00, 0x00, 0x00,
        0x00, 0x05, 0x00, 0x00, 0x00, 0x00, 0x00, 0x00, 0x00, 0x05, 0x00, 0x00,
        0x00, 0x00, 0x00, 0x00, 0x00, 0x05, 0x00, 0x00, 0x00, 0x00, 0x00, 0x00,
        0x00, 0x05, 0x00, 0x00, 0x00, 0x00, 0x00, 0x00, 0x00, 0x05, 0x00, 0x00,
        0x00, 0x00, 0x00, 0x00, 0x00, 0x05, 0x00, 0x00, 0x00, 0x00, 0x00, 0x00,
        0x00, 0x05, 0x00, 0x00, 0x00, 0x00, 0x00, 0x00, 0x00, 0x05, 0x00, 0x00,
        0x00, 0x00, 0x00, 0x00, 0x00, 0x05, 0x00, 0x00, 0x00, 0x00, 0x00, 0x00,
        0x00, 0x05, 0x00, 0x00, 0x00, 0x00, 0x00, 0x00, 0x00, 0x05, 0x00, 0x00,
        0x00, 0x00, 0x00, 0x00, 0x00, 0x05, 0x00, 0x00, 0x00, 0x00, 0x00, 0x00,
        0x00, 0x05, 0x00, 0x00, 0x00, 0x00, 0x00, 0x00, 0x00, 0x05, 0x00, 0x00,
        0x00, 0x00, 0x00, 0x00, 0x00, 0x05, 0x00, 0x00, 0x00, 0x00, 0x00, 0x00,
        0x00, 0x05, 0x00, 0x00, 0x00, 0x00, 0x00, 0x00, 0x00, 0x05, 0x00, 0x00,
        0x00, 0x00, 0x00, 0x00, 0x00, 0x05, 0x00, 0x00, 0x00, 0x00, 0x00, 0x00,
        0x00, 0x05, 0x00, 0x00, 0x00, 0x00, 0x00, 0x00, 0x00, 0x05, 0x00, 0x00,
        0x00, 0x00, 0x00, 0x00, 0xDE, 0x85, 0x50, 0x03, 0xF1, 0x10, 0x0D, 0xCD,
        0x00, 0x05, 0x00, 0x00, 0x00, 0x00, 0x00, 0x00, 0x7B, 0x00, 0x73, 0xA2,
        0x3E, 0xA2, 0x83, 0xF5, 0x00, 0x05, 0x00, 0x00, 0x00, 0x00, 0x00, 0x00,
        0x00, 0x05, 0x00, 0x00, 0x00, 0x00, 0x00, 0x00, 0x00, 0x05, 0x00, 0x00,
        0x00, 0x00, 0x00, 0x00, 0x00, 0x05, 0x00, 0x00, 0x00, 0x00, 0x00, 0x00,
        0x1F, 0x13, 0x10, 0x03, 0xF0, 0x00, 0x0F, 0xCC, 0x00, 0x05, 0x00, 0x00,
        0x00, 0x00, 0x00, 0x00, 0x11, 0x00, 0x73, 0xA2, 0x3E, 0xA0, 0x83, 0xF5,
        0x00, 0x05, 0x00, 0x00, 0x00, 0x00, 0x00, 0x00, 0x00, 0x05, 0x00, 0x00,
        0x00, 0x00, 0x00, 0x00, 0x00, 0x05, 0x00, 0x00, 0x00, 0x00, 0x00, 0x00,
        0x00, 0x05, 0x00, 0x00, 0x00, 0x00, 0x00, 0x00, 0x00, 0x05, 0x00, 0x00,
        0x00, 0x00, 0x00, 0x00, 0x00, 0x05, 0x00, 0x00, 0x00, 0x00, 0x00, 0x00,
        0x00, 0x05, 0x00, 0x00, 0x00, 0x00, 0x00, 0x00, 0x00, 0x05, 0x00, 0x00,
        0x00, 0x00, 0x00, 0x00, 0x00, 0x05, 0x00, 0x00, 0x00, 0x00, 0x00, 0x00,
        0x00, 0x05, 0x00, 0x00, 0x00, 0x00, 0x00, 0x00, 0x00, 0x05, 0x00, 0x00,
        0x00, 0x00, 0x00, 0x00, 0x00, 0x05, 0x00, 0x00, 0x00, 0x00, 0x00, 0x00,
        0x00, 0x05, 0x00, 0x00, 0x00, 0x00, 0x00, 0x00, 0x00, 0x05, 0x00, 0x00,
        0x00, 0x00, 0x00, 0x00, 0x00, 0x05, 0x00, 0x00, 0x00, 0x00, 0x00, 0x00,
        0x00, 0x05, 0x00, 0x00, 0x00, 0x00, 0x00, 0x00, 0x00, 0x05, 0x00, 0x00,
        0x00, 0x00, 0x00, 0x00, 0x00, 0x05, 0x00, 0x00, 0x00, 0x00, 0x00, 0x00,
        0x00, 0x05, 0x00, 0x00, 0x00, 0x00, 0x00, 0x00, 0x00, 0x05, 0x00, 0x00,
        0x00, 0x00, 0x00, 0x00, 0x00, 0x05, 0x00, 0x00, 0x00, 0x00, 0x00, 0x00,
        0x00, 0x05, 0x00, 0x00, 0x00, 0x00, 0x00, 0x00, 0x00, 0x05, 0x00, 0x00,
        0x00, 0x00, 0x00, 0x00, 0x00, 0x05, 0x00, 0x00, 0x00, 0x00, 0x00, 0x00,
        0x00, 0x05, 0x00, 0x00, 0x00, 0x00, 0x00, 0x00, 0x00, 0x05, 0x00, 0x00,
        0x00, 0x00, 0x00, 0x00, 0x37, 0xD9, 0xB6, 0x6D, 0xDB, 0xB6, 0x8D, 0x26,
        0x00, 0x05, 0x00, 0x00, 0x00, 0x00, 0x00, 0x00, 0xDB, 0xE0, 0xB6, 0x6D,
        0xDB, 0xB6, 0x0D, 0x6D, 0x00, 0x05, 0x00, 0x00, 0x00, 0x00, 0x00, 0x00,
        0xDE, 0x90, 0x10, 0x03, 0xF1, 0x10, 0xEF, 0x13, 0x00, 0x05, 0x00, 0x00,
        0x00, 0x00, 0x00, 0x00, 0xDD, 0x00, 0xF5, 0x43, 0x3F, 0xAC, 0x03, 0x00,
        0x00, 0x05, 0x00, 0x00, 0x00, 0x00, 0x00, 0x00, 0x00, 0x05, 0x00, 0x00,
        0x00, 0x00, 0x00, 0x00, 0x00, 0x05, 0x00, 0x00, 0x00, 0x00, 0x00, 0x00,
        0x00, 0x05, 0x00, 0x00, 0x00, 0x00, 0x00, 0x00, 0x1F, 0x00, 0x80, 0x06,
        0x68, 0x80, 0xF6, 0x24, 0x4C, 0xDA, 0xB6, 0x6D, 0xDB, 0xB6, 0x8D, 0x26,
        0x11, 0x00, 0xEA, 0x03, 0x3A, 0x58, 0x9F, 0x24, 0xDC, 0xE1, 0xB6, 0x6D,
        0xDB, 0xB6, 0x0D, 0x69, 0x01, 0x06, 0xB6, 0x6D, 0xDB, 0xB6, 0x0D, 0xDB,
        0x61, 0xDB, 0xB6, 0x6D, 0xDB, 0xB6, 0x8D, 0x26, 0x00, 0x05, 0x00, 0x00,
        0x00, 0x00, 0x00, 0x00, 0xDD, 0xE2, 0xB6, 0x6D, 0xDB, 0xB6, 0x0D, 0x48,
        0x00, 0x05, 0x00, 0x00, 0x00, 0x00, 0x00, 0x00, 0x00, 0x05, 0x00, 0x00,
        0x00, 0x00, 0x00, 0x00, 0x00, 0x05, 0x00, 0x00, 0x00, 0x00, 0x00, 0x00,
        0x00, 0x05, 0x00, 0x00, 0x00, 0x00, 0x00, 0x00, 0x00, 0x05, 0x00, 0x00,
        0x00, 0x00, 0x00, 0x00, 0x00, 0x05, 0x00, 0x00, 0x00, 0x00, 0x00, 0x00,
        0x00, 0x05, 0x00, 0x00, 0x00, 0x00, 0x00, 0x00, 0x00, 0x05, 0x00, 0x00,
        0x00, 0x00, 0x00, 0x00, 0x00, 0x05, 0x00, 0x00, 0x00, 0x00, 0x00, 0x00,
        0x00, 0x05, 0x00, 0x00, 0x00, 0x00, 0x00, 0x00, 0x00, 0x05, 0x00, 0x00,
        0x00, 0x00, 0x00, 0x00, 0x00, 0x05, 0x00, 0x00, 0x00, 0x00, 0x00, 0x00,
        0x00, 0x05, 0x00, 0x00, 0x00, 0x00, 0x00, 0x00, 0x00, 0x05, 0x00, 0x00,
        0x00, 0x00, 0x00, 0x00, 0x00, 0x05, 0x00, 0x00, 0x00, 0x00, 0x00, 0x00,
        0x00, 0x05, 0x00, 0x00, 0x00, 0x00, 0x00, 0x00, 0x00, 0x05, 0x00, 0x00,
        0x00, 0x00, 0x00, 0x00, 0x00, 0x05, 0x00, 0x00, 0x00, 0x00, 0x00, 0x00,
        0x00, 0x05, 0x00, 0x00, 0x00, 0x00, 0x00, 0x00, 0x00, 0x05, 0x00, 0x00,
        0x00, 0x00, 0x00, 0x00, 0x00, 0x05, 0x00, 0x00, 0x00, 0x00, 0x00, 0x00,
        0xD9, 0x00, 0x16, 0x10, 0x0A, 0x09, 0x95, 0x98, 0x00, 0x05, 0x00, 0x00,
        0x00, 0x00, 0x00, 0x00, 0xDD, 0xA5, 0x00, 0x20, 0x01, 0xDC, 0x14, 0x73,
        0x00, 0x05, 0x00, 0x00, 0x00, 0x00, 0x00, 0x00, 0xD9, 0x2B, 0x9B, 0xD0,
        0x0E, 0x4B, 0x37, 0x9F, 0x00, 0x05, 0x00, 0x00, 0x00, 0x00, 0x00, 0x00,
        0xDD, 0xA5, 0x00, 0x20, 0x01, 0xDC, 0x14, 0x73, 0x00, 0x05, 0x00, 0x00,
        0x00, 0x00, 0x00, 0x00, 0x00, 0x05, 0x00, 0x00, 0x00, 0x00, 0x00, 0x00,
        0x00, 0x05, 0x00, 0x00, 0x00, 0x00, 0x00, 0x00, 0x00, 0x05, 0x00, 0x00,
        0x00, 0x00, 0x00, 0x00, 0x17, 0x00, 0x4F, 0xD2, 0x24, 0x4B, 0x02, 0x27,
        0xDA, 0x00, 0x16, 0x70, 0x0A, 0xF1, 0x94, 0x77, 0x00, 0x05, 0x00, 0x00,
        0x00, 0x00, 0x00, 0x00, 0xDE, 0xB2, 0x00, 0x20, 0x01, 0xDC, 0x14, 0x93,
        0x01, 0x13, 0xB0, 0x2D, 0xDB, 0xB3, 0x1D, 0xDB, 0xDB, 0x00, 0x15, 0xF0,
        0x09, 0xE9, 0x14, 0x73, 0x00, 0x05, 0x00, 0x00, 0x00, 0x00, 0x00, 0x00,
        0xDE, 0xBE, 0x00, 0x20, 0x01, 0x9C, 0x14, 0x73, 0x00, 0x05, 0x00, 0x00,
        0x00, 0x00, 0x00, 0x00, 0x00, 0x05, 0x00, 0x00, 0x00, 0x00, 0x00, 0x00,
        0x00, 0x05, 0x00, 0x00, 0x00, 0x00, 0x00, 0x00, 0x00, 0x05, 0x00, 0x00,
        0x00, 0x00, 0x00, 0x00, 0x00, 0x05, 0x00, 0x00, 0x00, 0x00, 0x00, 0x00,
        0x00, 0x05, 0x00, 0x00, 0x00, 0x00, 0x00, 0x00, 0x00, 0x05, 0x00, 0x00,
        0x00, 0x00, 0x00, 0x00, 0x00, 0x05, 0x00, 0x00, 0x00, 0x00, 0x00, 0x00,
        0x00, 0x05, 0x00, 0x00, 0x00, 0x00, 0x00, 0x00, 0x00, 0x05, 0x00, 0x00,
        0x00, 0x00, 0x00, 0x00, 0x00, 0x05, 0x00, 0x00, 0x00, 0x00, 0x00, 0x00,
        0x00, 0x05, 0x00, 0x00, 0x00, 0x00, 0x00, 0x00, 0x00, 0x05, 0x00, 0x00,
        0x00, 0x00, 0x00, 0x00, 0x00, 0x05, 0x00, 0x00, 0x00, 0x00, 0x00, 0x00,
        0x00, 0x05, 0x00, 0x00, 0x00, 0x00, 0x00, 0x00, 0x00, 0x05, 0x00, 0x00,
        0x00, 0x00, 0x00, 0x00, 0x00, 0x05, 0x00, 0x00, 0x00, 0x00, 0x00, 0x00,
        0x00, 0x05, 0x00, 0x00, 0x00, 0x00, 0x00, 0x00, 0x00, 0x05, 0x00, 0x00,
        0x00, 0x00, 0x00, 0x00, 0x00, 0x05, 0x00, 0x00, 0x00, 0x00, 0x00, 0x00,
        0x00, 0x05, 0x00, 0x00, 0x00, 0x00, 0x00, 0x00, 0xCD, 0x00, 0xA1, 0x90,
        0x50, 0x89, 0x99, 0xA4, 0x00, 0x05, 0x00, 0x00, 0x00, 0x00, 0x00, 0x00,
        0xDB, 0x84, 0x02, 0x30, 0x09, 0xE5, 0x14, 0x73, 0x00, 0x05, 0x00, 0x00,
        0x00, 0x00, 0x00, 0x00, 0xCD, 0x03, 0xA4, 0xB0, 0x53, 0xAA, 0x29, 0xA6,
        0x00, 0x05, 0x00, 0x00, 0x00, 0x00, 0x00, 0x00, 0xDB, 0x84, 0x02, 0x30,
        0x09, 0xE5, 0x14, 0x73, 0x00, 0x05, 0x00, 0x00, 0x00, 0x00, 0x00, 0x00,
        0x00, 0x05, 0x00, 0x00, 0x00, 0x00, 0x00, 0x00, 0x00, 0x05, 0x00, 0x00,
        0x00, 0x00, 0x00, 0x00, 0x00, 0x05, 0x00, 0x00, 0x00, 0x00, 0x00, 0x00,
        0x05, 0x1B, 0xB2, 0x4D, 0xDB, 0x85, 0x1D, 0xD9, 0xD1, 0x00, 0x9F, 0x10,
        0x4F, 0x79, 0x97, 0x98, 0x00, 0x05, 0x00, 0x00, 0x00, 0x00, 0x00, 0x00,
        0xDC, 0x97, 0x00, 0x30, 0x09, 0xE5, 0x14, 0x93, 0x18, 0x00, 0x4F, 0xD2,
        0x24, 0x4A, 0x82, 0x24, 0xD5, 0x00, 0x1F, 0x90, 0x4A, 0x31, 0x95, 0x77,
        0x00, 0x05, 0x00, 0x00, 0x00, 0x00, 0x00, 0x00, 0xDD, 0xAB, 0x00, 0x30,
        0x09, 0xE5, 0x14, 0x73, 0x00, 0x05, 0x00, 0x00, 0x00, 0x00, 0x00, 0x00,
        0x00, 0x05, 0x00, 0x00, 0x00, 0x00, 0x00, 0x00, 0x00, 0x05, 0x00, 0x00,
        0x00, 0x00, 0x00, 0x00, 0x00, 0x05, 0x00, 0x00, 0x00, 0x00, 0x00, 0x00,
        0x00, 0x05, 0x00, 0x00, 0x00, 0x00, 0x00, 0x00, 0x00, 0x05, 0x00, 0x00,
        0x00, 0x00, 0x00, 0x00, 0x00, 0x05, 0x00, 0x00, 0x00, 0x00, 0x00, 0x00,
        0x00, 0x05, 0x00, 0x00, 0x00, 0x00, 0x00, 0x00, 0x00, 0x05, 0x00, 0x00,
        0x00, 0x00, 0x00, 0x00, 0x00, 0x05, 0x00, 0x00, 0x00, 0x00, 0x00, 0x00,
        0x00, 0x05, 0x00, 0x00, 0x00, 0x00, 0x00, 0x00, 0x00, 0x05, 0x00, 0x00,
        0x00, 0x00, 0x00, 0x00, 0x00, 0x05, 0x00, 0x00, 0x00, 0x00, 0x00, 0x00,
        0x00, 0x05, 0x00, 0x00, 0x00, 0x00, 0x00, 0x00, 0x00, 0x05, 0x00, 0x00,
        0x00, 0x00, 0x00, 0x00, 0x00, 0x05, 0x00, 0x00, 0x00, 0x00, 0x00, 0x00,
        0x00, 0x05, 0x00, 0x00, 0x00, 0x00, 0x00, 0x00, 0x00, 0x05, 0x00, 0x00,
        0x00, 0x00, 0x00, 0x00, 0x00, 0x05, 0x00, 0x00, 0x00, 0x00, 0x00, 0x00,
        0x00, 0x05, 0x00, 0x00, 0x00, 0x00, 0x00, 0x00, 0x00, 0x05, 0x00, 0x00,
        0x00, 0x00, 0x00, 0x00, 0x54, 0x00, 0x49, 0x90, 0xA4, 0x49, 0x92, 0x24,
        0x00, 0x05, 0x00, 0x00, 0x00, 0x00, 0x00, 0x00, 0xBC, 0x1D, 0x13, 0xD0,
        0x49, 0xEF, 0x16, 0x73, 0x00, 0x05, 0x00, 0x00, 0x00, 0x00, 0x00, 0x00,
        0xDA, 0x01, 0x62, 0x8A, 0xFD, 0x50, 0x03, 0xF1, 0x00, 0x05, 0x00, 0x00,
        0x00, 0x00, 0x00, 0x00, 0xBC, 0x1D, 0x13, 0xD0, 0x49, 0xEF, 0x16, 0x73,
        0x00, 0x05, 0x00, 0x00, 0x00, 0x00, 0x00, 0x00, 0x00, 0x05, 0x00, 0x00,
        0x00, 0x00, 0x00, 0x00, 0x00, 0x05, 0x00, 0x00, 0x00, 0x00, 0x00, 0x00,
        0x00, 0x05, 0x00, 0x00, 0x00, 0x00, 0x00, 0x00, 0x02, 0x1E, 0x91, 0x9D,
        0xC1, 0x99, 0x1C, 0x0A, 0x71, 0x00, 0x79, 0x91, 0x78, 0xC9, 0x9B, 0xDC,
        0x00, 0x05, 0x00, 0x00, 0x00, 0x00, 0x00, 0x00, 0xC3, 0x46, 0x13, 0xD0,
        0x49, 0xEF, 0x16, 0x73, 0x1D, 0x00, 0x4A, 0xA2, 0x24, 0x78, 0x02, 0x27,
        0x8F, 0x00, 0xF9, 0x90, 0x54, 0x89, 0x97, 0x98, 0x00, 0x05, 0x00, 0x00,
        0x00, 0x00, 0x00, 0x00, 0xCB, 0x70, 0x93, 0xD0, 0x49, 0xEF, 0x16, 0x73,
        0x00, 0x05, 0x00, 0x00, 0x00, 0x00, 0x00, 0x00, 0x00, 0x05, 0x00, 0x00,
        0x00, 0x00, 0x00, 0x00, 0x00, 0x05, 0x00, 0x00, 0x00, 0x00, 0x00, 0x00,
        0x00, 0x05, 0x00, 0x00, 0x00, 0x00, 0x00, 0x00, 0x00, 0x05, 0x00, 0x00,
        0x00, 0x00, 0x00, 0x00, 0x00, 0x05, 0x00, 0x00, 0x00, 0x00, 0x00, 0x00,
        0x00, 0x05, 0x00, 0x00, 0x00, 0x00, 0x00, 0x00, 0x00, 0x05, 0x00, 0x00,
        0x00, 0x00, 0x00, 0x00, 0x00, 0x05, 0x00, 0x00, 0x00, 0x00, 0x00, 0x00,
        0x00, 0x05, 0x00, 0x00, 0x00, 0x00, 0x00, 0x00, 0x00, 0x05, 0x00, 0x00,
        0x00, 0x00, 0x00, 0x00, 0x00, 0x05, 0x00, 0x00, 0x00, 0x00, 0x00, 0x00,
        0x00, 0x05, 0x00, 0x00, 0x00, 0x00, 0x00, 0x00, 0x00, 0x05, 0x00, 0x00,
        0x00, 0x00, 0x00, 0x00, 0x00, 0x05, 0x00, 0x00, 0x00, 0x00, 0x00, 0x00,
        0x00, 0x05, 0x00, 0x00, 0x00, 0x00, 0x00, 0x00, 0x00, 0x05, 0x00, 0x00,
        0x00, 0x00, 0x00, 0x00, 0x00, 0x05, 0x00, 0x00, 0x00, 0x00, 0x00, 0x00,
        0x00, 0x05, 0x00, 0x00, 0x00, 0x00, 0x00, 0x00, 0x00, 0x05, 0x00, 0x00,
        0x00, 0x00, 0x00, 0x00, 0x00, 0x05, 0x00, 0x00, 0x00, 0x00, 0x00, 0x00,
        0x27, 0x2C, 0xB6, 0x61, 0xDB, 0xB6, 0x6D, 0xDB, 0x00, 0x05, 0x00, 0x00,
        0x00, 0x00, 0x00, 0x00, 0x1D, 0xAB, 0x6B, 0x23, 0xB6, 0x18, 0x6B, 0x8D,
        0x00, 0x05, 0x00, 0x00, 0x00, 0x00, 0x00, 0x00, 0xDB, 0x01, 0xD8, 0x0F,
        0x35, 0x10, 0x0F, 0xD1, 0x00, 0x05, 0x00, 0x00, 0x00, 0x00, 0x00, 0x00,
        0x1D, 0xAB, 0x6B, 0x23, 0xB6, 0x18, 0x6B, 0x8D, 0x00, 0x05, 0x00, 0x00,
        0x00, 0x00, 0x00, 0x00, 0x00, 0x05, 0x00, 0x00, 0x00, 0x00, 0x00, 0x00,
        0x00, 0x05, 0x00, 0x00, 0x00, 0x00, 0x00, 0x00, 0x00, 0x05, 0x00, 0x00,
        0x00, 0x00, 0x00, 0x00, 0x1E, 0x00, 0xE8, 0x83, 0x3E, 0xA0, 0x83, 0xF9,
        0x4E, 0x00, 0x49, 0x91, 0x98, 0xC9, 0x9B, 0xBC, 0x00, 0x05, 0x00, 0x00,
        0x00, 0x00, 0x00, 0x00, 0xB6, 0x30, 0x9C, 0x50, 0x4E, 0x2F, 0x17, 0x77,
        0x1D, 0x00, 0x4A, 0x82, 0x27, 0x70, 0x02, 0x26, 0x76, 0x00, 0x09, 0x91,
        0x54, 0x89, 0x97, 0x9C, 0x00, 0x05, 0x00, 0x00, 0x00, 0x00, 0x00, 0x00,
        0xC1, 0x5F, 0x9C, 0x60, 0x4E, 0x2F, 0x17, 0x77, 0x00, 0x05, 0x00, 0x00,
        0x00, 0x00, 0x00, 0x00, 0x00, 0x05, 0x00, 0x00, 0x00, 0x00, 0x00, 0x00,
        0x00, 0x05, 0x00, 0x00, 0x00, 0x00, 0x00, 0x00, 0x00, 0x05, 0x00, 0x00,
        0x00, 0x00, 0x00, 0x00, 0x00, 0x05, 0x00, 0x00, 0x00, 0x00, 0x00, 0x00,
        0x00, 0x05, 0x00, 0x00, 0x00, 0x00, 0x00, 0x00, 0x00, 0x05, 0x00, 0x00,
        0x00, 0x00, 0x00, 0x00, 0x00, 0x05, 0x00, 0x00, 0x00, 0x00, 0x00, 0x00,
        0x00, 0x05, 0x00, 0x00, 0x00, 0x00, 0x00, 0x00, 0x00, 0x05, 0x00, 0x00,
        0x00, 0x00, 0x00, 0x00, 0x00, 0x05, 0x00, 0x00, 0x00, 0x00, 0x00, 0x00,
        0x00, 0x05, 0x00, 0x00, 0x00, 0x00, 0x00, 0x00, 0x00, 0x05, 0x00, 0x00,
        0x00, 0x00, 0x00, 0x00, 0x00, 0x05, 0x00, 0x00, 0x00, 0x00, 0x00, 0x00,
        0x00, 0x05, 0x00, 0x00, 0x00, 0x00, 0x00, 0x00, 0x00, 0x05, 0x00, 0x00,
        0x00, 0x00, 0x00, 0x00, 0x00, 0x05, 0x00, 0x00, 0x00, 0x00, 0x00, 0x00,
        0x00, 0x05, 0x00, 0x00, 0x00, 0x00, 0x00, 0x00, 0x00, 0x05, 0x00, 0x00,
        0x00, 0x00, 0x00, 0x00, 0x00, 0x05, 0x00, 0x00, 0x00, 0x00, 0x00, 0x00,
        0x00, 0x05, 0x00, 0x00, 0x00, 0x00, 0x00, 0x00, 0x00, 0x05, 0x00, 0x00,
        0x00, 0x00, 0x00, 0x00, 0x00, 0x05, 0x00, 0x00, 0x00, 0x00, 0x00, 0x00,
        0x13, 0x70, 0x5E, 0x63, 0xAC, 0xB6, 0x68, 0x63, 0x00, 0x05, 0x00, 0x00,
        0x00, 0x00, 0x00, 0x00, 0xDD, 0x3D, 0x50, 0x03, 0xF1, 0x10, 0x0D, 0xAD,
        0x00, 0x05, 0x00, 0x00, 0x00, 0x00, 0x00, 0x00, 0x70, 0x00, 0xE9, 0xE0,
        0x53, 0x8D, 0xC9, 0xBF, 0x00, 0x05, 0x00, 0x00, 0x00, 0x00, 0x00, 0x00,
        0x00, 0x05, 0x00, 0x00, 0x00, 0x00, 0x00, 0x00, 0x00, 0x05, 0x00, 0x00,
        0x00, 0x00, 0x00, 0x00, 0x00, 0x05, 0x00, 0x00, 0x00, 0x00, 0x00, 0x00,
        0x1F, 0x04, 0xE0, 0x83, 0xF9, 0x98, 0x0F, 0xF9, 0x02, 0x1E, 0xB6, 0x62,
        0xAB, 0x36, 0x68, 0x7B, 0x01, 0x06, 0xB6, 0x0D, 0xDB, 0xB3, 0x4D, 0xD8,
        0x88, 0x1C, 0xA7, 0x70, 0x53, 0x79, 0x97, 0x9B, 0x1E, 0x00, 0x60, 0x02,
        0x26, 0x58, 0x82, 0x25, 0x04, 0x3C, 0xB6, 0x62, 0xAB, 0x36, 0x68, 0x7B,
        0x00, 0x05, 0x00, 0x00, 0x00, 0x00, 0x00, 0x00, 0xA0, 0x38, 0x9D, 0x60,
        0x4E, 0x2F, 0x17, 0x77, 0x00, 0x05, 0x00, 0x00, 0x00, 0x00, 0x00, 0x00,
        0x00, 0x05, 0x00, 0x00, 0x00, 0x00, 0x00, 0x00, 0x00, 0x05, 0x00, 0x00,
        0x00, 0x00, 0x00, 0x00, 0x00, 0x05, 0x00, 0x00, 0x00, 0x00, 0x00, 0x00,
        0x00, 0x05, 0x00, 0x00, 0x00, 0x00, 0x00, 0x00, 0x00, 0x05, 0x00, 0x00,
        0x00, 0x00, 0x00, 0x00, 0x00, 0x05, 0x00, 0x00, 0x00, 0x00, 0x00, 0x00,
        0x00, 0x05, 0x00, 0x00, 0x00, 0x00, 0x00, 0x00, 0x00, 0x05, 0x00, 0x00,
        0x00, 0x00, 0x00, 0x00, 0x00, 0x05, 0x00, 0x00, 0x00, 0x00, 0x00, 0x00,
        0x00, 0x05, 0x00, 0x00, 0x00, 0x00, 0x00, 0x00, 0x00, 0x05, 0x00, 0x00,
        0x00, 0x00, 0x00, 0x00, 0x00, 0x05, 0x00, 0x00, 0x00, 0x00, 0x00, 0x00,
        0x00, 0x05, 0x00, 0x00, 0x00, 0x00, 0x00, 0x00, 0x00, 0x05, 0x00, 0x00,
        0x00, 0x00, 0x00, 0x00, 0x00, 0x05, 0x00, 0x00, 0x00, 0x00, 0x00, 0x00,
        0x00, 0x05, 0x00, 0x00, 0x00, 0x00, 0x00, 0x00, 0x00, 0x05, 0x00, 0x00,
        0x00, 0x00, 0x00, 0x00, 0x00, 0x05, 0x00, 0x00, 0x00, 0x00, 0x00, 0x00,
        0x00, 0x05, 0x00, 0x00, 0x00, 0x00, 0x00, 0x00, 0x00, 0x05, 0x00, 0x00,
        0x00, 0x00, 0x00, 0x00, 0x00, 0x05, 0x00, 0x00, 0x00, 0x00, 0x00, 0x00,
        0x00, 0x05, 0x00, 0x00, 0x00, 0x00, 0x00, 0x00, 0x13, 0x5C, 0x06, 0x63,
        0xAB, 0x36, 0x66, 0x5B, 0x00, 0x05, 0x00, 0x00, 0x00, 0x00, 0x00, 0x00,
        0xDD, 0x55, 0x50, 0x03, 0xF1, 0x10, 0x0D, 0xCD, 0x00, 0x05, 0x00, 0x00,
        0x00, 0x00, 0x00, 0x00, 0x5C, 0x00, 0xF6, 0xC0, 0x54, 0xF3, 0x89, 0xA6,
        0x00, 0x05, 0x00, 0x00, 0x00, 0x00, 0x00, 0x00, 0x00, 0x05, 0x00, 0x00,
        0x00, 0x00, 0x00, 0x00, 0x00, 0x05, 0x00, 0x00, 0x00, 0x00, 0x00, 0x00,
        0x00, 0x05, 0x00, 0x00, 0x00, 0x00, 0x00, 0x00, 0x1F, 0x06, 0xD8, 0x83,
        0x3D, 0x90, 0x0F, 0xF5, 0x02, 0x17, 0xB6, 0x62, 0xA3, 0xB6, 0x69, 0x7B,
        0x01, 0x06, 0xB0, 0x3D, 0xDB, 0x84, 0x1D, 0xD9, 0x78, 0x17, 0xEF, 0x70,
        0x53, 0x79, 0x97, 0x9B, 0x1E, 0x00, 0x60, 0x82, 0x25, 0x58, 0x02, 0x3D,
        0x04, 0x2F, 0xB6, 0x62, 0xA3, 0xB6, 0x69, 0x7B, 0x00, 0x05, 0x00, 0x00,
        0x00, 0x00, 0x00, 0x00, 0x94, 0x2E, 0xA6, 0xF0, 0x4E, 0x2F, 0x17, 0x77,
        0x00, 0x05, 0x00, 0x00, 0x00, 0x00, 0x00, 0x00, 0x00, 0x05, 0x00, 0x00,
        0x00, 0x00, 0x00, 0x00, 0x00, 0x05, 0x00, 0x00, 0x00, 0x00, 0x00, 0x00,
        0x00, 0x05, 0x00, 0x00, 0x00, 0x00, 0x00, 0x00, 0x00, 0x05, 0x00, 0x00,
        0x00, 0x00, 0x00, 0x00, 0x00, 0x05, 0x00, 0x00, 0x00, 0x00, 0x00, 0x00,
        0x00, 0x05, 0x00, 0x00, 0x00, 0x00, 0x00, 0x00, 0x00, 0x05, 0x00, 0x00,
        0x00, 0x00, 0x00, 0x00, 0x00, 0x05, 0x00, 0x00, 0x00, 0x00, 0x00, 0x00,
        0x00, 0x05, 0x00, 0x00, 0x00, 0x00, 0x00, 0x00, 0x00, 0x05, 0x00, 0x00,
        0x00, 0x00, 0x00, 0x00, 0x00, 0x05, 0x00, 0x00, 0x00, 0x00, 0x00, 0x00,
        0x00, 0x05, 0x00, 0x00, 0x00, 0x00, 0x00, 0x00, 0x00, 0x05, 0x00, 0x00,
        0x00, 0x00, 0x00, 0x00, 0x00, 0x05, 0x00, 0x00, 0x00, 0x00, 0x00, 0x00,
        0x00, 0x05, 0x00, 0x00, 0x00, 0x00, 0x00, 0x00, 0x00, 0x05, 0x00, 0x00,
        0x00, 0x00, 0x00, 0x00, 0x00, 0x05, 0x00, 0x00, 0x00, 0x00, 0x00, 0x00,
        0x00, 0x05, 0x00, 0x00, 0x00, 0x00, 0x00, 0x00, 0x00, 0x05, 0x00, 0x00,
        0x00, 0x00, 0x00, 0x00, 0x00, 0x05, 0x00, 0x00, 0x00, 0x00, 0x00, 0x00,
        0x00, 0x05, 0x00, 0x00, 0x00, 0x00, 0x00, 0x00, 0x00, 0x05, 0x00, 0x00,
        0x00, 0x00, 0x00, 0x00, 0x10, 0x22, 0xB6, 0x63, 0x1B, 0xB6, 0x6D, 0xDB,
        0x00, 0x05, 0x00, 0x00, 0x00, 0x00, 0x00, 0x00, 0xDE, 0x85, 0x50, 0x03,
        0xF1, 0x10, 0x0D, 0xCD, 0x00, 0x05, 0x00, 0x00, 0x00, 0x00, 0x00, 0x00,
        0x7B, 0x00, 0x73, 0xAC, 0xFE, 0xA2, 0x83, 0xF5, 0x00, 0x05, 0x00, 0x00,
        0x00, 0x00, 0x00, 0x00, 0x00, 0x05, 0x00, 0x00, 0x00, 0x00, 0x00, 0x00,
        0x00, 0x05, 0x00, 0x00, 0x00, 0x00, 0x00, 0x00, 0x00, 0x05, 0x00, 0x00,
        0x00, 0x00, 0x00, 0x00, 0x1F, 0x09, 0x90, 0x03, 0x35, 0x50, 0x03, 0xF1,
        0x01, 0x09, 0xB6, 0x63, 0x9B, 0xB6, 0x67, 0x1B, 0x08, 0x00, 0x72, 0x02,
        0x3E, 0x98, 0x03, 0xF5, 0x4A, 0x0C, 0x2F, 0x71, 0x77, 0x71, 0x99, 0x9B,
        0x05, 0x1F, 0x29, 0x9C, 0xCA, 0xA9, 0x9C, 0xCE, 0x13, 0x00, 0x49, 0x90,
        0x64, 0x49, 0x9A, 0xE4, 0x00, 0x05, 0x00, 0x00, 0x00, 0x00, 0x00, 0x00,
        0x73, 0x18, 0xE6, 0xF0, 0x4E, 0x37, 0x17, 0x77, 0x00, 0x05, 0x00, 0x00,
        0x00, 0x00, 0x00, 0x00, 0x00, 0x05, 0x00, 0x00, 0x00, 0x00, 0x00, 0x00,
        0x00, 0x05, 0x00, 0x00, 0x00, 0x00, 0x00, 0x00, 0x00, 0x05, 0x00, 0x00,
        0x00, 0x00, 0x00, 0x00, 0x00, 0x05, 0x00, 0x00, 0x00, 0x00, 0x00, 0x00,
        0x00, 0x05, 0x00, 0x00, 0x00, 0x00, 0x00, 0x00, 0x00, 0x05, 0x00, 0x00,
        0x00, 0x00, 0x00, 0x00, 0x00, 0x05, 0x00, 0x00, 0x00, 0x00, 0x00, 0x00,
        0x00, 0x05, 0x00, 0x00, 0x00, 0x00, 0x00, 0x00, 0x00, 0x05, 0x00, 0x00,
        0x00, 0x00, 0x00, 0x00, 0x00, 0x05, 0x00, 0x00, 0x00, 0x00, 0x00, 0x00,
        0x00, 0x05, 0x00, 0x00, 0x00, 0x00, 0x00, 0x00, 0x00, 0x05, 0x00, 0x00,
        0x00, 0x00, 0x00, 0x00, 0x00, 0x05, 0x00, 0x00, 0x00, 0x00, 0x00, 0x00,
        0x00, 0x05, 0x00, 0x00, 0x00, 0x00, 0x00, 0x00, 0x00, 0x05, 0x00, 0x00,
        0x00, 0x00, 0x00, 0x00, 0x00, 0x05, 0x00, 0x00, 0x00, 0x00, 0x00, 0x00,
        0x00, 0x05, 0x00, 0x00, 0x00, 0x00, 0x00, 0x00, 0x00, 0x05, 0x00, 0x00,
        0x00, 0x00, 0x00, 0x00, 0x00, 0x05, 0x00, 0x00, 0x00, 0x00, 0x00, 0x00,
        0x00, 0x05, 0x00, 0x00, 0x00, 0x00, 0x00, 0x00, 0x00, 0x05, 0x00, 0x00,
        0x00, 0x00, 0x00, 0x00, 0x00, 0x05, 0x00, 0x00, 0x00, 0x00, 0x00, 0x00,
        0x10, 0x15, 0xB6, 0x61, 0xDB, 0xB6, 0x6D, 0xDB, 0x00, 0x05, 0x00, 0x00,
        0x00, 0x00, 0x00, 0x00, 0x90, 0xDE, 0x29, 0x91, 0x52, 0x09, 0x65, 0xDB,
        0x00, 0x05, 0x00, 0x00, 0x00, 0x00, 0x00, 0x00, 0x7B, 0x00, 0xEA, 0x2F,
        0x3A, 0x58, 0x9F, 0x24, 0x00, 0x05, 0x00, 0x00, 0x00, 0x00, 0x00, 0x00,
        0x00, 0x05, 0x00, 0x00, 0x00, 0x00, 0x00, 0x00, 0x00, 0x05, 0x00, 0x00,
        0x00, 0x00, 0x00, 0x00, 0x00, 0x05, 0x00, 0x00, 0x00, 0x00, 0x00, 0x00,
        0x0A, 0x1F, 0xE9, 0x90, 0x0E, 0x29, 0x61, 0xDB, 0x01, 0x06, 0xB6, 0x63,
        0x9B, 0xB6, 0x61, 0xDB, 0x08, 0x00, 0xE0, 0x83, 0x39, 0x50, 0x9F, 0x24,
        0x0C, 0x3C, 0x1A, 0x83, 0xB1, 0xD0, 0x68, 0xDB, 0x09, 0x1F, 0x29, 0x9C,
        0xCA, 0xA9, 0x6C, 0xDB, 0x03, 0x0D, 0xB6, 0x63, 0x7B, 0xB6, 0x61, 0xDB,
        0x00, 0x05, 0x00, 0x00, 0x00, 0x00, 0x00, 0x00, 0x18, 0x69, 0x5A, 0x83,
        0xB1, 0x10, 0x6B, 0xDB, 0x00, 0x05, 0x00, 0x00, 0x00, 0x00, 0x00, 0x00,
        0x00, 0x05, 0x00, 0x00, 0x00, 0x00, 0x00, 0x00, 0x00, 0x05, 0x00, 0x00,
        0x00, 0x00, 0x00, 0x00, 0x00, 0x05, 0x00, 0x00, 0x00, 0x00, 0x00, 0x00,
        0x00, 0x05, 0x00, 0x00, 0x00, 0x00, 0x00, 0x00, 0x00, 0x05, 0x00, 0x00,
        0x00, 0x00, 0x00, 0x00, 0x00, 0x05, 0x00, 0x00, 0x00, 0x00, 0x00, 0x00,
        0x00, 0x05, 0x00, 0x00, 0x00, 0x00, 0x00, 0x00, 0x00, 0x05, 0x00, 0x00,
        0x00, 0x00, 0x00, 0x00, 0x00, 0x05, 0x00, 0x00, 0x00, 0x00, 0x00, 0x00,
        0x00, 0x05, 0x00, 0x00, 0x00, 0x00, 0x00, 0x00, 0x00, 0x05, 0x00, 0x00,
        0x00, 0x00, 0x00, 0x00, 0x00, 0x05, 0x00, 0x00, 0x00, 0x00, 0x00, 0x00,
        0x00, 0x05, 0x00, 0x00, 0x00, 0x00, 0x00, 0x00, 0x00, 0x05, 0x00, 0x00,
        0x00, 0x00, 0x00, 0x00, 0x00, 0x05, 0x00, 0x00, 0x00, 0x00, 0x00, 0x00,
        0x00, 0x05, 0x00, 0x00, 0x00, 0x00, 0x00, 0x00, 0x00, 0x05, 0x00, 0x00,
        0x00, 0x00, 0x00, 0x00, 0x00, 0x05, 0x00, 0x00, 0x00, 0x00, 0x00, 0x00,
        0x00, 0x05, 0x00, 0x00, 0x00, 0x00, 0x00, 0x00, 0x00, 0x05, 0x00, 0x00,
        0x00, 0x00, 0x00, 0x00, 0x00, 0x05, 0x00, 0x00, 0x00, 0x00, 0x00, 0x00,
        0x00, 0x05, 0x00, 0x00, 0x00, 0x00, 0x00, 0x00, 0x00, 0x05, 0x00, 0x00,
        0x00, 0x00, 0x00, 0x00, 0x00, 0x05, 0x00, 0x00, 0x00, 0x00, 0x00, 0x00,
        0x00, 0x05, 0x00, 0x00, 0x00, 0x00, 0x00, 0x00, 0x00, 0x05, 0x00, 0x00,
        0x00, 0x00, 0x00, 0x00, 0x00, 0x05, 0x00, 0x00, 0x00, 0x00, 0x00, 0x00,
        0x00, 0x05, 0x00, 0x00, 0x00, 0x00, 0x00, 0x00, 0x00, 0x05, 0x00, 0x00,
        0x00, 0x00, 0x00, 0x00, 0x00, 0x05, 0x00, 0x00, 0x00, 0x00, 0x00, 0x00,
        0x00, 0x05, 0x00, 0x00, 0x00, 0x00, 0x00, 0x00, 0x00, 0x05, 0x00, 0x00,
        0x00, 0x00, 0x00, 0x00, 0x00, 0x05, 0x00, 0x00, 0x00, 0x00, 0x00, 0x00,
        0x00, 0x05, 0x00, 0x00, 0x00, 0x00, 0x00, 0x00, 0x00, 0x05, 0x00, 0x00,
        0x00, 0x00, 0x00, 0x00, 0x00, 0x05, 0x00, 0x00, 0x00, 0x00, 0x00, 0x00,
        0x00, 0x05, 0x00, 0x00, 0x00, 0x00, 0x00, 0x00, 0x00, 0x05, 0x00, 0x00,
        0x00, 0x00, 0x00, 0x00, 0x00, 0x05, 0x00, 0x00, 0x00, 0x00, 0x00, 0x00,
        0x00, 0x05, 0x00, 0x00, 0x00, 0x00, 0x00, 0x00, 0x00, 0x05, 0x00, 0x00,
        0x00, 0x00, 0x00, 0x00, 0x00, 0x05, 0x00, 0x00, 0x00, 0x00, 0x00, 0x00,
        0x00, 0x05, 0x00, 0x00, 0x00, 0x00, 0x00, 0x00, 0x00, 0x05, 0x00, 0x00,
        0x00, 0x00, 0x00, 0x00, 0x00, 0x05, 0x00, 0x00, 0x00, 0x00, 0x00, 0x00,
        0x00, 0x05, 0x00, 0x00, 0x00, 0x00, 0x00, 0x00, 0x00, 0x05, 0x00, 0x00,
        0x00, 0x00, 0x00, 0x00, 0x00, 0x05, 0x00, 0x00, 0x00, 0x00, 0x00, 0x00,
        0x00, 0x05, 0x00, 0x00, 0x00, 0x00, 0x00, 0x00, 0x00, 0x05, 0x00, 0x00,
        0x00, 0x00, 0x00, 0x00, 0x00, 0x05, 0x00, 0x00, 0x00, 0x00, 0x00, 0x00,
        0x00, 0x05, 0x00, 0x00, 0x00, 0x00, 0x00, 0x00, 0x00, 0x05, 0x00, 0x00,
        0x00, 0x00, 0x00, 0x00, 0x00, 0x05, 0x00, 0x00, 0x00, 0x00, 0x00, 0x00,
        0x00, 0x05, 0x00, 0x00, 0x00, 0x00, 0x00, 0x00, 0x00, 0x05, 0x00, 0x00,
        0x00, 0x00, 0x00, 0x00, 0x00, 0x05, 0x00, 0x00, 0x00, 0x00, 0x00, 0x00,
        0x00, 0x05, 0x00, 0x00, 0x00, 0x00, 0x00, 0x00, 0x00, 0x05, 0x00, 0x00,
        0x00, 0x00, 0x00, 0x00, 0x00, 0x05, 0x00, 0x00, 0x00, 0x00, 0x00, 0x00,
        0x00, 0x05, 0x00, 0x00, 0x00, 0x00, 0x00, 0x00, 0x00, 0x05, 0x00, 0x00,
        0x00, 0x00, 0x00, 0x00, 0x00, 0x05, 0x00, 0x00, 0x00, 0x00, 0x00, 0x00,
        0x00, 0x05, 0x00, 0x00, 0x00, 0x00, 0x00, 0x00, 0x00, 0x05, 0x00, 0x00,
        0x00, 0x00, 0x00, 0x00, 0x00, 0x05, 0x00, 0x00, 0x00, 0x00, 0x00, 0x00,
        0x00, 0x05, 0x00, 0x00, 0x00, 0x00, 0x00, 0x00, 0x00, 0x05, 0x00, 0x00,
        0x00, 0x00, 0x00, 0x00, 0x00, 0x05, 0x00, 0x00, 0x00, 0x00, 0x00, 0x00,
        0x00, 0x05, 0x00, 0x00, 0x00, 0x00, 0x00, 0x00, 0x00, 0x05, 0x00, 0x00,
        0x00, 0x00, 0x00, 0x00, 0x00, 0x05, 0x00, 0x00, 0x00, 0x00, 0x00, 0x00,
        0x00, 0x05, 0x00, 0x00, 0x00, 0x00, 0x00, 0x00, 0x00, 0x05, 0x00, 0x00,
        0x00, 0x00, 0x00, 0x00, 0x00, 0x05, 0x00, 0x00, 0x00, 0x00, 0x00, 0x00,
        0x00, 0x05, 0x00, 0x00, 0x00, 0x00, 0x00, 0x00, 0x00, 0x05, 0x00, 0x00,
        0x00, 0x00, 0x00, 0x00, 0x00, 0x05, 0x00, 0x00, 0x00, 0x00, 0x00, 0x00,
        0x00, 0x05, 0x00, 0x00, 0x00, 0x00, 0x00, 0x00, 0x00, 0x05, 0x00, 0x00,
        0x00, 0x00, 0x00, 0x00, 0x00, 0x05, 0x00, 0x00, 0x00, 0x00, 0x00, 0x00,
        0x00, 0x05, 0x00, 0x00, 0x00, 0x00, 0x00, 0x00, 0x00, 0x05, 0x00, 0x00,
        0x00, 0x00, 0x00, 0x00, 0x00, 0x05, 0x00, 0x00, 0x00, 0x00, 0x00, 0x00,
        0x00, 0x05, 0x00, 0x00, 0x00, 0x00, 0x00, 0x00, 0x00, 0x05, 0x00, 0x00,
        0x00, 0x00, 0x00, 0x00, 0x00, 0x05, 0x00, 0x00, 0x00, 0x00, 0x00, 0x00,
        0x00, 0x05, 0x00, 0x00, 0x00, 0x00, 0x00, 0x00, 0x00, 0x05, 0x00, 0x00,
        0x00, 0x00, 0x00, 0x00, 0x00, 0x05, 0x00, 0x00, 0x00, 0x00, 0x00, 0x00,
        0x00, 0x05, 0x00, 0x00, 0x00, 0x00, 0x00, 0x00, 0x00, 0x05, 0x00, 0x00,
        0x00, 0x00, 0x00, 0x00, 0x00, 0x05, 0x00, 0x00, 0x00, 0x00, 0x00, 0x00,
        0x00, 0x05, 0x00, 0x00, 0x00, 0x00, 0x00, 0x00, 0x00, 0x05, 0x00, 0x00,
        0x00, 0x00, 0x00, 0x00, 0x00, 0x05, 0x00, 0x00, 0x00, 0x00, 0x00, 0x00,
        0x00, 0x05, 0x00, 0x00, 0x00, 0x00, 0x00, 0x00, 0x00, 0x05, 0x00, 0x00,
        0x00, 0x00, 0x00, 0x00, 0x00, 0x05, 0x00, 0x00, 0x00, 0x00, 0x00, 0x00,
        0x00, 0x05, 0x00, 0x00, 0x00, 0x00, 0x00, 0x00, 0x00, 0x05, 0x00, 0x00,
        0x00, 0x00, 0x00, 0x00, 0x00, 0x05, 0x00, 0x00, 0x00, 0x00, 0x00, 0x00,
        0x00, 0x05, 0x00, 0x00, 0x00, 0x00, 0x00, 0x00, 0x00, 0x05, 0x00, 0x00,
        0x00, 0x00, 0x00, 0x00, 0x00, 0x05, 0x00, 0x00, 0x00, 0x00, 0x00, 0x00,
        0x00, 0x05, 0x00, 0x00, 0x00, 0x00, 0x00, 0x00, 0x00, 0x05, 0x00, 0x00,
        0x00, 0x00, 0x00, 0x00, 0x00, 0x05, 0x00, 0x00, 0x00, 0x00, 0x00, 0x00,
        0x00, 0x05, 0x00, 0x00, 0x00, 0x00, 0x00, 0x00, 0x00, 0x05, 0x00, 0x00,
        0x00, 0x00, 0x00, 0x00, 0x00, 0x05, 0x00, 0x00, 0x00, 0x00, 0x00, 0x00,
        0x00, 0x05, 0x00, 0x00, 0x00, 0x00, 0x00, 0x00, 0x00, 0x05, 0x00, 0x00,
        0x00, 0x00, 0x00, 0x00, 0x00, 0x05, 0x00, 0x00, 0x00, 0x00, 0x00, 0x00,
        0x00, 0x05, 0x00, 0x00, 0x00, 0x00, 0x00, 0x00, 0x00, 0x05, 0x00, 0x00,
        0x00, 0x00, 0x00, 0x00, 0x00, 0x05, 0x00, 0x00, 0x00, 0x00, 0x00, 0x00,
        0x00, 0x05, 0x00, 0x00, 0x00, 0x00, 0x00, 0x00, 0x00, 0x05, 0x00, 0x00,
        0x00, 0x00, 0x00, 0x00, 0x00, 0x05, 0x00, 0x00, 0x00, 0x00, 0x00, 0x00,
        0x00, 0x05, 0x00, 0x00, 0x00, 0x00, 0x00, 0x00, 0x00, 0x05, 0x00, 0x00,
        0x00, 0x00, 0x00, 0x00, 0x00, 0x05, 0x00, 0x00, 0x00, 0x00, 0x00, 0x00,
        0x00, 0x05, 0x00, 0x00, 0x00, 0x00, 0x00, 0x00, 0x00, 0x05, 0x00, 0x00,
        0x00, 0x00, 0x00, 0x00, 0x00, 0x05, 0x00, 0x00, 0x00, 0x00, 0x00, 0x00,
        0x00, 0x05, 0x00, 0x00, 0x00, 0x00, 0x00, 0x00, 0x00, 0x05, 0x00, 0x00,
        0x00, 0x00, 0x00, 0x00, 0x00, 0x05, 0x00, 0x00, 0x00, 0x00, 0x00, 0x00,
        0x00, 0x05, 0x00, 0x00, 0x00, 0x00, 0x00, 0x00, 0x00, 0x05, 0x00, 0x00,
        0x00, 0x00, 0x00, 0x00, 0x00, 0x05, 0x00, 0x00, 0x00, 0x00, 0x00, 0x00,
        0x00, 0x05, 0x00, 0x00, 0x00, 0x00, 0x00, 0x00, 0x00, 0x05, 0x00, 0x00,
        0x00, 0x00, 0x00, 0x00, 0x00, 0x05, 0x00, 0x00, 0x00, 0x00, 0x00, 0x00,
        0x00, 0x05, 0x00, 0x00, 0x00, 0x00, 0x00, 0x00, 0x00, 0x05, 0x00, 0x00,
        0x00, 0x00, 0x00, 0x00, 0x00, 0x05, 0x00, 0x00, 0x00, 0x00, 0x00, 0x00,
        0x00, 0x05, 0x00, 0x00, 0x00, 0x00, 0x00, 0x00, 0x00, 0x05, 0x00, 0x00,
        0x00, 0x00, 0x00, 0x00, 0x00, 0x05, 0x00, 0x00, 0x00, 0x00, 0x00, 0x00,
        0x00, 0x05, 0x00, 0x00, 0x00, 0x00, 0x00, 0x00, 0x00, 0x05, 0x00, 0x00,
        0x00, 0x00, 0x00, 0x00, 0x00, 0x05, 0x00, 0x00, 0x00, 0x00, 0x00, 0x00,
        0x00, 0x05, 0x00, 0x00, 0x00, 0x00, 0x00, 0x00, 0x00, 0x05, 0x00, 0x00,
        0x00, 0x00, 0x00, 0x00, 0x00, 0x05, 0x00, 0x00, 0x00, 0x00, 0x00, 0x00,
        0x00, 0x05, 0x00, 0x00, 0x00, 0x00, 0x00, 0x00, 0x00, 0x05, 0x00, 0x00,
        0x00, 0x00, 0x00, 0x00, 0x00, 0x05, 0x00, 0x00, 0x00, 0x00, 0x00, 0x00,
        0x00, 0x05, 0x00, 0x00, 0x00, 0x00, 0x00, 0x00, 0x00, 0x05, 0x00, 0x00,
        0x00, 0x00, 0x00, 0x00, 0x00, 0x05, 0x00, 0x00, 0x00, 0x00, 0x00, 0x00,
        0x00, 0x05, 0x00, 0x00, 0x00, 0x00, 0x00, 0x00, 0x00, 0x05, 0x00, 0x00,
        0x00, 0x00, 0x00, 0x00, 0x00, 0x05, 0x00, 0x00, 0x00, 0x00, 0x00, 0x00,
        0x00, 0x05, 0x00, 0x00, 0x00, 0x00, 0x00, 0x00, 0x00, 0x05, 0x00, 0x00,
        0x00, 0x00, 0x00, 0x00, 0x00, 0x05, 0x00, 0x00, 0x00, 0x00, 0x00, 0x00,
        0x00, 0x05, 0x00, 0x00, 0x00, 0x00, 0x00, 0x00, 0x00, 0x05, 0x00, 0x00,
        0x00, 0x00, 0x00, 0x00, 0x00, 0x05, 0x00, 0x00, 0x00, 0x00, 0x00, 0x00,
        0x00, 0x05, 0x00, 0x00, 0x00, 0x00, 0x00, 0x00, 0x00, 0x05, 0x00, 0x00,
        0x00, 0x00, 0x00, 0x00, 0x00, 0x05, 0x00, 0x00, 0x00, 0x00, 0x00, 0x00,
        0x00, 0x05, 0x00, 0x00, 0x00, 0x00, 0x00, 0x00, 0x00, 0x05, 0x00, 0x00,
        0x00, 0x00, 0x00, 0x00, 0x00, 0x05, 0x00, 0x00, 0x00, 0x00, 0x00, 0x00,
        0x00, 0x05, 0x00, 0x00, 0x00, 0x00, 0x00, 0x00, 0x00, 0x05, 0x00, 0x00,
        0x00, 0x00, 0x00, 0x00, 0x00, 0x05, 0x00, 0x00, 0x00, 0x00, 0x00, 0x00,
        0x00, 0x05, 0x00, 0x00, 0x00, 0x00, 0x00, 0x00, 0x00, 0x05, 0x00, 0x00,
        0x00, 0x00, 0x00, 0x00, 0x00, 0x05, 0x00, 0x00, 0x00, 0x00, 0x00, 0x00,
        0x00, 0x05, 0x00, 0x00, 0x00, 0x00, 0x00, 0x00, 0x00, 0x05, 0x00, 0x00,
        0x00, 0x00, 0x00, 0x00, 0x00, 0x05, 0x00, 0x00, 0x00, 0x00, 0x00, 0x00,
        0x00, 0x05, 0x00, 0x00, 0x00, 0x00, 0x00, 0x00, 0x00, 0x05, 0x00, 0x00,
        0x00, 0x00, 0x00, 0x00, 0x00, 0x05, 0x00, 0x00, 0x00, 0x00, 0x00, 0x00,
        0x00, 0x05, 0x00, 0x00, 0x00, 0x00, 0x00, 0x00, 0x00, 0x05, 0x00, 0x00,
        0x00, 0x00, 0x00, 0x00, 0x00, 0x05, 0x00, 0x00, 0x00, 0x00, 0x00, 0x00,
        0x00, 0x05, 0x00, 0x00, 0x00, 0x00, 0x00, 0x00, 0x00, 0x05, 0x00, 0x00,
        0x00, 0x00, 0x00, 0x00, 0x00, 0x05, 0x00, 0x00, 0x00, 0x00, 0x00, 0x00,
        0x00, 0x05, 0x00, 0x00, 0x00, 0x00, 0x00, 0x00, 0x00, 0x05, 0x00, 0x00,
        0x00, 0x00, 0x00, 0x00, 0x00, 0x05, 0x00, 0x00, 0x00, 0x00, 0x00, 0x00,
        0x00, 0x05, 0x00, 0x00, 0x00, 0x00, 0x00, 0x00, 0x00, 0x05, 0x00, 0x00,
        0x00, 0x00, 0x00, 0x00, 0x00, 0x05, 0x00, 0x00, 0x00, 0x00, 0x00, 0x00,
        0x00, 0x05, 0x00, 0x00, 0x00, 0x00, 0x00, 0x00, 0x00, 0x05, 0x00, 0x00,
        0x00, 0x00, 0x00, 0x00, 0x00, 0x05, 0x00, 0x00, 0x00, 0x00, 0x00, 0x00,
        0x00, 0x05, 0x00, 0x00, 0x00, 0x00, 0x00, 0x00, 0x00, 0x05, 0x00, 0x00,
        0x00, 0x00, 0x00, 0x00, 0x00, 0x05, 0x00, 0x00, 0x00, 0x00, 0x00, 0x00,
        0x00, 0x05, 0x00, 0x00, 0x00, 0x00, 0x00, 0x00, 0x00, 0x05, 0x00, 0x00,
        0x00, 0x00, 0x00, 0x00, 0x00, 0x05, 0x00, 0x00, 0x00, 0x00, 0x00, 0x00,
        0x00, 0x05, 0x00, 0x00, 0x00, 0x00, 0x00, 0x00, 0x00, 0x05, 0x00, 0x00,
        0x00, 0x00, 0x00, 0x00, 0x00, 0x05, 0x00, 0x00, 0x00, 0x00, 0x00, 0x00,
        0x00, 0x05, 0x00, 0x00, 0x00, 0x00, 0x00, 0x00, 0x00, 0x05, 0x00, 0x00,
        0x00, 0x00, 0x00, 0x00, 0x00, 0x05, 0x00, 0x00, 0x00, 0x00, 0x00, 0x00,
        0x00, 0x05, 0x00, 0x00, 0x00, 0x00, 0x00, 0x00, 0x00, 0x05, 0x00, 0x00,
        0x00, 0x00, 0x00, 0x00, 0x00, 0x05, 0x00, 0x00, 0x00, 0x00, 0x00, 0x00,
        0x00, 0x05, 0x00, 0x00, 0x00, 0x00, 0x00, 0x00, 0x00, 0x05, 0x00, 0x00,
        0x00, 0x00, 0x00, 0x00, 0x00, 0x05, 0x00, 0x00, 0x00, 0x00, 0x00, 0x00,
        0x00, 0x05, 0x00, 0x00, 0x00, 0x00, 0x00, 0x00, 0x00, 0x05, 0x00, 0x00,
        0x00, 0x00, 0x00, 0x00, 0x00, 0x05, 0x00, 0x00, 0x00, 0x00, 0x00, 0x00,
        0x00, 0x05, 0x00, 0x00, 0x00, 0x00, 0x00, 0x00, 0x00, 0x05, 0x00, 0x00,
        0x00, 0x00, 0x00, 0x00, 0x00, 0x05, 0x00, 0x00, 0x00, 0x00, 0x00, 0x00,
        0x00, 0x05, 0x00, 0x00, 0x00, 0x00, 0x00, 0x00, 0x00, 0x05, 0x00, 0x00,
        0x00, 0x00, 0x00, 0x00, 0x00, 0x05, 0x00, 0x00, 0x00, 0x00, 0x00, 0x00,
        0x00, 0x05, 0x00, 0x00, 0x00, 0x00, 0x00, 0x00, 0x00, 0x05, 0x00, 0x00,
        0x00, 0x00, 0x00, 0x00, 0x00, 0x05, 0x00, 0x00, 0x00, 0x00, 0x00, 0x00,
        0x00, 0x05, 0x00, 0x00, 0x00, 0x00, 0x00, 0x00, 0x00, 0x05, 0x00, 0x00,
        0x00, 0x00, 0x00, 0x00, 0x00, 0x05, 0x00, 0x00, 0x00, 0x00, 0x00, 0x00,
        0x00, 0x05, 0x00, 0x00, 0x00, 0x00, 0x00, 0x00, 0x00, 0x05, 0x00, 0x00,
        0x00, 0x00, 0x00, 0x00, 0x00, 0x05, 0x00, 0x00, 0x00, 0x00, 0x00, 0x00,
        0x00, 0x05, 0x00, 0x00, 0x00, 0x00, 0x00, 0x00, 0x00, 0x05, 0x00, 0x00,
        0x00, 0x00, 0x00, 0x00, 0x00, 0x05, 0x00, 0x00, 0x00, 0x00, 0x00, 0x00,
        0x00, 0x05, 0x00, 0x00, 0x00, 0x00, 0x00, 0x00, 0x00, 0x05, 0x00, 0x00,
        0x00, 0x00, 0x00, 0x00, 0x00, 0x05, 0x00, 0x00, 0x00, 0x00, 0x00, 0x00,
        0x00, 0x05, 0x00, 0x00, 0x00, 0x00, 0x00, 0x00, 0x00, 0x05, 0x00, 0x00,
        0x00, 0x00, 0x00, 0x00, 0x00, 0x05, 0x00, 0x00, 0x00, 0x00, 0x00, 0x00,
        0x00, 0x05, 0x00, 0x00, 0x00, 0x00, 0x00, 0x00, 0x00, 0x05, 0x00, 0x00,
        0x00, 0x00, 0x00, 0x00, 0x00, 0x05, 0x00, 0x00, 0x00, 0x00, 0x00, 0x00,
        0x00, 0x05, 0x00, 0x00, 0x00, 0x00, 0x00, 0x00, 0x00, 0x05, 0x00, 0x00,
        0x00, 0x00, 0x00, 0x00, 0x00, 0x05, 0x00, 0x00, 0x00, 0x00, 0x00, 0x00,
        0x00, 0x05, 0x00, 0x00, 0x00, 0x00, 0x00, 0x00, 0x00, 0x05, 0x00, 0x00,
        0x00, 0x00, 0x00, 0x00, 0x00, 0x05, 0x00, 0x00, 0x00, 0x00, 0x00, 0x00,
        0x00, 0x05, 0x00, 0x00, 0x00, 0x00, 0x00, 0x00, 0x00, 0x05, 0x00, 0x00,
        0x00, 0x00, 0x00, 0x00, 0x00, 0x05, 0x00, 0x00, 0x00, 0x00, 0x00, 0x00,
        0x00, 0x05, 0x00, 0x00, 0x00, 0x00, 0x00, 0x00, 0x00, 0x05, 0x00, 0x00,
        0x00, 0x00, 0x00, 0x00, 0x00, 0x05, 0x00, 0x00, 0x00, 0x00, 0x00, 0x00,
        0x00, 0x05, 0x00, 0x00, 0x00, 0x00, 0x00, 0x00, 0x00, 0x05, 0x00, 0x00,
        0x00, 0x00, 0x00, 0x00, 0x00, 0x05, 0x00, 0x00, 0x00, 0x00, 0x00, 0x00,
        0x00, 0x05, 0x00, 0x00, 0x00, 0x00, 0x00, 0x00, 0x00, 0x05, 0x00, 0x00,
        0x00, 0x00, 0x00, 0x00, 0x00, 0x05, 0x00, 0x00, 0x00, 0x00, 0x00, 0x00,
        0x00, 0x05, 0x00, 0x00, 0x00, 0x00, 0x00, 0x00, 0x00, 0x05, 0x00, 0x00,
        0x00, 0x00, 0x00, 0x00, 0x00, 0x05, 0x00, 0x00, 0x00, 0x00, 0x00, 0x00,
        0x00, 0x05, 0x00, 0x00, 0x00, 0x00, 0x00, 0x00, 0x00, 0x05, 0x00, 0x00,
        0x00, 0x00, 0x00, 0x00, 0x00, 0x05, 0x00, 0x00, 0x00, 0x00, 0x00, 0x00,
        0x00, 0x05, 0x00, 0x00, 0x00, 0x00, 0x00, 0x00, 0x00, 0x05, 0x00, 0x00,
        0x00, 0x00, 0x00, 0x00, 0x00, 0x05, 0x00, 0x00, 0x00, 0x00, 0x00, 0x00,
        0x00, 0x05, 0x00, 0x00, 0x00, 0x00, 0x00, 0x00, 0x00, 0x05, 0x00, 0x00,
        0x00, 0x00, 0x00, 0x00, 0x00, 0x05, 0x00, 0x00, 0x00, 0x00, 0x00, 0x00,
        0x00, 0x05, 0x00, 0x00, 0x00, 0x00, 0x00, 0x00, 0x00, 0x05, 0x00, 0x00,
        0x00, 0x00, 0x00, 0x00, 0x00, 0x05, 0x00, 0x00, 0x00, 0x00, 0x00, 0x00,
        0x00, 0x05, 0x00, 0x00, 0x00, 0x00, 0x00, 0x00, 0x00, 0x05, 0x00, 0x00,
        0x00, 0x00, 0x00, 0x00, 0x00, 0x05, 0x00, 0x00, 0x00, 0x00, 0x00, 0x00,
        0x00, 0x05, 0x00, 0x00, 0x00, 0x00, 0x00, 0x00, 0x00, 0x05, 0x00, 0x00,
        0x00, 0x00, 0x00, 0x00, 0x00, 0x05, 0x00, 0x00, 0x00, 0x00, 0x00, 0x00,
        0x00, 0x05, 0x00, 0x00, 0x00, 0x00, 0x00, 0x00, 0x00, 0x05, 0x00, 0x00,
        0x00, 0x00, 0x00, 0x00, 0x00, 0x05, 0x00, 0x00, 0x00, 0x00, 0x00, 0x00,
        0x00, 0x05, 0x00, 0x00, 0x00, 0x00, 0x00, 0x00, 0x00, 0x05, 0x00, 0x00,
        0x00, 0x00, 0x00, 0x00, 0x00, 0x05, 0x00, 0x00, 0x00, 0x00, 0x00, 0x00,
        0x00, 0x05, 0x00, 0x00, 0x00, 0x00, 0x00, 0x00, 0x00, 0x05, 0x00, 0x00,
        0x00, 0x00, 0x00, 0x00, 0x00, 0x05, 0x00, 0x00, 0x00, 0x00, 0x00, 0x00,
        0x00, 0x05, 0x00, 0x00, 0x00, 0x00, 0x00, 0x00, 0x00, 0x05, 0x00, 0x00,
        0x00, 0x00, 0x00, 0x00, 0x00, 0x05, 0x00, 0x00, 0x00, 0x00, 0x00, 0x00,
        0x00, 0x05, 0x00, 0x00, 0x00, 0x00, 0x00, 0x00, 0x00, 0x05, 0x00, 0x00,
        0x00, 0x00, 0x00, 0x00, 0x00, 0x05, 0x00, 0x00, 0x00, 0x00, 0x00, 0x00,
        0x00, 0x05, 0x00, 0x00, 0x00, 0x00, 0x00, 0x00, 0x00, 0x05, 0x00, 0x00,
        0x00, 0x00, 0x00, 0x00, 0x07, 0x1F, 0xB6, 0x6D, 0xDB, 0xB6, 0x8D, 0x26,
        0x00, 0x05, 0x00, 0x00, 0x00, 0x00, 0x00, 0x00, 0x1F, 0x24, 0xB6, 0x6D,
        0xDB, 0xB6, 0x0D, 0x00, 0x00, 0x05, 0x00, 0x00, 0x00, 0x00, 0x00, 0x00,
        0x1D, 0x00, 0x49, 0x92, 0x24, 0x49, 0x72, 0x02, 0x01, 0x4C, 0xB6, 0x6D,
        0xDB, 0xB6, 0x1D, 0xD8, 0x1E, 0x23, 0xB6, 0x6D, 0xDB, 0xB6, 0x0D, 0x49,
        0x00, 0x05, 0x00, 0x00, 0x00, 0x00, 0x00, 0x00, 0x00, 0x05, 0x00, 0x00,
        0x00, 0x00, 0x00, 0x00, 0x00, 0x05, 0x00, 0x00, 0x00, 0x00, 0x00, 0x00,
        0x00, 0x05, 0x00, 0x00, 0x00, 0x00, 0x00, 0x00, 0x00, 0x05, 0x00, 0x00,
        0x00, 0x00, 0x00, 0x00, 0x1F, 0x3E, 0xB6, 0x6D, 0xDB, 0xB6, 0x1D, 0x0E,
        0x00, 0x05, 0x00, 0x00, 0x00, 0x00, 0x00, 0x00, 0x1F, 0x24, 0xB6, 0x6D,
        0xDB, 0xB6, 0x0D, 0x00, 0x00, 0x05, 0x00, 0x00, 0x00, 0x00, 0x00, 0x00,
        0x1C, 0x00, 0x49, 0x92, 0x24, 0x49, 0x12, 0x0B, 0x03, 0x61, 0xB6, 0x6D,
        0xDB, 0xB6, 0x1D, 0xD8, 0x1D, 0x22, 0xB6, 0x6D, 0xDB, 0xB6, 0x0D, 0x69,
        0x00, 0x05, 0x00, 0x00, 0x00, 0x00, 0x00, 0x00, 0x00, 0x05, 0x00, 0x00,
        0x00, 0x00, 0x00, 0x00, 0x00, 0x05, 0x00, 0x00, 0x00, 0x00, 0x00, 0x00,
        0x00, 0x05, 0x00, 0x00, 0x00, 0x00, 0x00, 0x00, 0x00, 0x05, 0x00, 0x00,
        0x00, 0x00, 0x00, 0x00, 0x00, 0x05, 0x00, 0x00, 0x00, 0x00, 0x00, 0x00,
        0x00, 0x05, 0x00, 0x00, 0x00, 0x00, 0x00, 0x00, 0x00, 0x05, 0x00, 0x00,
        0x00, 0x00, 0x00, 0x00, 0x00, 0x05, 0x00, 0x00, 0x00, 0x00, 0x00, 0x00,
        0x00, 0x05, 0x00, 0x00, 0x00, 0x00, 0x00, 0x00, 0x00, 0x05, 0x00, 0x00,
        0x00, 0x00, 0x00, 0x00, 0x00, 0x05, 0x00, 0x00, 0x00, 0x00, 0x00, 0x00,
        0x00, 0x05, 0x00, 0x00, 0x00, 0x00, 0x00, 0x00, 0x00, 0x05, 0x00, 0x00,
        0x00, 0x00, 0x00, 0x00, 0x00, 0x05, 0x00, 0x00, 0x00, 0x00, 0x00, 0x00,
        0x00, 0x05, 0x00, 0x00, 0x00, 0x00, 0x00, 0x00, 0x00, 0x05, 0x00, 0x00,
        0x00, 0x00, 0x00, 0x00, 0x00, 0x05, 0x00, 0x00, 0x00, 0x00, 0x00, 0x00,
        0x00, 0x05, 0x00, 0x00, 0x00, 0x00, 0x00, 0x00, 0x00, 0x05, 0x00, 0x00,
        0x00, 0x00, 0x00, 0x00, 0x00, 0x05, 0x00, 0x00, 0x00, 0x00, 0x00, 0x00,
        0x1F, 0x00, 0x16, 0x90, 0x0A, 0x09, 0x97, 0x98, 0x00, 0x05, 0x00, 0x00,
        0x00, 0x00, 0x00, 0x00, 0x1F, 0x17, 0x00, 0x00, 0x00, 0x94, 0x90, 0x72,
        0x00, 0x05, 0x00, 0x00, 0x00, 0x00, 0x00, 0x00, 0x04, 0x1D, 0x60, 0x62,
        0xB1, 0xB6, 0x66, 0x43, 0xCD, 0x00, 0x4D, 0xB2, 0x27, 0x72, 0x02, 0x3E,
        0x1F, 0x0B, 0x00, 0x20, 0x01, 0x9C, 0x94, 0x72, 0x00, 0x05, 0x00, 0x00,
        0x00, 0x00, 0x00, 0x00, 0x00, 0x05, 0x00, 0x00, 0x00, 0x00, 0x00, 0x00,
        0x00, 0x05, 0x00, 0x00, 0x00, 0x00, 0x00, 0x00, 0x00, 0x05, 0x00, 0x00,
        0x00, 0x00, 0x00, 0x00, 0x00, 0x05, 0x00, 0x00, 0x00, 0x00, 0x00, 0x00,
        0x3E, 0x0D, 0x10, 0x4B, 0xD2, 0x8A, 0x3D, 0xE7, 0x00, 0x05, 0x00, 0x00,
        0x00, 0x00, 0x00, 0x00, 0x1F, 0x17, 0x00, 0x00, 0x00, 0x94, 0x90, 0x72,
        0x00, 0x05, 0x00, 0x00, 0x00, 0x00, 0x00, 0x00, 0x1C, 0x00, 0xB1, 0x90,
        0x78, 0x49, 0x9E, 0x24, 0xD2, 0x00, 0x4D, 0xB2, 0x27, 0xE8, 0x83, 0xF9,
        0x09, 0x1F, 0x49, 0xD2, 0x26, 0x22, 0x6B, 0x8C, 0x00, 0x05, 0x00, 0x00,
        0x00, 0x00, 0x00, 0x00, 0x00, 0x05, 0x00, 0x00, 0x00, 0x00, 0x00, 0x00,
        0x00, 0x05, 0x00, 0x00, 0x00, 0x00, 0x00, 0x00, 0x00, 0x05, 0x00, 0x00,
        0x00, 0x00, 0x00, 0x00, 0x00, 0x05, 0x00, 0x00, 0x00, 0x00, 0x00, 0x00,
        0x00, 0x05, 0x00, 0x00, 0x00, 0x00, 0x00, 0x00, 0x00, 0x05, 0x00, 0x00,
        0x00, 0x00, 0x00, 0x00, 0x00, 0x05, 0x00, 0x00, 0x00, 0x00, 0x00, 0x00,
        0x00, 0x05, 0x00, 0x00, 0x00, 0x00, 0x00, 0x00, 0x00, 0x05, 0x00, 0x00,
        0x00, 0x00, 0x00, 0x00, 0x00, 0x05, 0x00, 0x00, 0x00, 0x00, 0x00, 0x00,
        0x00, 0x05, 0x00, 0x00, 0x00, 0x00, 0x00, 0x00, 0x00, 0x05, 0x00, 0x00,
        0x00, 0x00, 0x00, 0x00, 0x00, 0x05, 0x00, 0x00, 0x00, 0x00, 0x00, 0x00,
        0x00, 0x05, 0x00, 0x00, 0x00, 0x00, 0x00, 0x00, 0x00, 0x05, 0x00, 0x00,
        0x00, 0x00, 0x00, 0x00, 0x00, 0x05, 0x00, 0x00, 0x00, 0x00, 0x00, 0x00,
        0x00, 0x05, 0x00, 0x00, 0x00, 0x00, 0x00, 0x00, 0x00, 0x05, 0x00, 0x00,
        0x00, 0x00, 0x00, 0x00, 0x00, 0x05, 0x00, 0x00, 0x00, 0x00, 0x00, 0x00,
        0x00, 0x05, 0x00, 0x00, 0x00, 0x00, 0x00, 0x00, 0x08, 0x1D, 0x5E, 0x63,
        0xAF, 0x36, 0x66, 0x5B, 0x00, 0x05, 0x00, 0x00, 0x00, 0x00, 0x00, 0x00,
        0x1F, 0x12, 0x00, 0x30, 0x09, 0xE5, 0x16, 0x93, 0x00, 0x05, 0x00, 0x00,
        0x00, 0x00, 0x00, 0x00, 0x19, 0x00, 0xF1, 0x90, 0x94, 0xC9, 0x9B, 0xC4,
        0xD4, 0x00, 0x4C, 0x22, 0x27, 0xE0, 0x83, 0xF9, 0x1E, 0x09, 0x02, 0xC0,
        0x49, 0x2F, 0x97, 0xBB, 0x02, 0x0A, 0xB6, 0x6D, 0xDB, 0xB6, 0x1D, 0xD8,
        0x00, 0x05, 0x00, 0x00, 0x00, 0x00, 0x00, 0x00, 0x00, 0x05, 0x00, 0x00,
        0x00, 0x00, 0x00, 0x00, 0x00, 0x05, 0x00, 0x00, 0x00, 0x00, 0x00, 0x00,
        0x00, 0x05, 0x00, 0x00, 0x00, 0x00, 0x00, 0x00, 0x34, 0x00, 0xDA, 0x08,
        0xB3, 0xA0, 0x2D, 0xC6, 0x00, 0x05, 0x00, 0x00, 0x00, 0x00, 0x00, 0x00,
        0x1F, 0x12, 0x00, 0x30, 0x09, 0xE5, 0x16, 0x93, 0x00, 0x05, 0x00, 0x00,
        0x00, 0x00, 0x00, 0x00, 0x03, 0x15, 0xF6, 0x62, 0x1B, 0xB6, 0x6D, 0xDB,
        0xD7, 0x00, 0x7B, 0xA2, 0x3E, 0x98, 0x8F, 0xD5, 0x1D, 0x00, 0x02, 0xC0,
        0x49, 0x31, 0x97, 0xBC, 0x04, 0x14, 0xB6, 0x6D, 0xDB, 0xB6, 0x1D, 0xD8,
        0x00, 0x05, 0x00, 0x00, 0x00, 0x00, 0x00, 0x00, 0x00, 0x05, 0x00, 0x00,
        0x00, 0x00, 0x00, 0x00, 0x00, 0x05, 0x00, 0x00, 0x00, 0x00, 0x00, 0x00,
        0x00, 0x05, 0x00, 0x00, 0x00, 0x00, 0x00, 0x00, 0x00, 0x05, 0x00, 0x00,
        0x00, 0x00, 0x00, 0x00, 0x00, 0x05, 0x00, 0x00, 0x00, 0x00, 0x00, 0x00,
        0x00, 0x05, 0x00, 0x00, 0x00, 0x00, 0x00, 0x00, 0x00, 0x05, 0x00, 0x00,
        0x00, 0x00, 0x00, 0x00, 0x00, 0x05, 0x00, 0x00, 0x00, 0x00, 0x00, 0x00,
        0x00, 0x05, 0x00, 0x00, 0x00, 0x00, 0x00, 0x00, 0x00, 0x05, 0x00, 0x00,
        0x00, 0x00, 0x00, 0x00, 0x00, 0x05, 0x00, 0x00, 0x00, 0x00, 0x00, 0x00,
        0x00, 0x05, 0x00, 0x00, 0x00, 0x00, 0x00, 0x00, 0x00, 0x05, 0x00, 0x00,
        0x00, 0x00, 0x00, 0x00, 0x00, 0x05, 0x00, 0x00, 0x00, 0x00, 0x00, 0x00,
        0x00, 0x05, 0x00, 0x00, 0x00, 0x00, 0x00, 0x00, 0x00, 0x05, 0x00, 0x00,
        0x00, 0x00, 0x00, 0x00, 0x00, 0x05, 0x00, 0x00, 0x00, 0x00, 0x00, 0x00,
        0x00, 0x05, 0x00, 0x00, 0x00, 0x00, 0x00, 0x00, 0x00, 0x05, 0x00, 0x00,
        0x00, 0x00, 0x00, 0x00, 0x05, 0x0C, 0xB6, 0x63, 0x1B, 0xB6, 0x6D, 0xDB,
        0x00, 0x05, 0x00, 0x00, 0x00, 0x00, 0x00, 0x00, 0x1A, 0x04, 0x13, 0xD0,
        0x09, 0xEF, 0x14, 0x73, 0x00, 0x05, 0x00, 0x00, 0x00, 0x00, 0x00, 0x00,
        0x02, 0x07, 0xB6, 0x6B, 0x1B, 0xB6, 0x6D, 0xDB, 0xDB, 0x17, 0xE0, 0x83,
        0x39, 0x50, 0x0F, 0xD1, 0x13, 0x02, 0xE5, 0xE0, 0x72, 0x77, 0x9B, 0xBB,
        0x02, 0x27, 0x82, 0x3D, 0xC1, 0x9D, 0x10, 0x4E, 0x00, 0x05, 0x00, 0x00,
        0x00, 0x00, 0x00, 0x00, 0x00, 0x05, 0x00, 0x00, 0x00, 0x00, 0x00, 0x00,
        0x00, 0x05, 0x00, 0x00, 0x00, 0x00, 0x00, 0x00, 0x00, 0x05, 0x00, 0x00,
        0x00, 0x00, 0x00, 0x00, 0x2C, 0x00, 0x60, 0x2C, 0xFE, 0xA3, 0x33, 0xFA,
        0x00, 0x05, 0x00, 0x00, 0x00, 0x00, 0x00, 0x00, 0x1A, 0x04, 0x13, 0xD0,
        0x09, 0xEF, 0x14, 0x73, 0x00, 0x05, 0x00, 0x00, 0x00, 0x00, 0x00, 0x00,
        0x00, 0x05, 0x00, 0x00, 0x00, 0x00, 0x00, 0x00, 0xDC, 0x2F, 0x98, 0x03,
        0xF5, 0x10, 0x0D, 0xAD, 0x02, 0x0C, 0xB6, 0x62, 0x1B, 0xB6, 0x6D, 0xDB,
        0x04, 0x4E, 0x82, 0x3D, 0xC1, 0x9D, 0x10, 0x4E, 0x00, 0x05, 0x00, 0x00,
        0x00, 0x00, 0x00, 0x00, 0x00, 0x05, 0x00, 0x00, 0x00, 0x00, 0x00, 0x00,
        0x00, 0x05, 0x00, 0x00, 0x00, 0x00, 0x00, 0x00, 0x00, 0x05, 0x00, 0x00,
        0x00, 0x00, 0x00, 0x00, 0x00, 0x05, 0x00, 0x00, 0x00, 0x00, 0x00, 0x00,
        0x00, 0x05, 0x00, 0x00, 0x00, 0x00, 0x00, 0x00, 0x00, 0x05, 0x00, 0x00,
        0x00, 0x00, 0x00, 0x00, 0x00, 0x05, 0x00, 0x00, 0x00, 0x00, 0x00, 0x00,
        0x00, 0x05, 0x00, 0x00, 0x00, 0x00, 0x00, 0x00, 0x00, 0x05, 0x00, 0x00,
        0x00, 0x00, 0x00, 0x00, 0x00, 0x05, 0x00, 0x00, 0x00, 0x00, 0x00, 0x00,
        0x00, 0x05, 0x00, 0x00, 0x00, 0x00, 0x00, 0x00, 0x00, 0x05, 0x00, 0x00,
        0x00, 0x00, 0x00, 0x00, 0x00, 0x05, 0x00, 0x00, 0x00, 0x00, 0x00, 0x00,
        0x00, 0x05, 0x00, 0x00, 0x00, 0x00, 0x00, 0x00, 0x00, 0x05, 0x00, 0x00,
        0x00, 0x00, 0x00, 0x00, 0x00, 0x05, 0x00, 0x00, 0x00, 0x00, 0x00, 0x00,
        0x00, 0x05, 0x00, 0x00, 0x00, 0x00, 0x00, 0x00, 0x00, 0x05, 0x00, 0x00,
        0x00, 0x00, 0x00, 0x00, 0x00, 0x05, 0x00, 0x00, 0x00, 0x00, 0x00, 0x00,
        0x05, 0x0A, 0xB6, 0x61, 0xDB, 0xB6, 0x6D, 0xDB, 0x00, 0x05, 0x00, 0x00,
        0x00, 0x00, 0x00, 0x00, 0x18, 0x00, 0x1C, 0x60, 0x4A, 0x2F, 0x15, 0x73,
        0x00, 0x05, 0x00, 0x00, 0x00, 0x00, 0x00, 0x00, 0x02, 0x07, 0xB6, 0x61,
        0xDB, 0xB6, 0x6D, 0xDB, 0xDC, 0x24, 0x98, 0x03, 0x35, 0x10, 0x0F, 0xD1,
        0x0D, 0x00, 0x9D, 0x60, 0x6E, 0x2F, 0x17, 0x97, 0x30, 0x00, 0x7D, 0xC2,
        0xFE, 0xA2, 0x8F, 0xD5, 0x00, 0x05, 0x00, 0x00, 0x00, 0x00, 0x00, 0x00,
        0x00, 0x05, 0x00, 0x00, 0x00, 0x00, 0x00, 0x00, 0x00, 0x05, 0x00, 0x00,
        0x00, 0x00, 0x00, 0x00, 0x00, 0x05, 0x00, 0x00, 0x00, 0x00, 0x00, 0x00,
        0x24, 0x00, 0xD8, 0xAF, 0x39, 0x5A, 0xAF, 0xD1, 0x00, 0x05, 0x00, 0x00,
        0x00, 0x00, 0x00, 0x00, 0x18, 0x00, 0x1C, 0x60, 0x4A, 0x2F, 0x15, 0x73,
        0x00, 0x05, 0x00, 0x00, 0x00, 0x00, 0x00, 0x00, 0x00, 0x05, 0x00, 0x00,
        0x00, 0x00, 0x00, 0x00, 0xDD, 0x49, 0x98, 0x03, 0xF5, 0x10, 0x0D, 0xAD,
        0x02, 0x07, 0xB6, 0x61, 0xDB, 0xB6, 0x6D, 0xDB, 0x5F, 0x00, 0x7D, 0xC2,
        0xFE, 0xA2, 0x8F, 0xD5, 0x00, 0x05, 0x00, 0x00, 0x00, 0x00, 0x00, 0x00,
        0x00, 0x05, 0x00, 0x00, 0x00, 0x00, 0x00, 0x00, 0x00, 0x05, 0x00, 0x00,
        0x00, 0x00, 0x00, 0x00, 0x00, 0x05, 0x00, 0x00, 0x00, 0x00, 0x00, 0x00,
        0x00, 0x05, 0x00, 0x00, 0x00, 0x00, 0x00, 0x00, 0x00, 0x05, 0x00, 0x00,
        0x00, 0x00, 0x00, 0x00, 0x00, 0x05, 0x00, 0x00, 0x00, 0x00, 0x00, 0x00,
        0x00, 0x05, 0x00, 0x00, 0x00, 0x00, 0x00, 0x00, 0x00, 0x05, 0x00, 0x00,
        0x00, 0x00, 0x00, 0x00, 0x00, 0x05, 0x00, 0x00, 0x00, 0x00, 0x00, 0x00,
        0x00, 0x05, 0x00, 0x00, 0x00, 0x00, 0x00, 0x00, 0x00, 0x05, 0x00, 0x00,
        0x00, 0x00, 0x00, 0x00, 0x00, 0x05, 0x00, 0x00, 0x00, 0x00, 0x00, 0x00,
        0x00, 0x05, 0x00, 0x00, 0x00, 0x00, 0x00, 0x00, 0x00, 0x05, 0x00, 0x00,
        0x00, 0x00, 0x00, 0x00, 0x00, 0x05, 0x00, 0x00, 0x00, 0x00, 0x00, 0x00,
        0x00, 0x05, 0x00, 0x00, 0x00, 0x00, 0x00, 0x00, 0x00, 0x05, 0x00, 0x00,
        0x00, 0x00, 0x00, 0x00, 0x00, 0x05, 0x00, 0x00, 0x00, 0x00, 0x00, 0x00,
        0x00, 0x05, 0x00, 0x00, 0x00, 0x00, 0x00, 0x00, 0x00, 0x05, 0x00, 0x00,
        0x00, 0x00, 0x00, 0x00, 0x00, 0x05, 0x00, 0x00, 0x00, 0x00, 0x00, 0x00,
        0x02, 0x10, 0x5E, 0x63, 0xAC, 0xB6, 0x68, 0x63, 0x00, 0x05, 0x00, 0x00,
        0x00, 0x00, 0x00, 0x00, 0x00, 0x05, 0x00, 0x00, 0x00, 0x00, 0x00, 0x00,
        0xDD, 0x60, 0x50, 0x03, 0xF1, 0x10, 0x0D, 0xAD, 0x08, 0x00, 0xA9, 0x90,
        0x53, 0x89, 0x97, 0xBC, 0x65, 0x0F, 0xFD, 0x43, 0x3F, 0xAA, 0x0F, 0xFA,
        0x00, 0x05, 0x00, 0x00, 0x00, 0x00, 0x00, 0x00, 0x00, 0x05, 0x00, 0x00,
        0x00, 0x00, 0x00, 0x00, 0x00, 0x05, 0x00, 0x00, 0x00, 0x00, 0x00, 0x00,
        0x00, 0x05, 0x00, 0x00, 0x00, 0x00, 0x00, 0x00, 0x1F, 0x08, 0x50, 0x03,
        0xF1, 0x00, 0x0D, 0xAC, 0x00, 0x05, 0x00, 0x00, 0x00, 0x00, 0x00, 0x00,
        0x10, 0x00, 0xE9, 0xF0, 0x53, 0x8D, 0xC9, 0xBF, 0x00, 0x05, 0x00, 0x00,
        0x00, 0x00, 0x00, 0x00, 0x00, 0x05, 0x00, 0x00, 0x00, 0x00, 0x00, 0x00,
        0xDE, 0x82, 0x50, 0x03, 0xF1, 0x10, 0x0D, 0xAD, 0x00, 0x05, 0x00, 0x00,
        0x00, 0x00, 0x00, 0x00, 0x86, 0x1F, 0xF4, 0xB3, 0xFA, 0x62, 0x8D, 0xD1,
        0x00, 0x05, 0x00, 0x00, 0x00, 0x00, 0x00, 0x00, 0x00, 0x05, 0x00, 0x00,
        0x00, 0x00, 0x00, 0x00, 0x00, 0x05, 0x00, 0x00, 0x00, 0x00, 0x00, 0x00,
        0x00, 0x05, 0x00, 0x00, 0x00, 0x00, 0x00, 0x00, 0x00, 0x05, 0x00, 0x00,
        0x00, 0x00, 0x00, 0x00, 0x00, 0x05, 0x00, 0x00, 0x00, 0x00, 0x00, 0x00,
        0x00, 0x05, 0x00, 0x00, 0x00, 0x00, 0x00, 0x00, 0x00, 0x05, 0x00, 0x00,
        0x00, 0x00, 0x00, 0x00, 0x00, 0x05, 0x00, 0x00, 0x00, 0x00, 0x00, 0x00,
        0x00, 0x05, 0x00, 0x00, 0x00, 0x00, 0x00, 0x00, 0x00, 0x05, 0x00, 0x00,
        0x00, 0x00, 0x00, 0x00, 0x00, 0x05, 0x00, 0x00, 0x00, 0x00, 0x00, 0x00,
        0x00, 0x05, 0x00, 0x00, 0x00, 0x00, 0x00, 0x00, 0x00, 0x05, 0x00, 0x00,
        0x00, 0x00, 0x00, 0x00, 0x00, 0x05, 0x00, 0x00, 0x00, 0x00, 0x00, 0x00,
        0x00, 0x05, 0x00, 0x00, 0x00, 0x00, 0x00, 0x00, 0x00, 0x05, 0x00, 0x00,
        0x00, 0x00, 0x00, 0x00, 0x00, 0x05, 0x00, 0x00, 0x00, 0x00, 0x00, 0x00,
        0x00, 0x05, 0x00, 0x00, 0x00, 0x00, 0x00, 0x00, 0x00, 0x05, 0x00, 0x00,
        0x00, 0x00, 0x00, 0x00, 0x00, 0x05, 0x00, 0x00, 0x00, 0x00, 0x00, 0x00,
        0x00, 0x05, 0x00, 0x00, 0x00, 0x00, 0x00, 0x00, 0x02, 0x0D, 0x06, 0x63,
        0xAB, 0x36, 0x66, 0x5B, 0x00, 0x05, 0x00, 0x00, 0x00, 0x00, 0x00, 0x00,
        0x00, 0x05, 0x00, 0x00, 0x00, 0x00, 0x00, 0x00, 0xDD, 0x72, 0x50, 0x03,
        0xF1, 0x10, 0x0D, 0xAD, 0x01, 0x06, 0x06, 0x63, 0xAB, 0x36, 0x66, 0x5B,
        0x72, 0x15, 0xF4, 0x33, 0x3F, 0xAA, 0x0F, 0xFA, 0x00, 0x05, 0x00, 0x00,
        0x00, 0x00, 0x00, 0x00, 0x00, 0x05, 0x00, 0x00, 0x00, 0x00, 0x00, 0x00,
        0x00, 0x05, 0x00, 0x00, 0x00, 0x00, 0x00, 0x00, 0x00, 0x05, 0x00, 0x00,
        0x00, 0x00, 0x00, 0x00, 0x1F, 0x0C, 0x50, 0x03, 0xF1, 0xD0, 0x0C, 0xAD,
        0x00, 0x05, 0x00, 0x00, 0x00, 0x00, 0x00, 0x00, 0x0D, 0x00, 0x36, 0xD1,
        0x74, 0xF3, 0x89, 0xC6, 0x00, 0x05, 0x00, 0x00, 0x00, 0x00, 0x00, 0x00,
        0x00, 0x05, 0x00, 0x00, 0x00, 0x00, 0x00, 0x00, 0xDE, 0x90, 0x50, 0x03,
        0xF1, 0x10, 0x0D, 0xCD, 0x00, 0x05, 0x00, 0x00, 0x00, 0x00, 0x00, 0x00,
        0x90, 0x2A, 0xEB, 0x23, 0xFA, 0x62, 0x8D, 0xD1, 0x00, 0x05, 0x00, 0x00,
        0x00, 0x00, 0x00, 0x00, 0x00, 0x05, 0x00, 0x00, 0x00, 0x00, 0x00, 0x00,
        0x00, 0x05, 0x00, 0x00, 0x00, 0x00, 0x00, 0x00, 0x00, 0x05, 0x00, 0x00,
        0x00, 0x00, 0x00, 0x00, 0x00, 0x05, 0x00, 0x00, 0x00, 0x00, 0x00, 0x00,
        0x00, 0x05, 0x00, 0x00, 0x00, 0x00, 0x00, 0x00, 0x00, 0x05, 0x00, 0x00,
        0x00, 0x00, 0x00, 0x00, 0x00, 0x05, 0x00, 0x00, 0x00, 0x00, 0x00, 0x00,
        0x00, 0x05, 0x00, 0x00, 0x00, 0x00, 0x00, 0x00, 0x00, 0x05, 0x00, 0x00,
        0x00, 0x00, 0x00, 0x00, 0x00, 0x05, 0x00, 0x00, 0x00, 0x00, 0x00, 0x00,
        0x00, 0x05, 0x00, 0x00, 0x00, 0x00, 0x00, 0x00, 0x00, 0x05, 0x00, 0x00,
        0x00, 0x00, 0x00, 0x00, 0x00, 0x05, 0x00, 0x00, 0x00, 0x00, 0x00, 0x00,
        0x00, 0x05, 0x00, 0x00, 0x00, 0x00, 0x00, 0x00, 0x00, 0x05, 0x00, 0x00,
        0x00, 0x00, 0x00, 0x00, 0x00, 0x05, 0x00, 0x00, 0x00, 0x00, 0x00, 0x00,
        0x00, 0x05, 0x00, 0x00, 0x00, 0x00, 0x00, 0x00, 0x00, 0x05, 0x00, 0x00,
        0x00, 0x00, 0x00, 0x00, 0x00, 0x05, 0x00, 0x00, 0x00, 0x00, 0x00, 0x00,
        0x00, 0x05, 0x00, 0x00, 0x00, 0x00, 0x00, 0x00, 0x00, 0x05, 0x00, 0x00,
        0x00, 0x00, 0x00, 0x00, 0x02, 0x07, 0xB6, 0x67, 0x1B, 0xB6, 0x6D, 0xDB,
        0x00, 0x05, 0x00, 0x00, 0x00, 0x00, 0x00, 0x00, 0x00, 0x05, 0x00, 0x00,
        0x00, 0x00, 0x00, 0x00, 0xDE, 0x98, 0x50, 0x03, 0xF1, 0x10, 0x0D, 0xCD,
        0x01, 0x06, 0xB6, 0x65, 0x1B, 0xB6, 0x6D, 0xDB, 0x91, 0x26, 0xEB, 0x23,
        0x3A, 0xA2, 0x8F, 0xF5, 0x00, 0x05, 0x00, 0x00, 0x00, 0x00, 0x00, 0x00,
        0x00, 0x05, 0x00, 0x00, 0x00, 0x00, 0x00, 0x00, 0x00, 0x05, 0x00, 0x00,
        0x00, 0x00, 0x00, 0x00, 0x00, 0x05, 0x00, 0x00, 0x00, 0x00, 0x00, 0x00,
        0x1F, 0x13, 0x10, 0x03, 0xF0, 0x00, 0x0F, 0xCC, 0x00, 0x05, 0x00, 0x00,
        0x00, 0x00, 0x00, 0x00, 0x11, 0x00, 0x73, 0xAC, 0xFE, 0xA0, 0x83, 0xF5,
        0x00, 0x05, 0x00, 0x00, 0x00, 0x00, 0x00, 0x00, 0x00, 0x05, 0x00, 0x00,
        0x00, 0x00, 0x00, 0x00, 0xDE, 0xAB, 0x50, 0x03, 0xF1, 0x10, 0x0D, 0xCC,
        0x00, 0x05, 0x00, 0x00, 0x00, 0x00, 0x00, 0x00, 0xA6, 0x4C, 0xAB, 0x23,
        0xFA, 0x58, 0x8D, 0xD1, 0x00, 0x05, 0x00, 0x00, 0x00, 0x00, 0x00, 0x00,
        0x00, 0x05, 0x00, 0x00, 0x00, 0x00, 0x00, 0x00, 0x00, 0x05, 0x00, 0x00,
        0x00, 0x00, 0x00, 0x00, 0x00, 0x05, 0x00, 0x00, 0x00, 0x00, 0x00, 0x00,
        0x00, 0x05, 0x00, 0x00, 0x00, 0x00, 0x00, 0x00, 0x00, 0x05, 0x00, 0x00,
        0x00, 0x00, 0x00, 0x00, 0x00, 0x05, 0x00, 0x00, 0x00, 0x00, 0x00, 0x00,
        0x00, 0x05, 0x00, 0x00, 0x00, 0x00, 0x00, 0x00, 0x00, 0x05, 0x00, 0x00,
        0x00, 0x00, 0x00, 0x00, 0x00, 0x05, 0x00, 0x00, 0x00, 0x00, 0x00, 0x00,
        0x00, 0x05, 0x00, 0x00, 0x00, 0x00, 0x00, 0x00, 0x00, 0x05, 0x00, 0x00,
        0x00, 0x00, 0x00, 0x00, 0x00, 0x05, 0x00, 0x00, 0x00, 0x00, 0x00, 0x00,
        0x00, 0x05, 0x00, 0x00, 0x00, 0x00, 0x00, 0x00, 0x00, 0x05, 0x00, 0x00,
        0x00, 0x00, 0x00, 0x00, 0x00, 0x05, 0x00, 0x00, 0x00, 0x00, 0x00, 0x00,
        0x00, 0x05, 0x00, 0x00, 0x00, 0x00, 0x00, 0x00, 0x00, 0x05, 0x00, 0x00,
        0x00, 0x00, 0x00, 0x00, 0x00, 0x05, 0x00, 0x00, 0x00, 0x00, 0x00, 0x00,
        0x00, 0x05, 0x00, 0x00, 0x00, 0x00, 0x00, 0x00, 0x00, 0x05, 0x00, 0x00,
        0x00, 0x00, 0x00, 0x00, 0x00, 0x05, 0x00, 0x00, 0x00, 0x00, 0x00, 0x00,
        0x02, 0x07, 0xB6, 0x61, 0xDB, 0xB6, 0x6D, 0xDB, 0x00, 0x05, 0x00, 0x00,
        0x00, 0x00, 0x00, 0x00, 0x1C, 0x00, 0x49, 0x92, 0x24, 0x49, 0x12, 0x0B,
        0xDE, 0x00, 0x80, 0x06, 0x68, 0x80, 0xD6, 0x24, 0x01, 0x1F, 0xB6, 0x61,
        0xDB, 0xB6, 0x9D, 0x24, 0x2B, 0x91, 0x9D, 0x10, 0x0E, 0xE9, 0x64, 0xDB,
        0x00, 0x05, 0x00, 0x00, 0x00, 0x00, 0x00, 0x00, 0x00, 0x05, 0x00, 0x00,
        0x00, 0x00, 0x00, 0x00, 0x00, 0x05, 0x00, 0x00, 0x00, 0x00, 0x00, 0x00,
        0x00, 0x05, 0x00, 0x00, 0x00, 0x00, 0x00, 0x00, 0x1F, 0x00, 0x80, 0x06,
        0x68, 0x80, 0x96, 0x24, 0x61, 0xDB, 0xB6, 0x6D, 0xDB, 0xB6, 0x8D, 0x26,
        0x11, 0x00, 0xEA, 0x0F, 0x3A, 0x58, 0x9F, 0x24, 0xDD, 0xE2, 0xB6, 0x6D,
        0xDB, 0xB6, 0x0D, 0x48, 0x00, 0x05, 0x00, 0x00, 0x00, 0x00, 0x00, 0x00,
        0xB1, 0xDE, 0x29, 0x91, 0x52, 0x09, 0x65, 0xDB, 0x00, 0x05, 0x00, 0x00,
        0x00, 0x00, 0x00, 0x00, 0x56, 0xA6, 0xA5, 0x10, 0x4E, 0xE9, 0x64, 0xDB,
        0x00, 0x05, 0x00, 0x00, 0x00, 0x00, 0x00, 0x00, 0x00, 0x05, 0x00, 0x00,
        0x00, 0x00, 0x00, 0x00, 0x00, 0x05, 0x00, 0x00, 0x00, 0x00, 0x00, 0x00,
        0x00, 0x05, 0x00, 0x00, 0x00, 0x00, 0x00, 0x00, 0x00, 0x05, 0x00, 0x00,
        0x00, 0x00, 0x00, 0x00, 0x00, 0x05, 0x00, 0x00, 0x00, 0x00, 0x00, 0x00,
        0x00, 0x05, 0x00, 0x00, 0x00, 0x00, 0x00, 0x00, 0x00, 0x05, 0x00, 0x00,
        0x00, 0x00, 0x00, 0x00, 0x00, 0x05, 0x00, 0x00, 0x00, 0x00, 0x00, 0x00,
        0x00, 0x05, 0x00, 0x00, 0x00, 0x00, 0x00, 0x00, 0x00, 0x05, 0x00, 0x00,
        0x00, 0x00, 0x00, 0x00, 0x00, 0x05, 0x00, 0x00, 0x00, 0x00, 0x00, 0x00,
        0x00, 0x05, 0x00, 0x00, 0x00, 0x00, 0x00, 0x00, 0x00, 0x05, 0x00, 0x00,
        0x00, 0x00, 0x00, 0x00, 0x00, 0x05, 0x00, 0x00, 0x00, 0x00, 0x00, 0x00,
        0x00, 0x05, 0x00, 0x00, 0x00, 0x00, 0x00, 0x00, 0x00, 0x05, 0x00, 0x00,
        0x00, 0x00, 0x00, 0x00, 0x00, 0x05, 0x00, 0x00, 0x00, 0x00, 0x00, 0x00,
        0x00, 0x05, 0x00, 0x00, 0x00, 0x00, 0x00, 0x00, 0x00, 0x05, 0x00, 0x00,
        0x00, 0x00, 0x00, 0x00, 0x00, 0x05, 0x00, 0x00, 0x00, 0x00, 0x00, 0x00,
        0x00, 0x05, 0x00, 0x00, 0x00, 0x00, 0x00, 0x00, 0x00, 0x05, 0x00, 0x00,
        0x00, 0x00, 0x00, 0x00, 0x00, 0x05, 0x00, 0x00, 0x00, 0x00, 0x00, 0x00,
        0x1C, 0x00, 0xB1, 0x90, 0x78, 0x49, 0x9E, 0x24, 0xD2, 0x00, 0x4D, 0xB2,
        0x27, 0xE8, 0x83, 0xF9, 0x09, 0x1F, 0x49, 0xD2, 0x26, 0x22, 0x6B, 0x8C,
        0x00, 0x05, 0x00, 0x00, 0x00, 0x00, 0x00, 0x00, 0x00, 0x05, 0x00, 0x00,
        0x00, 0x00, 0x00, 0x00, 0x00, 0x05, 0x00, 0x00, 0x00, 0x00, 0x00, 0x00,
        0x00, 0x05, 0x00, 0x00, 0x00, 0x00, 0x00, 0x00, 0x00, 0x05, 0x00, 0x00,
        0x00, 0x00, 0x00, 0x00, 0x01, 0x13, 0xB0, 0x2D, 0xDB, 0xB3, 0x1D, 0xDB,
        0xDB, 0x00, 0x15, 0xF0, 0x09, 0xE9, 0x14, 0x73, 0x00, 0x05, 0x00, 0x00,
        0x00, 0x00, 0x00, 0x00, 0xDE, 0xBE, 0x00, 0x20, 0x01, 0x9C, 0x14, 0x73,
        0x00, 0x05, 0x00, 0x00, 0x00, 0x00, 0x00, 0x00, 0x00, 0x05, 0x00, 0x00,
        0x00, 0x00, 0x00, 0x00, 0x00, 0x05, 0x00, 0x00, 0x00, 0x00, 0x00, 0x00,
        0x00, 0x05, 0x00, 0x00, 0x00, 0x00, 0x00, 0x00, 0x00, 0x05, 0x00, 0x00,
        0x00, 0x00, 0x00, 0x00, 0x00, 0x05, 0x00, 0x00, 0x00, 0x00, 0x00, 0x00,
        0x00, 0x05, 0x00, 0x00, 0x00, 0x00, 0x00, 0x00, 0x00, 0x05, 0x00, 0x00,
        0x00, 0x00, 0x00, 0x00, 0x00, 0x05, 0x00, 0x00, 0x00, 0x00, 0x00, 0x00,
        0x00, 0x05, 0x00, 0x00, 0x00, 0x00, 0x00, 0x00, 0x00, 0x05, 0x00, 0x00,
        0x00, 0x00, 0x00, 0x00, 0x00, 0x05, 0x00, 0x00, 0x00, 0x00, 0x00, 0x00,
        0x00, 0x05, 0x00, 0x00, 0x00, 0x00, 0x00, 0x00, 0x00, 0x05, 0x00, 0x00,
        0x00, 0x00, 0x00, 0x00, 0x00, 0x05, 0x00, 0x00, 0x00, 0x00, 0x00, 0x00,
        0x00, 0x05, 0x00, 0x00, 0x00, 0x00, 0x00, 0x00, 0x00, 0x05, 0x00, 0x00,
        0x00, 0x00, 0x00, 0x00, 0x00, 0x05, 0x00, 0x00, 0x00, 0x00, 0x00, 0x00,
        0x00, 0x05, 0x00, 0x00, 0x00, 0x00, 0x00, 0x00, 0x00, 0x05, 0x00, 0x00,
        0x00, 0x00, 0x00, 0x00, 0x00, 0x05, 0x00, 0x00, 0x00, 0x00, 0x00, 0x00,
        0x00, 0x05, 0x00, 0x00, 0x00, 0x00, 0x00, 0x00, 0x00, 0x05, 0x00, 0x00,
        0x00, 0x00, 0x00, 0x00, 0x00, 0x05, 0x00, 0x00, 0x00, 0x00, 0x00, 0x00,
        0x00, 0x05, 0x00, 0x00, 0x00, 0x00, 0x00, 0x00, 0x00, 0x05, 0x00, 0x00,
        0x00, 0x00, 0x00, 0x00, 0x00, 0x05, 0x00, 0x00, 0x00, 0x00, 0x00, 0x00,
        0x00, 0x05, 0x00, 0x00, 0x00, 0x00, 0x00, 0x00, 0x03, 0x15, 0xF6, 0x62,
        0x1B, 0xB6, 0x6D, 0xDB, 0xD7, 0x00, 0x7B, 0xA2, 0x3E, 0x98, 0x8F, 0xD5,
        0x1D, 0x00, 0x02, 0xC0, 0x49, 0x31, 0x97, 0xBC, 0x04, 0x14, 0xB6, 0x6D,
        0xDB, 0xB6, 0x1D, 0xD8, 0x00, 0x05, 0x00, 0x00, 0x00, 0x00, 0x00, 0x00,
        0x00, 0x05, 0x00, 0x00, 0x00, 0x00, 0x00, 0x00, 0x00, 0x05, 0x00, 0x00,
        0x00, 0x00, 0x00, 0x00, 0x00, 0x05, 0x00, 0x00, 0x00, 0x00, 0x00, 0x00,
        0x18, 0x00, 0x4F, 0xD2, 0x24, 0x4A, 0x82, 0x24, 0xD5, 0x00, 0x1F, 0x90,
        0x4A, 0x31, 0x95, 0x77, 0x00, 0x05, 0x00, 0x00, 0x00, 0x00, 0x00, 0x00,
        0xDD, 0xAB, 0x00, 0x30, 0x09, 0xE5, 0x14, 0x73, 0x00, 0x05, 0x00, 0x00,
        0x00, 0x00, 0x00, 0x00, 0x00, 0x05, 0x00, 0x00, 0x00, 0x00, 0x00, 0x00,
        0x00, 0x05, 0x00, 0x00, 0x00, 0x00, 0x00, 0x00, 0x00, 0x05, 0x00, 0x00,
        0x00, 0x00, 0x00, 0x00, 0x00, 0x05, 0x00, 0x00, 0x00, 0x00, 0x00, 0x00,
        0x00, 0x05, 0x00, 0x00, 0x00, 0x00, 0x00, 0x00, 0x00, 0x05, 0x00, 0x00,
        0x00, 0x00, 0x00, 0x00, 0x00, 0x05, 0x00, 0x00, 0x00, 0x00, 0x00, 0x00,
        0x00, 0x05, 0x00, 0x00, 0x00, 0x00, 0x00, 0x00, 0x00, 0x05, 0x00, 0x00,
        0x00, 0x00, 0x00, 0x00, 0x00, 0x05, 0x00, 0x00, 0x00, 0x00, 0x00, 0x00,
        0x00, 0x05, 0x00, 0x00, 0x00, 0x00, 0x00, 0x00, 0x00, 0x05, 0x00, 0x00,
        0x00, 0x00, 0x00, 0x00, 0x00, 0x05, 0x00, 0x00, 0x00, 0x00, 0x00, 0x00,
        0x00, 0x05, 0x00, 0x00, 0x00, 0x00, 0x00, 0x00, 0x00, 0x05, 0x00, 0x00,
        0x00, 0x00, 0x00, 0x00, 0x00, 0x05, 0x00, 0x00, 0x00, 0x00, 0x00, 0x00,
        0x00, 0x05, 0x00, 0x00, 0x00, 0x00, 0x00, 0x00, 0x00, 0x05, 0x00, 0x00,
        0x00, 0x00, 0x00, 0x00, 0x00, 0x05, 0x00, 0x00, 0x00, 0x00, 0x00, 0x00,
        0x00, 0x05, 0x00, 0x00, 0x00, 0x00, 0x00, 0x00, 0x00, 0x05, 0x00, 0x00,
        0x00, 0x00, 0x00, 0x00, 0x00, 0x05, 0x00, 0x00, 0x00, 0x00, 0x00, 0x00,
        0x00, 0x05, 0x00, 0x00, 0x00, 0x00, 0x00, 0x00, 0x00, 0x05, 0x00, 0x00,
        0x00, 0x00, 0x00, 0x00, 0x00, 0x05, 0x00, 0x00, 0x00, 0x00, 0x00, 0x00,
        0x00, 0x05, 0x00, 0x00, 0x00, 0x00, 0x00, 0x00, 0x00, 0x05, 0x00, 0x00,
        0x00, 0x00, 0x00, 0x00, 0x00, 0x05, 0x00, 0x00, 0x00, 0x00, 0x00, 0x00,
        0xDC, 0x2F, 0x98, 0x03, 0xF5, 0x10, 0x0D, 0xAD, 0x02, 0x0C, 0xB6, 0x62,
        0x1B, 0xB6, 0x6D, 0xDB, 0x04, 0x4E, 0x82, 0x3D, 0xC1, 0x9D, 0x10, 0x4E,
        0x00, 0x05, 0x00, 0x00, 0x00, 0x00, 0x00, 0x00, 0x00, 0x05, 0x00, 0x00,
        0x00, 0x00, 0x00, 0x00, 0x00, 0x05, 0x00, 0x00, 0x00, 0x00, 0x00, 0x00,
        0x00, 0x05, 0x00, 0x00, 0x00, 0x00, 0x00, 0x00, 0x1D, 0x00, 0x4A, 0xA2,
        0x24, 0x78, 0x02, 0x27, 0x8F, 0x00, 0xF9, 0x90, 0x54, 0x89, 0x97, 0x98,
        0x00, 0x05, 0x00, 0x00, 0x00, 0x00, 0x00, 0x00, 0xCB, 0x70, 0x93, 0xD0,
        0x49, 0xEF, 0x16, 0x73, 0x00, 0x05, 0x00, 0x00, 0x00, 0x00, 0x00, 0x00,
        0x00, 0x05, 0x00, 0x00, 0x00, 0x00, 0x00, 0x00, 0x00, 0x05, 0x00, 0x00,
        0x00, 0x00, 0x00, 0x00, 0x00, 0x05, 0x00, 0x00, 0x00, 0x00, 0x00, 0x00,
        0x00, 0x05, 0x00, 0x00, 0x00, 0x00, 0x00, 0x00, 0x00, 0x05, 0x00, 0x00,
        0x00, 0x00, 0x00, 0x00, 0x00, 0x05, 0x00, 0x00, 0x00, 0x00, 0x00, 0x00,
        0x00, 0x05, 0x00, 0x00, 0x00, 0x00, 0x00, 0x00, 0x00, 0x05, 0x00, 0x00,
        0x00, 0x00, 0x00, 0x00, 0x00, 0x05, 0x00, 0x00, 0x00, 0x00, 0x00, 0x00,
        0x00, 0x05, 0x00, 0x00, 0x00, 0x00, 0x00, 0x00, 0x00, 0x05, 0x00, 0x00,
        0x00, 0x00, 0x00, 0x00, 0x00, 0x05, 0x00, 0x00, 0x00, 0x00, 0x00, 0x00,
        0x00, 0x05, 0x00, 0x00, 0x00, 0x00, 0x00, 0x00, 0x00, 0x05, 0x00, 0x00,
        0x00, 0x00, 0x00, 0x00, 0x00, 0x05, 0x00, 0x00, 0x00, 0x00, 0x00, 0x00,
        0x00, 0x05, 0x00, 0x00, 0x00, 0x00, 0x00, 0x00, 0x00, 0x05, 0x00, 0x00,
        0x00, 0x00, 0x00, 0x00, 0x00, 0x05, 0x00, 0x00, 0x00, 0x00, 0x00, 0x00,
        0x00, 0x05, 0x00, 0x00, 0x00, 0x00, 0x00, 0x00, 0x00, 0x05, 0x00, 0x00,
        0x00, 0x00, 0x00, 0x00, 0x00, 0x05, 0x00, 0x00, 0x00, 0x00, 0x00, 0x00,
        0x00, 0x05, 0x00, 0x00, 0x00, 0x00, 0x00, 0x00, 0x00, 0x05, 0x00, 0x00,
        0x00, 0x00, 0x00, 0x00, 0x00, 0x05, 0x00, 0x00, 0x00, 0x00, 0x00, 0x00,
        0x00, 0x05, 0x00, 0x00, 0x00, 0x00, 0x00, 0x00, 0x00, 0x05, 0x00, 0x00,
        0x00, 0x00, 0x00, 0x00, 0x00, 0x05, 0x00, 0x00, 0x00, 0x00, 0x00, 0x00,
        0x00, 0x05, 0x00, 0x00, 0x00, 0x00, 0x00, 0x00, 0xDD, 0x49, 0x98, 0x03,
        0xF5, 0x10, 0x0D, 0xAD, 0x02, 0x07, 0xB6, 0x61, 0xDB, 0xB6, 0x6D, 0xDB,
        0x5F, 0x00, 0x7D, 0xC2, 0xFE, 0xA2, 0x8F, 0xD5, 0x00, 0x05, 0x00, 0x00,
        0x00, 0x00, 0x00, 0x00, 0x00, 0x05, 0x00, 0x00, 0x00, 0x00, 0x00, 0x00,
        0x00, 0x05, 0x00, 0x00, 0x00, 0x00, 0x00, 0x00, 0x00, 0x05, 0x00, 0x00,
        0x00, 0x00, 0x00, 0x00, 0x1D, 0x00, 0x4A, 0x82, 0x27, 0x70, 0x02, 0x26,
        0x76, 0x00, 0x09, 0x91, 0x54, 0x89, 0x97, 0x9C, 0x00, 0x05, 0x00, 0x00,
        0x00, 0x00, 0x00, 0x00, 0xC1, 0x5F, 0x9C, 0x60, 0x4E, 0x2F, 0x17, 0x77,
        0x00, 0x05, 0x00, 0x00, 0x00, 0x00, 0x00, 0x00, 0x00, 0x05, 0x00, 0x00,
        0x00, 0x00, 0x00, 0x00, 0x00, 0x05, 0x00, 0x00, 0x00, 0x00, 0x00, 0x00,
        0x00, 0x05, 0x00, 0x00, 0x00, 0x00, 0x00, 0x00, 0x00, 0x05, 0x00, 0x00,
        0x00, 0x00, 0x00, 0x00, 0x00, 0x05, 0x00, 0x00, 0x00, 0x00, 0x00, 0x00,
        0x00, 0x05, 0x00, 0x00, 0x00, 0x00, 0x00, 0x00, 0x00, 0x05, 0x00, 0x00,
        0x00, 0x00, 0x00, 0x00, 0x00, 0x05, 0x00, 0x00, 0x00, 0x00, 0x00, 0x00,
        0x00, 0x05, 0x00, 0x00, 0x00, 0x00, 0x00, 0x00, 0x00, 0x05, 0x00, 0x00,
        0x00, 0x00, 0x00, 0x00, 0x00, 0x05, 0x00, 0x00, 0x00, 0x00, 0x00, 0x00,
        0x00, 0x05, 0x00, 0x00, 0x00, 0x00, 0x00, 0x00, 0x00, 0x05, 0x00, 0x00,
        0x00, 0x00, 0x00, 0x00, 0x00, 0x05, 0x00, 0x00, 0x00, 0x00, 0x00, 0x00,
        0x00, 0x05, 0x00, 0x00, 0x00, 0x00, 0x00, 0x00, 0x00, 0x05, 0x00, 0x00,
        0x00, 0x00, 0x00, 0x00, 0x00, 0x05, 0x00, 0x00, 0x00, 0x00, 0x00, 0x00,
        0x00, 0x05, 0x00, 0x00, 0x00, 0x00, 0x00, 0x00, 0x00, 0x05, 0x00, 0x00,
        0x00, 0x00, 0x00, 0x00, 0x00, 0x05, 0x00, 0x00, 0x00, 0x00, 0x00, 0x00,
        0x00, 0x05, 0x00, 0x00, 0x00, 0x00, 0x00, 0x00, 0x00, 0x05, 0x00, 0x00,
        0x00, 0x00, 0x00, 0x00, 0x00, 0x05, 0x00, 0x00, 0x00, 0x00, 0x00, 0x00,
        0x00, 0x05, 0x00, 0x00, 0x00, 0x00, 0x00, 0x00, 0x00, 0x05, 0x00, 0x00,
        0x00, 0x00, 0x00, 0x00, 0x00, 0x05, 0x00, 0x00, 0x00, 0x00, 0x00, 0x00,
        0x00, 0x05, 0x00, 0x00, 0x00, 0x00, 0x00, 0x00, 0x00, 0x05, 0x00, 0x00,
        0x00, 0x00, 0x00, 0x00, 0xDE, 0x82, 0x50, 0x03, 0xF1, 0x10, 0x0D, 0xAD,
        0x00, 0x05, 0x00, 0x00, 0x00, 0x00, 0x00, 0x00, 0x86, 0x1F, 0xF4, 0xB3,
        0xFA, 0x62, 0x8D, 0xD1, 0x00, 0x05, 0x00, 0x00, 0x00, 0x00, 0x00, 0x00,
        0x00, 0x05, 0x00, 0x00, 0x00, 0x00, 0x00, 0x00, 0x00, 0x05, 0x00, 0x00,
        0x00, 0x00, 0x00, 0x00, 0x00, 0x05, 0x00, 0x00, 0x00, 0x00, 0x00, 0x00,
        0x1E, 0x00, 0x60, 0x02, 0x26, 0x58, 0x82, 0x25, 0x04, 0x3C, 0xB6, 0x62,
        0xAB, 0x36, 0x68, 0x7B, 0x00, 0x05, 0x00, 0x00, 0x00, 0x00, 0x00, 0x00,
        0xA0, 0x38, 0x9D, 0x60, 0x4E, 0x2F, 0x17, 0x77, 0x00, 0x05, 0x00, 0x00,
        0x00, 0x00, 0x00, 0x00, 0x00, 0x05, 0x00, 0x00, 0x00, 0x00, 0x00, 0x00,
        0x00, 0x05, 0x00, 0x00, 0x00, 0x00, 0x00, 0x00, 0x00, 0x05, 0x00, 0x00,
        0x00, 0x00, 0x00, 0x00, 0x00, 0x05, 0x00, 0x00, 0x00, 0x00, 0x00, 0x00,
        0x00, 0x05, 0x00, 0x00, 0x00, 0x00, 0x00, 0x00, 0x00, 0x05, 0x00, 0x00,
        0x00, 0x00, 0x00, 0x00, 0x00, 0x05, 0x00, 0x00, 0x00, 0x00, 0x00, 0x00,
        0x00, 0x05, 0x00, 0x00, 0x00, 0x00, 0x00, 0x00, 0x00, 0x05, 0x00, 0x00,
        0x00, 0x00, 0x00, 0x00, 0x00, 0x05, 0x00, 0x00, 0x00, 0x00, 0x00, 0x00,
        0x00, 0x05, 0x00, 0x00, 0x00, 0x00, 0x00, 0x00, 0x00, 0x05, 0x00, 0x00,
        0x00, 0x00, 0x00, 0x00, 0x00, 0x05, 0x00, 0x00, 0x00, 0x00, 0x00, 0x00,
        0x00, 0x05, 0x00, 0x00, 0x00, 0x00, 0x00, 0x00, 0x00, 0x05, 0x00, 0x00,
        0x00, 0x00, 0x00, 0x00, 0x00, 0x05, 0x00, 0x00, 0x00, 0x00, 0x00, 0x00,
        0x00, 0x05, 0x00, 0x00, 0x00, 0x00, 0x00, 0x00, 0x00, 0x05, 0x00, 0x00,
        0x00, 0x00, 0x00, 0x00, 0x00, 0x05, 0x00, 0x00, 0x00, 0x00, 0x00, 0x00,
        0x00, 0x05, 0x00, 0x00, 0x00, 0x00, 0x00, 0x00, 0x00, 0x05, 0x00, 0x00,
        0x00, 0x00, 0x00, 0x00, 0x00, 0x05, 0x00, 0x00, 0x00, 0x00, 0x00, 0x00,
        0x00, 0x05, 0x00, 0x00, 0x00, 0x00, 0x00, 0x00, 0x00, 0x05, 0x00, 0x00,
        0x00, 0x00, 0x00, 0x00, 0x00, 0x05, 0x00, 0x00, 0x00, 0x00, 0x00, 0x00,
        0x00, 0x05, 0x00, 0x00, 0x00, 0x00, 0x00, 0x00, 0x00, 0x05, 0x00, 0x00,
        0x00, 0x00, 0x00, 0x00, 0x00, 0x05, 0x00, 0x00, 0x00, 0x00, 0x00, 0x00,
        0xDE, 0x90, 0x50, 0x03, 0xF1, 0x10, 0x0D, 0xCD, 0x00, 0x05, 0x00, 0x00,
        0x00, 0x00, 0x00, 0x00, 0x90, 0x2A, 0xEB, 0x23, 0xFA, 0x62, 0x8D, 0xD1,
        0x00, 0x05, 0x00, 0x00, 0x00, 0x00, 0x00, 0x00, 0x00, 0x05, 0x00, 0x00,
        0x00, 0x00, 0x00, 0x00, 0x00, 0x05, 0x00, 0x00, 0x00, 0x00, 0x00, 0x00,
        0x00, 0x05, 0x00, 0x00, 0x00, 0x00, 0x00, 0x00, 0x1E, 0x00, 0x60, 0x82,
        0x25, 0x58, 0x02, 0x3D, 0x04, 0x2F, 0xB6, 0x62, 0xA3, 0xB6, 0x69, 0x7B,
        0x00, 0x05, 0x00, 0x00, 0x00, 0x00, 0x00, 0x00, 0x94, 0x2E, 0xA6, 0xF0,
        0x4E, 0x2F, 0x17, 0x77, 0x00, 0x05, 0x00, 0x00, 0x00, 0x00, 0x00, 0x00,
        0x00, 0x05, 0x00, 0x00, 0x00, 0x00, 0x00, 0x00, 0x00, 0x05, 0x00, 0x00,
        0x00, 0x00, 0x00, 0x00, 0x00, 0x05, 0x00, 0x00, 0x00, 0x00, 0x00, 0x00,
        0x00, 0x05, 0x00, 0x00, 0x00, 0x00, 0x00, 0x00, 0x00, 0x05, 0x00, 0x00,
        0x00, 0x00, 0x00, 0x00, 0x00, 0x05, 0x00, 0x00, 0x00, 0x00, 0x00, 0x00,
        0x00, 0x05, 0x00, 0x00, 0x00, 0x00, 0x00, 0x00, 0x00, 0x05, 0x00, 0x00,
        0x00, 0x00, 0x00, 0x00, 0x00, 0x05, 0x00, 0x00, 0x00, 0x00, 0x00, 0x00,
        0x00, 0x05, 0x00, 0x00, 0x00, 0x00, 0x00, 0x00, 0x00, 0x05, 0x00, 0x00,
        0x00, 0x00, 0x00, 0x00, 0x00, 0x05, 0x00, 0x00, 0x00, 0x00, 0x00, 0x00,
        0x00, 0x05, 0x00, 0x00, 0x00, 0x00, 0x00, 0x00, 0x00, 0x05, 0x00, 0x00,
        0x00, 0x00, 0x00, 0x00, 0x00, 0x05, 0x00, 0x00, 0x00, 0x00, 0x00, 0x00,
        0x00, 0x05, 0x00, 0x00, 0x00, 0x00, 0x00, 0x00, 0x00, 0x05, 0x00, 0x00,
        0x00, 0x00, 0x00, 0x00, 0x00, 0x05, 0x00, 0x00, 0x00, 0x00, 0x00, 0x00,
        0x00, 0x05, 0x00, 0x00, 0x00, 0x00, 0x00, 0x00, 0x00, 0x05, 0x00, 0x00,
        0x00, 0x00, 0x00, 0x00, 0x00, 0x05, 0x00, 0x00, 0x00, 0x00, 0x00, 0x00,
        0x00, 0x05, 0x00, 0x00, 0x00, 0x00, 0x00, 0x00, 0x00, 0x05, 0x00, 0x00,
        0x00, 0x00, 0x00, 0x00, 0x00, 0x05, 0x00, 0x00, 0x00, 0x00, 0x00, 0x00,
        0x00, 0x05, 0x00, 0x00, 0x00, 0x00, 0x00, 0x00, 0x00, 0x05, 0x00, 0x00,
        0x00, 0x00, 0x00, 0x00, 0x00, 0x05, 0x00, 0x00, 0x00, 0x00, 0x00, 0x00,
        0x00, 0x05, 0x00, 0x00, 0x00, 0x00, 0x00, 0x00, 0xDE, 0xAB, 0x50, 0x03,
        0xF1, 0x10, 0x0D, 0xCC, 0x00, 0x05, 0x00, 0x00, 0x00, 0x00, 0x00, 0x00,
        0xA6, 0x4C, 0xAB, 0x23, 0xFA, 0x58, 0x8D, 0xD1, 0x00, 0x05, 0x00, 0x00,
        0x00, 0x00, 0x00, 0x00, 0x00, 0x05, 0x00, 0x00, 0x00, 0x00, 0x00, 0x00,
        0x00, 0x05, 0x00, 0x00, 0x00, 0x00, 0x00, 0x00, 0x00, 0x05, 0x00, 0x00,
        0x00, 0x00, 0x00, 0x00, 0x05, 0x1F, 0x29, 0x9C, 0xCA, 0xA9, 0x9C, 0xCE,
        0x13, 0x00, 0x49, 0x90, 0x64, 0x49, 0x9A, 0xE4, 0x00, 0x05, 0x00, 0x00,
        0x00, 0x00, 0x00, 0x00, 0x73, 0x18, 0xE6, 0xF0, 0x4E, 0x37, 0x17, 0x77,
        0x00, 0x05, 0x00, 0x00, 0x00, 0x00, 0x00, 0x00, 0x00, 0x05, 0x00, 0x00,
        0x00, 0x00, 0x00, 0x00, 0x00, 0x05, 0x00, 0x00, 0x00, 0x00, 0x00, 0x00,
        0x00, 0x05, 0x00, 0x00, 0x00, 0x00, 0x00, 0x00, 0x00, 0x05, 0x00, 0x00,
        0x00, 0x00, 0x00, 0x00, 0x00, 0x05, 0x00, 0x00, 0x00, 0x00, 0x00, 0x00,
        0x00, 0x05, 0x00, 0x00, 0x00, 0x00, 0x00, 0x00, 0x00, 0x05, 0x00, 0x00,
        0x00, 0x00, 0x00, 0x00, 0x00, 0x05, 0x00, 0x00, 0x00, 0x00, 0x00, 0x00,
        0x00, 0x05, 0x00, 0x00, 0x00, 0x00, 0x00, 0x00, 0x00, 0x05, 0x00, 0x00,
        0x00, 0x00, 0x00, 0x00, 0x00, 0x05, 0x00, 0x00, 0x00, 0x00, 0x00, 0x00,
        0x00, 0x05, 0x00, 0x00, 0x00, 0x00, 0x00, 0x00, 0x00, 0x05, 0x00, 0x00,
        0x00, 0x00, 0x00, 0x00, 0x00, 0x05, 0x00, 0x00, 0x00, 0x00, 0x00, 0x00,
        0x00, 0x05, 0x00, 0x00, 0x00, 0x00, 0x00, 0x00, 0x00, 0x05, 0x00, 0x00,
        0x00, 0x00, 0x00, 0x00, 0x00, 0x05, 0x00, 0x00, 0x00, 0x00, 0x00, 0x00,
        0x00, 0x05, 0x00, 0x00, 0x00, 0x00, 0x00, 0x00, 0x00, 0x05, 0x00, 0x00,
        0x00, 0x00, 0x00, 0x00, 0x00, 0x05, 0x00, 0x00, 0x00, 0x00, 0x00, 0x00,
        0x00, 0x05, 0x00, 0x00, 0x00, 0x00, 0x00, 0x00, 0x00, 0x05, 0x00, 0x00,
        0x00, 0x00, 0x00, 0x00, 0x00, 0x05, 0x00, 0x00, 0x00, 0x00, 0x00, 0x00,
        0x00, 0x05, 0x00, 0x00, 0x00, 0x00, 0x00, 0x00, 0x00, 0x05, 0x00, 0x00,
        0x00, 0x00, 0x00, 0x00, 0x00, 0x05, 0x00, 0x00, 0x00, 0x00, 0x00, 0x00,
        0x00, 0x05, 0x00, 0x00, 0x00, 0x00, 0x00, 0x00, 0x00, 0x05, 0x00, 0x00,
        0x00, 0x00, 0x00, 0x00, 0xB1, 0xDE, 0x29, 0x91, 0x52, 0x09, 0x65, 0xDB,
        0x00, 0x05, 0x00, 0x00, 0x00, 0x00, 0x00, 0x00, 0x56, 0xA6, 0xA5, 0x10,
        0x4E, 0xE9, 0x64, 0xDB, 0x00, 0x05, 0x00, 0x00, 0x00, 0x00, 0x00, 0x00,
        0x00, 0x05, 0x00, 0x00, 0x00, 0x00, 0x00, 0x00, 0x00, 0x05, 0x00, 0x00,
        0x00, 0x00, 0x00, 0x00, 0x00, 0x05, 0x00, 0x00, 0x00, 0x00, 0x00, 0x00,
        0x09, 0x1F, 0x29, 0x9C, 0xCA, 0xA9, 0x6C, 0xDB, 0x03, 0x0D, 0xB6, 0x63,
        0x7B, 0xB6, 0x61, 0xDB, 0x00, 0x05, 0x00, 0x00, 0x00, 0x00, 0x00, 0x00,
        0x18, 0x69, 0x5A, 0x83, 0xB1, 0x10, 0x6B, 0xDB, 0x00, 0x05, 0x00, 0x00,
        0x00, 0x00, 0x00, 0x00, 0x00, 0x05, 0x00, 0x00, 0x00, 0x00, 0x00, 0x00,
        0x00, 0x05, 0x00, 0x00, 0x00, 0x00, 0x00, 0x00, 0x00, 0x05, 0x00, 0x00,
        0x00, 0x00, 0x00, 0x00, 0x00, 0x05, 0x00, 0x00, 0x00, 0x00, 0x00, 0x00,
        0x00, 0x05, 0x00, 0x00, 0x00, 0x00, 0x00, 0x00, 0x00, 0x05, 0x00, 0x00,
        0x00, 0x00, 0x00, 0x00, 0x00, 0x05, 0x00, 0x00, 0x00, 0x00, 0x00, 0x00,
        0x00, 0x05, 0x00, 0x00, 0x00, 0x00, 0x00, 0x00, 0x00, 0x05, 0x00, 0x00,
        0x00, 0x00, 0x00, 0x00, 0x00, 0x05, 0x00, 0x00, 0x00, 0x00, 0x00, 0x00,
        0x00, 0x05, 0x00, 0x00, 0x00, 0x00, 0x00, 0x00, 0x00, 0x05, 0x00, 0x00,
        0x00, 0x00, 0x00, 0x00, 0x00, 0x05, 0x00, 0x00, 0x00, 0x00, 0x00, 0x00,
        0x00, 0x05, 0x00, 0x00, 0x00, 0x00, 0x00, 0x00, 0x00, 0x05, 0x00, 0x00,
        0x00, 0x00, 0x00, 0x00, 0x00, 0x05, 0x00, 0x00, 0x00, 0x00, 0x00, 0x00,
        0x00, 0x05, 0x00, 0x00, 0x00, 0x00, 0x00, 0x00, 0x00, 0x05, 0x00, 0x00,
        0x00, 0x00, 0x00, 0x00, 0x00, 0x05, 0x00, 0x00, 0x00, 0x00, 0x00, 0x00,
        0x00, 0x05, 0x00, 0x00, 0x00, 0x00, 0x00, 0x00, 0x00, 0x05, 0x00, 0x00,
        0x00, 0x00, 0x00, 0x00, 0x00, 0x05, 0x00, 0x00, 0x00, 0x00, 0x00, 0x00,
        0x00, 0x05, 0x00, 0x00, 0x00, 0x00, 0x00, 0x00
    };
}